"../../../Engine/Plugins/2D/Paper2D/Content/PlaceholderTextures/DummySpriteTexture.ubulk" 0
"../../../Engine/Plugins/2D/Paper2D/Content/PlaceholderTextures/DummySpriteTexture.uasset" 1
"../../../Engine/Plugins/2D/Paper2D/Content/PlaceholderTextures/DummySpriteTexture.uexp" 2
"../../../Engine/Plugins/2D/Paper2D/Content/DummySprite.uasset" 3
"../../../Engine/Plugins/2D/Paper2D/Content/DummySprite.uexp" 4
"../../../Engine/Plugins/2D/Paper2D/Content/DefaultPaperTerrainMaterial.uasset" 5
"../../../Engine/Plugins/2D/Paper2D/Content/DefaultPaperTerrainMaterial.uexp" 6
"../../../Engine/Plugins/Animation/ACLPlugin/Content/ACLAnimBoneCompressionSettings.uasset" 7
"../../../Engine/Plugins/Animation/ACLPlugin/Content/ACLAnimBoneCompressionSettings.uexp" 8
"../../../Engine/Content/EngineMaterials/DefaultDestructiblePhysicalMaterial.uasset" 9
"../../../Engine/Content/EngineMaterials/DefaultDestructiblePhysicalMaterial.uexp" 10
"../../../Engine/Content/EngineFonts/Faces/DroidSansFallback.uexp" 11
"../../../Engine/Content/EngineFonts/Faces/DroidSansFallback.uasset" 12
"../../../Engine/Content/EngineFonts/Faces/DroidSansFallback.ufont" 13
"../../../Engine/Content/EngineFonts/Faces/DroidSansMono.uexp" 14
"../../../Engine/Content/EngineFonts/Faces/DroidSansMono.uasset" 15
"../../../Engine/Content/EngineFonts/Faces/DroidSansMono.ufont" 16
"../../../Engine/Content/EngineFonts/DroidSansMono.uasset" 17
"../../../Engine/Content/EngineFonts/DroidSansMono.uexp" 18
"../../../Engine/Plugins/Experimental/Water/Content/Waves/GerstnerWaves_Ocean.uasset" 19
"../../../Engine/Plugins/Experimental/Water/Content/Waves/GerstnerWaves_Ocean.uexp" 20
"../../../Engine/Content/MobileResources/HUD/VirtualJoystick_Thumb.uasset" 21
"../../../Engine/Content/MobileResources/HUD/VirtualJoystick_Thumb.uexp" 22
"../../../Engine/Content/MobileResources/HUD/VirtualJoystick_Background.uasset" 23
"../../../Engine/Content/MobileResources/HUD/VirtualJoystick_Background.uexp" 24
"../../../Engine/Content/MobileResources/HUD/DefaultVirtualJoysticks.uasset" 25
"../../../Engine/Content/MobileResources/HUD/DefaultVirtualJoysticks.uexp" 26
"../../../Engine/Content/EngineResources/GradientTexture0.uasset" 27
"../../../Engine/Content/EngineResources/GradientTexture0.uexp" 28
"../../../Engine/Content/EditorResources/S_Actor.ubulk" 29
"../../../Engine/Content/EditorResources/S_Actor.uasset" 30
"../../../Engine/Content/EditorResources/S_Actor.uexp" 31
"../../../Engine/Content/EditorResources/S_TriggerSphere.uasset" 32
"../../../Engine/Content/EditorResources/S_TriggerSphere.uexp" 33
"../../../Engine/Content/EditorResources/S_TriggerCapsule.uasset" 34
"../../../Engine/Content/EditorResources/S_TriggerCapsule.uexp" 35
"../../../Engine/Content/EditorResources/S_TriggerBox.uasset" 36
"../../../Engine/Content/EditorResources/S_TriggerBox.uexp" 37
"../../../Engine/Content/EditorResources/S_Trigger.ubulk" 38
"../../../Engine/Content/EditorResources/S_Trigger.uasset" 39
"../../../Engine/Content/EditorResources/S_Trigger.uexp" 40
"../../../Engine/Content/EditorResources/S_Solver.ubulk" 41
"../../../Engine/Content/EditorResources/S_Solver.uasset" 42
"../../../Engine/Content/EditorResources/S_Solver.uexp" 43
"../../../Engine/Content/EditorResources/S_BoxReflectionCapture.uasset" 44
"../../../Engine/Content/EditorResources/S_BoxReflectionCapture.uexp" 45
"../../../Engine/Content/EditorResources/BSPVertex.uasset" 46
"../../../Engine/Content/EditorResources/BSPVertex.uexp" 47
"../../../Engine/Content/EngineMaterials/PreintegratedSkinBRDF.uasset" 48
"../../../Engine/Content/EngineMaterials/PreintegratedSkinBRDF.uexp" 49
"../../../Engine/Content/EngineMaterials/MiniFont.uasset" 50
"../../../Engine/Content/EngineMaterials/MiniFont.uexp" 51
"../../../Engine/Content/EngineMaterials/FastBlueNoise_vec2_128x128x64.uasset" 52
"../../../Engine/Content/EngineMaterials/FastBlueNoise_vec2_128x128x64.uexp" 53
"../../../Engine/Content/EngineMaterials/FastBlueNoise_scalar_128x128x8.uasset" 54
"../../../Engine/Content/EngineMaterials/FastBlueNoise_scalar_128x128x8.uexp" 55
"../../../Engine/Content/EngineMaterials/FastBlueNoise_scalar_128x128x64.uasset" 56
"../../../Engine/Content/EngineMaterials/FastBlueNoise_scalar_128x128x64.uexp" 57
"../../../Engine/Content/EngineMaterials/DefaultBokeh.uasset" 58
"../../../Engine/Content/EngineMaterials/DefaultBokeh.uexp" 59
"../../../Engine/Content/EngineMaterials/DefaultBloomKernel.uasset" 60
"../../../Engine/Content/EngineMaterials/DefaultBloomKernel.uexp" 61
"../../../Engine/Content/EngineDamageTypes/DmgTypeBP_Environmental.uasset" 62
"../../../Engine/Content/EngineDamageTypes/DmgTypeBP_Environmental.uexp" 63
"../../../Engine/Plugins/Runtime/HDRIBackdrop/Content/Textures/approaching_storm_4k.uasset" 64
"../../../Engine/Plugins/Runtime/HDRIBackdrop/Content/Textures/approaching_storm_4k.uexp" 65
"../../../Engine/Content/Functions/Engine_MaterialFunctions01/Opacity/CameraDepthFade.uasset" 66
"../../../Engine/Content/Functions/Engine_MaterialFunctions01/Opacity/CameraDepthFade.uexp" 67
"../../../Engine/Content/EngineMaterials/T_Default_Material_Grid_M.ubulk" 68
"../../../Engine/Content/EngineMaterials/T_Default_Material_Grid_M.uasset" 69
"../../../Engine/Content/EngineMaterials/T_Default_Material_Grid_M.uexp" 70
"../../../Engine/Content/EngineMaterials/T_Default_Material_Grid_N.ubulk" 71
"../../../Engine/Content/EngineMaterials/T_Default_Material_Grid_N.uasset" 72
"../../../Engine/Content/EngineMaterials/T_Default_Material_Grid_N.uexp" 73
"../../../Engine/Content/EngineMaterials/WorldGridMaterial.uasset" 74
"../../../Engine/Content/EngineMaterials/WorldGridMaterial.uexp" 75
"../../../Engine/Plugins/Runtime/HDRIBackdrop/Content/Meshes/EnviroDome.uasset" 76
"../../../Engine/Plugins/Runtime/HDRIBackdrop/Content/Meshes/EnviroDome.uexp" 77
"../../../Engine/Content/Functions/Engine_MaterialFunctions02/Utility/VectorLength.uasset" 78
"../../../Engine/Content/Functions/Engine_MaterialFunctions02/Utility/VectorLength.uexp" 79
"../../../Engine/Content/EngineResources/DefaultTextureCube.uasset" 80
"../../../Engine/Content/EngineResources/DefaultTextureCube.uexp" 81
"../../../Engine/Content/Functions/Engine_MaterialFunctions02/WorldPositionOffset/ObjectPivotPoint.uasset" 82
"../../../Engine/Content/Functions/Engine_MaterialFunctions02/WorldPositionOffset/ObjectPivotPoint.uexp" 83
"../../../Engine/Plugins/Runtime/HDRIBackdrop/Content/Materials/HDRI_Attributes.uasset" 84
"../../../Engine/Plugins/Runtime/HDRIBackdrop/Content/Materials/HDRI_Attributes.uexp" 85
"../../../Engine/Plugins/Runtime/HDRIBackdrop/Content/Materials/HDRI_Projection_Sky.uasset" 86
"../../../Engine/Plugins/Runtime/HDRIBackdrop/Content/Materials/HDRI_Projection_Sky.uexp" 87
"../../../Engine/Plugins/Runtime/HDRIBackdrop/Content/Materials/MI_HDRI_Sky.uasset" 88
"../../../Engine/Plugins/Runtime/HDRIBackdrop/Content/Materials/MI_HDRI_Sky.uexp" 89
"../../../Engine/Plugins/Runtime/HDRIBackdrop/Content/Materials/HDRI_Projection_Floor.uasset" 90
"../../../Engine/Plugins/Runtime/HDRIBackdrop/Content/Materials/HDRI_Projection_Floor.uexp" 91
"../../../Engine/Plugins/Runtime/HDRIBackdrop/Content/Materials/MI_HDRI_Floor.uasset" 92
"../../../Engine/Plugins/Runtime/HDRIBackdrop/Content/Materials/MI_HDRI_Floor.uexp" 93
"../../../Engine/Plugins/Runtime/HDRIBackdrop/Content/Blueprints/HDRIBackdrop.uasset" 94
"../../../Engine/Plugins/Runtime/HDRIBackdrop/Content/Blueprints/HDRIBackdrop.uexp" 95
"../../../Engine/Plugins/Runtime/AudioWidgets/Content/Resources/ScrubHandleDown_Clamped.uasset" 96
"../../../Engine/Plugins/Runtime/AudioWidgets/Content/Resources/ScrubHandleDown_Clamped.uexp" 97
"../../../Engine/Plugins/Interchange/Assets/Content/Functions/MX_UsdPreviewSurface.uasset" 98
"../../../Engine/Plugins/Interchange/Assets/Content/Functions/MX_UsdPreviewSurface.uexp" 99
"../../../Engine/Plugins/Interchange/Assets/Content/Functions/MX_UniformEDF.uasset" 100
"../../../Engine/Plugins/Interchange/Assets/Content/Functions/MX_UniformEDF.uexp" 101
"../../../Engine/Plugins/Interchange/Assets/Content/Functions/MX_TranslucentBSDF.uasset" 102
"../../../Engine/Plugins/Interchange/Assets/Content/Functions/MX_TranslucentBSDF.uexp" 103
"../../../Engine/Plugins/Interchange/Assets/Content/Functions/MX_ThinFilmBSDF.uasset" 104
"../../../Engine/Plugins/Interchange/Assets/Content/Functions/MX_ThinFilmBSDF.uexp" 105
"../../../Engine/Plugins/Interchange/Assets/Content/Functions/MX_SurfaceUnlit.uasset" 106
"../../../Engine/Plugins/Interchange/Assets/Content/Functions/MX_SurfaceUnlit.uexp" 107
"../../../Engine/Plugins/Interchange/Assets/Content/Functions/MX_Surface.uasset" 108
"../../../Engine/Plugins/Interchange/Assets/Content/Functions/MX_Surface.uexp" 109
"../../../Engine/Plugins/Interchange/Assets/Content/Functions/MX_SubsurfaceBSDF.uasset" 110
"../../../Engine/Plugins/Interchange/Assets/Content/Functions/MX_SubsurfaceBSDF.uexp" 111
"../../../Engine/Plugins/Interchange/Assets/Content/Functions/MX_SheenBSDF.uasset" 112
"../../../Engine/Plugins/Interchange/Assets/Content/Functions/MX_SheenBSDF.uexp" 113
"../../../Engine/Plugins/Interchange/Assets/Content/Functions/MX_OrenNayarBSDF.uasset" 114
"../../../Engine/Plugins/Interchange/Assets/Content/Functions/MX_OrenNayarBSDF.uexp" 115
"../../../Engine/Plugins/Interchange/Assets/Content/Functions/MF_IridescenceNoLUT.uasset" 116
"../../../Engine/Plugins/Interchange/Assets/Content/Functions/MF_IridescenceNoLUT.uexp" 117
"../../../Engine/Plugins/Interchange/Assets/Content/Functions/MX_StandardSurface.uasset" 118
"../../../Engine/Plugins/Interchange/Assets/Content/Functions/MX_StandardSurface.uexp" 119
"../../../Engine/Plugins/Interchange/Assets/Content/Functions/MX_TransmissionSurface.uasset" 120
"../../../Engine/Plugins/Interchange/Assets/Content/Functions/MX_TransmissionSurface.uexp" 121
"../../../Engine/Plugins/Interchange/Assets/Content/Functions/MX_OpenPBR_Translucent.uasset" 122
"../../../Engine/Plugins/Interchange/Assets/Content/Functions/MX_OpenPBR_Translucent.uexp" 123
"../../../Engine/Plugins/Interchange/Assets/Content/Functions/MX_OpenPBR_Opaque.uasset" 124
"../../../Engine/Plugins/Interchange/Assets/Content/Functions/MX_OpenPBR_Opaque.uexp" 125
"../../../Engine/Plugins/Interchange/Assets/Content/Functions/MX_MeasuredEDF.uasset" 126
"../../../Engine/Plugins/Interchange/Assets/Content/Functions/MX_MeasuredEDF.uexp" 127
"../../../Engine/Plugins/Interchange/Assets/Content/Functions/MX_GeneralizedSchlickBSDF.uasset" 128
"../../../Engine/Plugins/Interchange/Assets/Content/Functions/MX_GeneralizedSchlickBSDF.uexp" 129
"../../../Engine/Content/Functions/Engine_MaterialFunctions02/Utility/BlendAngleCorrectedNormals.uasset" 130
"../../../Engine/Content/Functions/Engine_MaterialFunctions02/Utility/BlendAngleCorrectedNormals.uexp" 131
"../../../Engine/Plugins/Interchange/Assets/Content/Functions/MX_Displacement.uasset" 132
"../../../Engine/Plugins/Interchange/Assets/Content/Functions/MX_Displacement.uexp" 133
"../../../Engine/Plugins/Interchange/Assets/Content/Functions/MX_DielectricBSDF.uasset" 134
"../../../Engine/Plugins/Interchange/Assets/Content/Functions/MX_DielectricBSDF.uexp" 135
"../../../Engine/Plugins/Interchange/Assets/Content/Functions/MX_ConicalEDF.uasset" 136
"../../../Engine/Plugins/Interchange/Assets/Content/Functions/MX_ConicalEDF.uexp" 137
"../../../Engine/Plugins/Interchange/Assets/Content/Functions/MX_ConductorBSDF.uasset" 138
"../../../Engine/Plugins/Interchange/Assets/Content/Functions/MX_ConductorBSDF.uexp" 139
"../../../Engine/Plugins/Interchange/Assets/Content/Functions/MX_BurleyDiffuseBSDF.uasset" 140
"../../../Engine/Plugins/Interchange/Assets/Content/Functions/MX_BurleyDiffuseBSDF.uexp" 141
"../../../Engine/Plugins/Interchange/Assets/Content/Functions/MX_AnisotropicVDF.uasset" 142
"../../../Engine/Plugins/Interchange/Assets/Content/Functions/MX_AnisotropicVDF.uexp" 143
"../../../Engine/Plugins/Interchange/Assets/Content/Functions/MX_AbsorptionVDF.uasset" 144
"../../../Engine/Plugins/Interchange/Assets/Content/Functions/MX_AbsorptionVDF.uexp" 145
"../../../Engine/Plugins/Experimental/Water/Content/Icons/WaterZoneActorSprite.ubulk" 146
"../../../Engine/Plugins/Experimental/Water/Content/Icons/WaterZoneActorSprite.uasset" 147
"../../../Engine/Plugins/Experimental/Water/Content/Icons/WaterZoneActorSprite.uexp" 148
"../../../Engine/Plugins/Experimental/Water/Content/Icons/WaterSprite.uasset" 149
"../../../Engine/Plugins/Experimental/Water/Content/Icons/WaterSprite.uexp" 150
"../../../Engine/Plugins/Experimental/Water/Content/Icons/WaterLandscapeBrushSprite.ubulk" 151
"../../../Engine/Plugins/Experimental/Water/Content/Icons/WaterLandscapeBrushSprite.uasset" 152
"../../../Engine/Plugins/Experimental/Water/Content/Icons/WaterLandscapeBrushSprite.uexp" 153
"../../../Engine/Plugins/Experimental/Water/Content/Icons/WaterErrorSprite.ubulk" 154
"../../../Engine/Plugins/Experimental/Water/Content/Icons/WaterErrorSprite.uasset" 155
"../../../Engine/Plugins/Experimental/Water/Content/Icons/WaterErrorSprite.uexp" 156
"../../../Engine/Plugins/Experimental/Water/Content/Icons/WaterBodyIslandSprite.uasset" 157
"../../../Engine/Plugins/Experimental/Water/Content/Icons/WaterBodyIslandSprite.uexp" 158
"../../../Engine/Plugins/Experimental/Water/Content/Icons/WaterBodyExclusionVolumeSprite.uasset" 159
"../../../Engine/Plugins/Experimental/Water/Content/Icons/WaterBodyExclusionVolumeSprite.uexp" 160
"../../../Engine/Content/EditorResources/SequenceRecorder/RecordingIndicator.uasset" 161
"../../../Engine/Content/EditorResources/SequenceRecorder/RecordingIndicator.uexp" 162
"../../../Engine/Content/EditorResources/SequenceRecorder/Countdown.uasset" 163
"../../../Engine/Content/EditorResources/SequenceRecorder/Countdown.uexp" 164
"../../../Engine/Content/EditorMaterials/ParticleSystems/PSysThumbnail_OOD.ubulk" 165
"../../../Engine/Content/EditorMaterials/ParticleSystems/PSysThumbnail_OOD.uasset" 166
"../../../Engine/Content/EditorMaterials/ParticleSystems/PSysThumbnail_OOD.uexp" 167
"../../../Engine/Content/EditorMaterials/ParticleSystems/PSysThumbnail_NoImage.ubulk" 168
"../../../Engine/Content/EditorMaterials/ParticleSystems/PSysThumbnail_NoImage.uasset" 169
"../../../Engine/Content/EditorMaterials/ParticleSystems/PSysThumbnail_NoImage.uexp" 170
"../../../Engine/Content/EngineResources/FilmGrains/Marcie_Grain_v3_128_M2_000.uasset" 171
"../../../Engine/Content/EngineResources/FilmGrains/Marcie_Grain_v3_128_M2_000.uexp" 172
"../../../Engine/Content/EngineResources/Development/ZenLogo_64.uasset" 173
"../../../Engine/Content/EngineResources/Development/ZenLogo_64.uexp" 174
"../../../Engine/Content/EngineMaterials/LTC/Sheen_LTC.uasset" 175
"../../../Engine/Content/EngineMaterials/LTC/Sheen_LTC.uexp" 176
"../../../Engine/Content/EngineMaterials/LTC/GGX_LTCMat.uasset" 177
"../../../Engine/Content/EngineMaterials/LTC/GGX_LTCMat.uexp" 178
"../../../Engine/Content/EngineMaterials/LTC/GGX_LTCAmp.uasset" 179
"../../../Engine/Content/EngineMaterials/LTC/GGX_LTCAmp.uexp" 180
"../../../Engine/Content/EngineMaterials/EnergyConservation/Sheen_Energy.uasset" 181
"../../../Engine/Content/EngineMaterials/EnergyConservation/Sheen_Energy.uexp" 182
"../../../Engine/Content/EngineMaterials/EnergyConservation/SheenLegacy_Energy.uasset" 183
"../../../Engine/Content/EngineMaterials/EnergyConservation/SheenLegacy_Energy.uexp" 184
"../../../Engine/Content/EngineMaterials/EnergyConservation/GGX_TransmissionEnergyArray.uasset" 185
"../../../Engine/Content/EngineMaterials/EnergyConservation/GGX_TransmissionEnergyArray.uexp" 186
"../../../Engine/Content/EngineMaterials/EnergyConservation/GGX_ReflectionEnergy.uasset" 187
"../../../Engine/Content/EngineMaterials/EnergyConservation/GGX_ReflectionEnergy.uexp" 188
"../../../Engine/Content/EngineMaterials/EnergyConservation/Diffuse_Energy.uasset" 189
"../../../Engine/Content/EngineMaterials/EnergyConservation/Diffuse_Energy.uexp" 190
"../../../Engine/Content/Functions/Engine_MaterialFunctions01/Shading/PowerToRoughness.uasset" 191
"../../../Engine/Content/Functions/Engine_MaterialFunctions01/Shading/PowerToRoughness.uexp" 192
"../../../Engine/Content/Functions/Engine_MaterialFunctions01/Shading/ConvertFromDiffSpec.uasset" 193
"../../../Engine/Content/Functions/Engine_MaterialFunctions01/Shading/ConvertFromDiffSpec.uexp" 194
"C:/Users/whart/OneDrive/Documents/GitHub/Unreal-Engine-C-/Content/UltraDynamicSky/Textures/Weather/Snow_Normal.ubulk" 195
"C:/Users/whart/OneDrive/Documents/GitHub/Unreal-Engine-C-/Content/UltraDynamicSky/Textures/Weather/Snow_Normal.uasset" 196
"C:/Users/whart/OneDrive/Documents/GitHub/Unreal-Engine-C-/Content/UltraDynamicSky/Textures/Weather/Snow_Normal.uexp" 197
"C:/Users/whart/OneDrive/Documents/GitHub/Unreal-Engine-C-/Content/UltraDynamicSky/Textures/Weather/Frost_Scatter.uasset" 198
"C:/Users/whart/OneDrive/Documents/GitHub/Unreal-Engine-C-/Content/UltraDynamicSky/Textures/Weather/Frost_Scatter.uexp" 199
"C:/Users/whart/OneDrive/Documents/GitHub/Unreal-Engine-C-/Content/UltraDynamicSky/Textures/Sky/Real_Stars.uasset" 200
"C:/Users/whart/OneDrive/Documents/GitHub/Unreal-Engine-C-/Content/UltraDynamicSky/Textures/Sky/Real_Stars.uexp" 201
"C:/Users/whart/OneDrive/Documents/GitHub/Unreal-Engine-C-/Content/UltraDynamicSky/Textures/Clouds/Aurora_Clouds.uasset" 202
"C:/Users/whart/OneDrive/Documents/GitHub/Unreal-Engine-C-/Content/UltraDynamicSky/Textures/Clouds/Aurora_Clouds.uexp" 203
"C:/Users/whart/OneDrive/Documents/GitHub/Unreal-Engine-C-/Content/UltraDynamicSky/Materials/Weather/UltraDynamicWeather_Parameters.uasset" 204
"C:/Users/whart/OneDrive/Documents/GitHub/Unreal-Engine-C-/Content/UltraDynamicSky/Materials/Weather/UltraDynamicWeather_Parameters.uexp" 205
"../../../Engine/Content/Functions/Engine_MaterialFunctions02/WorldPositionOffset/CameraOffset.uasset" 206
"../../../Engine/Content/Functions/Engine_MaterialFunctions02/WorldPositionOffset/CameraOffset.uexp" 207
"../../../Engine/Content/Functions/Engine_MaterialFunctions02/Utility/CameraDirectionVector.uasset" 208
"../../../Engine/Content/Functions/Engine_MaterialFunctions02/Utility/CameraDirectionVector.uexp" 209
"../../../Engine/Content/Functions/Engine_MaterialFunctions02/Utility/DepthFromWorldPosition.uasset" 210
"../../../Engine/Content/Functions/Engine_MaterialFunctions02/Utility/DepthFromWorldPosition.uexp" 211
"C:/Users/whart/OneDrive/Documents/GitHub/Unreal-Engine-C-/Content/UltraDynamicSky/Particles/UDW_WeatherParticle_Parameters.uasset" 212
"C:/Users/whart/OneDrive/Documents/GitHub/Unreal-Engine-C-/Content/UltraDynamicSky/Particles/UDW_WeatherParticle_Parameters.uexp" 213
"../../../Engine/Content/Functions/Engine_MaterialFunctions02/Utility/BreakOutFloat2Components.uasset" 214
"../../../Engine/Content/Functions/Engine_MaterialFunctions02/Utility/BreakOutFloat2Components.uexp" 215
"../../../Engine/Content/Functions/Engine_MaterialFunctions02/ScreenResolution.uasset" 216
"../../../Engine/Content/Functions/Engine_MaterialFunctions02/ScreenResolution.uexp" 217
"../../../Engine/Content/Functions/Engine_MaterialFunctions02/Utility/FOV.uasset" 218
"../../../Engine/Content/Functions/Engine_MaterialFunctions02/Utility/FOV.uexp" 219
"../../../Engine/Content/Functions/Engine_MaterialFunctions02/Math/ManualWorldToScreenUVsTransform.uasset" 220
"../../../Engine/Content/Functions/Engine_MaterialFunctions02/Math/ManualWorldToScreenUVsTransform.uexp" 221
"C:/Users/whart/OneDrive/Documents/GitHub/Unreal-Engine-C-/Content/UltraDynamicSky/Textures/Weather/Splash_Animation.ubulk" 222
"C:/Users/whart/OneDrive/Documents/GitHub/Unreal-Engine-C-/Content/UltraDynamicSky/Textures/Weather/Splash_Animation.uasset" 223
"C:/Users/whart/OneDrive/Documents/GitHub/Unreal-Engine-C-/Content/UltraDynamicSky/Textures/Weather/Splash_Animation.uexp" 224
"C:/Users/whart/OneDrive/Documents/GitHub/Unreal-Engine-C-/Content/UltraDynamicSky/Materials/Material_Functions/RainSplash_Particle_Sprite.uasset" 225
"C:/Users/whart/OneDrive/Documents/GitHub/Unreal-Engine-C-/Content/UltraDynamicSky/Materials/Material_Functions/RainSplash_Particle_Sprite.uexp" 226
"C:/Users/whart/OneDrive/Documents/GitHub/Unreal-Engine-C-/Content/UltraDynamicSky/Materials/Weather/Splash_ParticleMat_Translucent.uasset" 227
"C:/Users/whart/OneDrive/Documents/GitHub/Unreal-Engine-C-/Content/UltraDynamicSky/Materials/Weather/Splash_ParticleMat_Translucent.uexp" 228
"C:/Users/whart/OneDrive/Documents/GitHub/Unreal-Engine-C-/Content/UltraDynamicSky/Textures/Weather/RainSnow_Sheet.ubulk" 229
"C:/Users/whart/OneDrive/Documents/GitHub/Unreal-Engine-C-/Content/UltraDynamicSky/Textures/Weather/RainSnow_Sheet.uasset" 230
"C:/Users/whart/OneDrive/Documents/GitHub/Unreal-Engine-C-/Content/UltraDynamicSky/Textures/Weather/RainSnow_Sheet.uexp" 231
"C:/Users/whart/OneDrive/Documents/GitHub/Unreal-Engine-C-/Content/UltraDynamicSky/Materials/Material_Functions/Rain_Splash_Droplet_Sprite.uasset" 232
"C:/Users/whart/OneDrive/Documents/GitHub/Unreal-Engine-C-/Content/UltraDynamicSky/Materials/Material_Functions/Rain_Splash_Droplet_Sprite.uexp" 233
"C:/Users/whart/OneDrive/Documents/GitHub/Unreal-Engine-C-/Content/UltraDynamicSky/Materials/Weather/Splash_Droplet_Particle_Translucent.uasset" 234
"C:/Users/whart/OneDrive/Documents/GitHub/Unreal-Engine-C-/Content/UltraDynamicSky/Materials/Weather/Splash_Droplet_Particle_Translucent.uexp" 235
"../../../Engine/Content/Functions/Engine_MaterialFunctions01/Coordinates/WorldUnitsInPixel.uasset" 236
"../../../Engine/Content/Functions/Engine_MaterialFunctions01/Coordinates/WorldUnitsInPixel.uexp" 237
"../../../Engine/Content/Functions/Engine_MaterialFunctions01/Coordinates/PixelInWorldUnits.uasset" 238
"../../../Engine/Content/Functions/Engine_MaterialFunctions01/Coordinates/PixelInWorldUnits.uexp" 239
"C:/Users/whart/OneDrive/Documents/GitHub/Unreal-Engine-C-/Content/UltraDynamicSky/Materials/Weather/Weather_Particle_DOF.uasset" 240
"C:/Users/whart/OneDrive/Documents/GitHub/Unreal-Engine-C-/Content/UltraDynamicSky/Materials/Weather/Weather_Particle_DOF.uexp" 241
"C:/Users/whart/OneDrive/Documents/GitHub/Unreal-Engine-C-/Content/UltraDynamicSky/Materials/Weather/WeatherParticle_DepthTest.uasset" 242
"C:/Users/whart/OneDrive/Documents/GitHub/Unreal-Engine-C-/Content/UltraDynamicSky/Materials/Weather/WeatherParticle_DepthTest.uexp" 243
"C:/Users/whart/OneDrive/Documents/GitHub/Unreal-Engine-C-/Content/UltraDynamicSky/Materials/Weather/Limit_Weather_Particle_Ambient.uasset" 244
"C:/Users/whart/OneDrive/Documents/GitHub/Unreal-Engine-C-/Content/UltraDynamicSky/Materials/Weather/Limit_Weather_Particle_Ambient.uexp" 245
"C:/Users/whart/OneDrive/Documents/GitHub/Unreal-Engine-C-/Content/UltraDynamicSky/Materials/Weather/SnowParticle_Attributes.uasset" 246
"C:/Users/whart/OneDrive/Documents/GitHub/Unreal-Engine-C-/Content/UltraDynamicSky/Materials/Weather/SnowParticle_Attributes.uexp" 247
"C:/Users/whart/OneDrive/Documents/GitHub/Unreal-Engine-C-/Content/UltraDynamicSky/Materials/Weather/Snow_ParticleMat_ADOF.uasset" 248
"C:/Users/whart/OneDrive/Documents/GitHub/Unreal-Engine-C-/Content/UltraDynamicSky/Materials/Weather/Snow_ParticleMat_ADOF.uexp" 249
"../../../Engine/Content/EngineMaterials/DefaultNormal.ubulk" 250
"../../../Engine/Content/EngineMaterials/DefaultNormal.uasset" 251
"../../../Engine/Content/EngineMaterials/DefaultNormal.uexp" 252
"C:/Users/whart/OneDrive/Documents/GitHub/Unreal-Engine-C-/Content/UltraDynamicSky/Textures/3D_Clouds/3D_Cells_64.uasset" 253
"C:/Users/whart/OneDrive/Documents/GitHub/Unreal-Engine-C-/Content/UltraDynamicSky/Textures/3D_Clouds/3D_Cells_64.uexp" 254
"C:/Users/whart/OneDrive/Documents/GitHub/Unreal-Engine-C-/Content/UltraDynamicSky/Materials/Weather/Screen_Frost.uasset" 255
"C:/Users/whart/OneDrive/Documents/GitHub/Unreal-Engine-C-/Content/UltraDynamicSky/Materials/Weather/Screen_Frost.uexp" 256
"../../../Engine/Content/EngineMaterials/Good64x64TilingNoiseHighFreq.uasset" 257
"../../../Engine/Content/EngineMaterials/Good64x64TilingNoiseHighFreq.uexp" 258
"../../../Engine/Content/Functions/Engine_MaterialFunctions02/Texturing/ScreenAlignedPixelToPixelUVs.uasset" 259
"../../../Engine/Content/Functions/Engine_MaterialFunctions02/Texturing/ScreenAlignedPixelToPixelUVs.uexp" 260
"../../../Engine/Content/Functions/Engine_MaterialFunctions02/Utility/DitherTemporalAA.uasset" 261
"../../../Engine/Content/Functions/Engine_MaterialFunctions02/Utility/DitherTemporalAA.uexp" 262
"../../../Engine/Content/Functions/Engine_MaterialFunctions01/Texturing/ScaleUVsByCenter.uasset" 263
"../../../Engine/Content/Functions/Engine_MaterialFunctions01/Texturing/ScaleUVsByCenter.uexp" 264
"../../../Engine/Content/Functions/Engine_MaterialFunctions02/Texturing/ScreenAlignedUVs.uasset" 265
"../../../Engine/Content/Functions/Engine_MaterialFunctions02/Texturing/ScreenAlignedUVs.uexp" 266
"../../../Engine/Content/Functions/Engine_MaterialFunctions01/ImageAdjustment/BlurSampleOffsets.uasset" 267
"../../../Engine/Content/Functions/Engine_MaterialFunctions01/ImageAdjustment/BlurSampleOffsets.uexp" 268
"../../../Engine/Content/Functions/Engine_MaterialFunctions02/Texturing/CustomRotator.uasset" 269
"../../../Engine/Content/Functions/Engine_MaterialFunctions02/Texturing/CustomRotator.uexp" 270
"C:/Users/whart/OneDrive/Documents/GitHub/Unreal-Engine-C-/Content/UltraDynamicSky/Textures/Weather/ParticleClouds.ubulk" 271
"C:/Users/whart/OneDrive/Documents/GitHub/Unreal-Engine-C-/Content/UltraDynamicSky/Textures/Weather/ParticleClouds.uasset" 272
"C:/Users/whart/OneDrive/Documents/GitHub/Unreal-Engine-C-/Content/UltraDynamicSky/Textures/Weather/ParticleClouds.uexp" 273
"C:/Users/whart/OneDrive/Documents/GitHub/Unreal-Engine-C-/Content/UltraDynamicSky/Textures/Weather/Drips_Vertical_Mask.uasset" 274
"C:/Users/whart/OneDrive/Documents/GitHub/Unreal-Engine-C-/Content/UltraDynamicSky/Textures/Weather/Drips_Vertical_Mask.uexp" 275
"C:/Users/whart/OneDrive/Documents/GitHub/Unreal-Engine-C-/Content/UltraDynamicSky/Textures/Weather/WaterDroplets_Small.uasset" 276
"C:/Users/whart/OneDrive/Documents/GitHub/Unreal-Engine-C-/Content/UltraDynamicSky/Textures/Weather/WaterDroplets_Small.uexp" 277
"C:/Users/whart/OneDrive/Documents/GitHub/Unreal-Engine-C-/Content/UltraDynamicSky/Materials/Material_Functions/RadialGradientBasic.uasset" 278
"C:/Users/whart/OneDrive/Documents/GitHub/Unreal-Engine-C-/Content/UltraDynamicSky/Materials/Material_Functions/RadialGradientBasic.uexp" 279
"C:/Users/whart/OneDrive/Documents/GitHub/Unreal-Engine-C-/Content/UltraDynamicSky/Materials/Material_Functions/Screen_Droplet_Sample.uasset" 280
"C:/Users/whart/OneDrive/Documents/GitHub/Unreal-Engine-C-/Content/UltraDynamicSky/Materials/Material_Functions/Screen_Droplet_Sample.uexp" 281
"C:/Users/whart/OneDrive/Documents/GitHub/Unreal-Engine-C-/Content/UltraDynamicSky/Materials/Weather/Screen_Droplets.uasset" 282
"C:/Users/whart/OneDrive/Documents/GitHub/Unreal-Engine-C-/Content/UltraDynamicSky/Materials/Weather/Screen_Droplets.uexp" 283
"C:/Users/whart/OneDrive/Documents/GitHub/Unreal-Engine-C-/Content/UltraDynamicSky/Materials/Weather/RainParticle_Attributes.uasset" 284
"C:/Users/whart/OneDrive/Documents/GitHub/Unreal-Engine-C-/Content/UltraDynamicSky/Materials/Weather/RainParticle_Attributes.uexp" 285
"C:/Users/whart/OneDrive/Documents/GitHub/Unreal-Engine-C-/Content/UltraDynamicSky/Materials/Weather/Rain_ParticleMat_ADOF.uasset" 286
"C:/Users/whart/OneDrive/Documents/GitHub/Unreal-Engine-C-/Content/UltraDynamicSky/Materials/Weather/Rain_ParticleMat_ADOF.uexp" 287
"C:/Users/whart/OneDrive/Documents/GitHub/Unreal-Engine-C-/Content/UltraDynamicSky/Materials/Material_Functions/UDS_VolumetricClouds_MPC.uasset" 288
"C:/Users/whart/OneDrive/Documents/GitHub/Unreal-Engine-C-/Content/UltraDynamicSky/Materials/Material_Functions/UDS_VolumetricClouds_MPC.uexp" 289
"C:/Users/whart/OneDrive/Documents/GitHub/Unreal-Engine-C-/Content/UltraDynamicSky/Textures/3D_Clouds/3D_Cells_32.uasset" 290
"C:/Users/whart/OneDrive/Documents/GitHub/Unreal-Engine-C-/Content/UltraDynamicSky/Textures/3D_Clouds/3D_Cells_32.uexp" 291
"C:/Users/whart/OneDrive/Documents/GitHub/Unreal-Engine-C-/Content/UltraDynamicSky/Textures/3D_Clouds/3DCells_128.uasset" 292
"C:/Users/whart/OneDrive/Documents/GitHub/Unreal-Engine-C-/Content/UltraDynamicSky/Textures/3D_Clouds/3DCells_128.uexp" 293
"C:/Users/whart/OneDrive/Documents/GitHub/Unreal-Engine-C-/Content/UltraDynamicSky/Materials/Weather/Post_Process_Wind_Fog.uasset" 294
"C:/Users/whart/OneDrive/Documents/GitHub/Unreal-Engine-C-/Content/UltraDynamicSky/Materials/Weather/Post_Process_Wind_Fog.uexp" 295
"C:/Users/whart/OneDrive/Documents/GitHub/Unreal-Engine-C-/Content/UltraDynamicSky/Materials/Material_Functions/Heat_Distortion_Sample.uasset" 296
"C:/Users/whart/OneDrive/Documents/GitHub/Unreal-Engine-C-/Content/UltraDynamicSky/Materials/Material_Functions/Heat_Distortion_Sample.uexp" 297
"C:/Users/whart/OneDrive/Documents/GitHub/Unreal-Engine-C-/Content/UltraDynamicSky/Materials/Weather/Heat_Distortion.uasset" 298
"C:/Users/whart/OneDrive/Documents/GitHub/Unreal-Engine-C-/Content/UltraDynamicSky/Materials/Weather/Heat_Distortion.uexp" 299
"C:/Users/whart/OneDrive/Documents/GitHub/Unreal-Engine-C-/Content/UltraDynamicSky/Materials/Space/Nebula_Layer.uasset" 300
"C:/Users/whart/OneDrive/Documents/GitHub/Unreal-Engine-C-/Content/UltraDynamicSky/Materials/Space/Nebula_Layer.uexp" 301
"C:/Users/whart/OneDrive/Documents/GitHub/Unreal-Engine-C-/Content/UltraDynamicSky/Textures/Sky/Caustic_Pattern.uasset" 302
"C:/Users/whart/OneDrive/Documents/GitHub/Unreal-Engine-C-/Content/UltraDynamicSky/Textures/Sky/Caustic_Pattern.uexp" 303
"C:/Users/whart/OneDrive/Documents/GitHub/Unreal-Engine-C-/Content/UltraDynamicSky/Materials/Material_Functions/Caustic_Refraction_Light.uasset" 304
"C:/Users/whart/OneDrive/Documents/GitHub/Unreal-Engine-C-/Content/UltraDynamicSky/Materials/Material_Functions/Caustic_Refraction_Light.uexp" 305
"C:/Users/whart/OneDrive/Documents/GitHub/Unreal-Engine-C-/Content/UltraDynamicSky/Materials/Material_Instances/Water_Caustics_LightFunction.uasset" 306
"C:/Users/whart/OneDrive/Documents/GitHub/Unreal-Engine-C-/Content/UltraDynamicSky/Materials/Material_Instances/Water_Caustics_LightFunction.uexp" 307
"../../../Engine/Content/Functions/Engine_MaterialFunctions02/Utility/MakeFloat3.uasset" 308
"../../../Engine/Content/Functions/Engine_MaterialFunctions02/Utility/MakeFloat3.uexp" 309
"../../../Engine/Content/Functions/Engine_MaterialFunctions02/WorldPositionOffset/ComponentPivotLocation.uasset" 310
"../../../Engine/Content/Functions/Engine_MaterialFunctions02/WorldPositionOffset/ComponentPivotLocation.uexp" 311
"../../../Engine/Content/EditorResources/S_Terrain.ubulk" 312
"../../../Engine/Content/EditorResources/S_Terrain.uasset" 313
"../../../Engine/Content/EditorResources/S_Terrain.uexp" 314
"../../../Engine/Content/Functions/Engine_MaterialFunctions02/WorldPositionOffset/V2/ObjectScale.uasset" 315
"../../../Engine/Content/Functions/Engine_MaterialFunctions02/WorldPositionOffset/V2/ObjectScale.uexp" 316
"../../../Engine/Content/Functions/Engine_MaterialFunctions02/WorldPositionOffset/Sprite.uasset" 317
"../../../Engine/Content/Functions/Engine_MaterialFunctions02/WorldPositionOffset/Sprite.uexp" 318
"../../../Engine/Plugins/Experimental/Landmass/Content/Landscape/BlueprintBrushes/Materials/Sprite/M_BrushSprite_01.uasset" 319
"../../../Engine/Plugins/Experimental/Landmass/Content/Landscape/BlueprintBrushes/Materials/Sprite/M_BrushSprite_01.uexp" 320
"../../../Engine/Content/Functions/Engine_MaterialFunctions02/Utility/MakeFloat2.uasset" 321
"../../../Engine/Content/Functions/Engine_MaterialFunctions02/Utility/MakeFloat2.uexp" 322
"../../../Engine/Content/EditorMaterials/TilingAALineIntegral.uasset" 323
"../../../Engine/Content/EditorMaterials/TilingAALineIntegral.uexp" 324
"../../../Engine/Content/EditorMaterials/TilingAALineBoxFiltered.uasset" 325
"../../../Engine/Content/EditorMaterials/TilingAALineBoxFiltered.uexp" 326
"../../../Engine/Content/EngineMaterials/BlendFunc_DefBlend.uasset" 327
"../../../Engine/Content/EngineMaterials/BlendFunc_DefBlend.uexp" 328
"../../../Engine/Content/EngineMaterials/BlendFunc_DefBase.uasset" 329
"../../../Engine/Content/EngineMaterials/BlendFunc_DefBase.uexp" 330
"../../../Engine/Content/Functions/Engine_MaterialFunctions03/Blends/Blend_Screen.uasset" 331
"../../../Engine/Content/Functions/Engine_MaterialFunctions03/Blends/Blend_Screen.uexp" 332
"../../../Engine/Content/Functions/Engine_MaterialFunctions03/Procedurals/ComputeFilterWidth.uasset" 333
"../../../Engine/Content/Functions/Engine_MaterialFunctions03/Procedurals/ComputeFilterWidth.uexp" 334
"../../../Engine/Content/EditorMaterials/TilingAAGrid.uasset" 335
"../../../Engine/Content/EditorMaterials/TilingAAGrid.uexp" 336
"../../../Engine/Content/EngineResources/Black_Low.uasset" 337
"../../../Engine/Content/EngineResources/Black_Low.uexp" 338
"../../../Engine/Plugins/Experimental/Landmass/Content/Landscape/BlueprintBrushes/MPC/MPC_Landscape.uasset" 339
"../../../Engine/Plugins/Experimental/Landmass/Content/Landscape/BlueprintBrushes/MPC/MPC_Landscape.uexp" 340
"../../../Engine/Content/Functions/Engine_MaterialFunctions01/ImageAdjustment/SCurve.uasset" 341
"../../../Engine/Content/Functions/Engine_MaterialFunctions01/ImageAdjustment/SCurve.uexp" 342
"../../../Engine/Plugins/Experimental/Landmass/Content/Landscape/BlueprintBrushes/MF/PointSampleLandscapeUVs.uasset" 343
"../../../Engine/Plugins/Experimental/Landmass/Content/Landscape/BlueprintBrushes/MF/PointSampleLandscapeUVs.uexp" 344
"../../../Engine/Content/ArtTools/RenderToTexture/Textures/T_EV_BlankWhite_01.uasset" 345
"../../../Engine/Content/ArtTools/RenderToTexture/Textures/T_EV_BlankWhite_01.uexp" 346
"../../../Engine/Plugins/Experimental/Landmass/Content/Landscape/OldPrototype_BP/Mats/MF/UnpackRG8Height.uasset" 347
"../../../Engine/Plugins/Experimental/Landmass/Content/Landscape/OldPrototype_BP/Mats/MF/UnpackRG8Height.uexp" 348
"../../../Engine/Plugins/Experimental/Landmass/Content/Landscape/BlueprintBrushes/MF/LandmassBrush_UVs.uasset" 349
"../../../Engine/Plugins/Experimental/Landmass/Content/Landscape/BlueprintBrushes/MF/LandmassBrush_UVs.uexp" 350
"../../../Engine/Plugins/Experimental/Landmass/Content/Landscape/BlueprintBrushes/MF/Landmass_BrushTilt.uasset" 351
"../../../Engine/Plugins/Experimental/Landmass/Content/Landscape/BlueprintBrushes/MF/Landmass_BrushTilt.uexp" 352
"../../../Engine/Plugins/Experimental/Landmass/Content/Landscape/BlueprintBrushes/MF/LandmassBrush_Noise.uasset" 353
"../../../Engine/Plugins/Experimental/Landmass/Content/Landscape/BlueprintBrushes/MF/LandmassBrush_Noise.uexp" 354
"../../../Engine/Plugins/Experimental/Landmass/Content/Landscape/BlueprintBrushes/MF/LandmassBrush_EdgeFalloff.uasset" 355
"../../../Engine/Plugins/Experimental/Landmass/Content/Landscape/BlueprintBrushes/MF/LandmassBrush_EdgeFalloff.uexp" 356
"../../../Engine/Plugins/Experimental/Landmass/Content/Landscape/BlueprintBrushes/Materials/BrushMaterials/BasicFunctions/LandmassBrush_ShapeMask.uasset" 357
"../../../Engine/Plugins/Experimental/Landmass/Content/Landscape/BlueprintBrushes/Materials/BrushMaterials/BasicFunctions/LandmassBrush_ShapeMask.uexp" 358
"../../../Engine/Plugins/Experimental/Landmass/Content/Landscape/BlueprintBrushes/Materials/Internal/BrushBounds.uasset" 359
"../../../Engine/Plugins/Experimental/Landmass/Content/Landscape/BlueprintBrushes/Materials/Internal/BrushBounds.uexp" 360
"C:/Users/whart/OneDrive/Documents/GitHub/Unreal-Engine-C-/Content/UltraDynamicSky/Textures/Icons/Weather/Thunderstorms.uasset" 361
"C:/Users/whart/OneDrive/Documents/GitHub/Unreal-Engine-C-/Content/UltraDynamicSky/Textures/Icons/Weather/Thunderstorms.uexp" 362
"C:/Users/whart/OneDrive/Documents/GitHub/Unreal-Engine-C-/Content/UltraDynamicSky/Textures/Icons/Weather/Snow.uasset" 363
"C:/Users/whart/OneDrive/Documents/GitHub/Unreal-Engine-C-/Content/UltraDynamicSky/Textures/Icons/Weather/Snow.uexp" 364
"C:/Users/whart/OneDrive/Documents/GitHub/Unreal-Engine-C-/Content/UltraDynamicSky/Textures/Icons/Weather/Rain.uasset" 365
"C:/Users/whart/OneDrive/Documents/GitHub/Unreal-Engine-C-/Content/UltraDynamicSky/Textures/Icons/Weather/Rain.uexp" 366
"C:/Users/whart/OneDrive/Documents/GitHub/Unreal-Engine-C-/Content/UltraDynamicSky/Textures/Icons/Weather/PartlyCloudy.uasset" 367
"C:/Users/whart/OneDrive/Documents/GitHub/Unreal-Engine-C-/Content/UltraDynamicSky/Textures/Icons/Weather/PartlyCloudy.uexp" 368
"C:/Users/whart/OneDrive/Documents/GitHub/Unreal-Engine-C-/Content/UltraDynamicSky/Textures/Icons/Weather/Overcast.uasset" 369
"C:/Users/whart/OneDrive/Documents/GitHub/Unreal-Engine-C-/Content/UltraDynamicSky/Textures/Icons/Weather/Overcast.uexp" 370
"C:/Users/whart/OneDrive/Documents/GitHub/Unreal-Engine-C-/Content/UltraDynamicSky/Textures/Icons/Weather/Light_Snow.uasset" 371
"C:/Users/whart/OneDrive/Documents/GitHub/Unreal-Engine-C-/Content/UltraDynamicSky/Textures/Icons/Weather/Light_Snow.uexp" 372
"C:/Users/whart/OneDrive/Documents/GitHub/Unreal-Engine-C-/Content/UltraDynamicSky/Textures/Icons/Weather/LightRain.uasset" 373
"C:/Users/whart/OneDrive/Documents/GitHub/Unreal-Engine-C-/Content/UltraDynamicSky/Textures/Icons/Weather/LightRain.uexp" 374
"C:/Users/whart/OneDrive/Documents/GitHub/Unreal-Engine-C-/Content/UltraDynamicSky/Textures/Icons/Weather/Foggy.uasset" 375
"C:/Users/whart/OneDrive/Documents/GitHub/Unreal-Engine-C-/Content/UltraDynamicSky/Textures/Icons/Weather/Foggy.uexp" 376
"C:/Users/whart/OneDrive/Documents/GitHub/Unreal-Engine-C-/Content/UltraDynamicSky/Textures/Icons/Weather/DustStorm.uasset" 377
"C:/Users/whart/OneDrive/Documents/GitHub/Unreal-Engine-C-/Content/UltraDynamicSky/Textures/Icons/Weather/DustStorm.uexp" 378
"C:/Users/whart/OneDrive/Documents/GitHub/Unreal-Engine-C-/Content/UltraDynamicSky/Textures/Icons/Weather/Dust.uasset" 379
"C:/Users/whart/OneDrive/Documents/GitHub/Unreal-Engine-C-/Content/UltraDynamicSky/Textures/Icons/Weather/Dust.uexp" 380
"C:/Users/whart/OneDrive/Documents/GitHub/Unreal-Engine-C-/Content/UltraDynamicSky/Textures/Icons/Weather/Cloudy.uasset" 381
"C:/Users/whart/OneDrive/Documents/GitHub/Unreal-Engine-C-/Content/UltraDynamicSky/Textures/Icons/Weather/Cloudy.uexp" 382
"C:/Users/whart/OneDrive/Documents/GitHub/Unreal-Engine-C-/Content/UltraDynamicSky/Textures/Icons/Weather/Clear_Skies.uasset" 383
"C:/Users/whart/OneDrive/Documents/GitHub/Unreal-Engine-C-/Content/UltraDynamicSky/Textures/Icons/Weather/Clear_Skies.uexp" 384
"C:/Users/whart/OneDrive/Documents/GitHub/Unreal-Engine-C-/Content/UltraDynamicSky/Textures/Icons/Weather/Blizzard.uasset" 385
"C:/Users/whart/OneDrive/Documents/GitHub/Unreal-Engine-C-/Content/UltraDynamicSky/Textures/Icons/Weather/Blizzard.uexp" 386
"C:/Users/whart/OneDrive/Documents/GitHub/Unreal-Engine-C-/Content/M4/Blueprints/SystemResources/MapMaker/Materials/Black.uasset" 387
"C:/Users/whart/OneDrive/Documents/GitHub/Unreal-Engine-C-/Content/M4/Blueprints/SystemResources/MapMaker/Materials/Black.uexp" 388
"C:/Users/whart/OneDrive/Documents/GitHub/Unreal-Engine-C-/Content/M4/Blueprints/SystemResources/MapMaker/Materials/Black_Mat.uasset" 389
"C:/Users/whart/OneDrive/Documents/GitHub/Unreal-Engine-C-/Content/M4/Blueprints/SystemResources/MapMaker/Materials/Black_Mat.uexp" 390
"../../../Engine/Content/Functions/Engine_MaterialFunctions03/Math/RemapValueRange.uasset" 391
"../../../Engine/Content/Functions/Engine_MaterialFunctions03/Math/RemapValueRange.uexp" 392
"C:/Users/whart/OneDrive/Documents/GitHub/Unreal-Engine-C-/Content/UltraDynamicSky/Textures/Volumetric_Clouds/Cloud_Profile.uasset" 393
"C:/Users/whart/OneDrive/Documents/GitHub/Unreal-Engine-C-/Content/UltraDynamicSky/Textures/Volumetric_Clouds/Cloud_Profile.uexp" 394
"C:/Users/whart/OneDrive/Documents/GitHub/Unreal-Engine-C-/Content/UltraDynamicSky/Textures/Sky/Black.uasset" 395
"C:/Users/whart/OneDrive/Documents/GitHub/Unreal-Engine-C-/Content/UltraDynamicSky/Textures/Sky/Black.uexp" 396
"C:/Users/whart/OneDrive/Documents/GitHub/Unreal-Engine-C-/Content/UltraDynamicSky/Materials/Material_Functions/Volumetric_Clouds_Conservative_Density.uasset" 397
"C:/Users/whart/OneDrive/Documents/GitHub/Unreal-Engine-C-/Content/UltraDynamicSky/Materials/Material_Functions/Volumetric_Clouds_Conservative_Density.uexp" 398
"C:/Users/whart/OneDrive/Documents/GitHub/Unreal-Engine-C-/Content/UltraDynamicSky/Materials/Material_Functions/Volumetric_Clouds_Extinction.uasset" 399
"C:/Users/whart/OneDrive/Documents/GitHub/Unreal-Engine-C-/Content/UltraDynamicSky/Materials/Material_Functions/Volumetric_Clouds_Extinction.uexp" 400
"C:/Users/whart/OneDrive/Documents/GitHub/Unreal-Engine-C-/Content/UltraDynamicSky/Materials/Cloud_Fog_PostProcess.uasset" 401
"C:/Users/whart/OneDrive/Documents/GitHub/Unreal-Engine-C-/Content/UltraDynamicSky/Materials/Cloud_Fog_PostProcess.uexp" 402
"C:/Users/whart/OneDrive/Documents/GitHub/Unreal-Engine-C-/Content/UltraDynamicSky/Materials/Inside_Clouds_Fog_Particle.uasset" 403
"C:/Users/whart/OneDrive/Documents/GitHub/Unreal-Engine-C-/Content/UltraDynamicSky/Materials/Inside_Clouds_Fog_Particle.uexp" 404
"C:/Users/whart/OneDrive/Documents/GitHub/Unreal-Engine-C-/Content/UltraDynamicSky/Materials/Overcast_Turbulence.uasset" 405
"C:/Users/whart/OneDrive/Documents/GitHub/Unreal-Engine-C-/Content/UltraDynamicSky/Materials/Overcast_Turbulence.uexp" 406
"C:/Users/whart/OneDrive/Documents/GitHub/Unreal-Engine-C-/Content/UltraDynamicSky/Materials/Material_Functions/PathTracer_Fog_Density.uasset" 407
"C:/Users/whart/OneDrive/Documents/GitHub/Unreal-Engine-C-/Content/UltraDynamicSky/Materials/Material_Functions/PathTracer_Fog_Density.uexp" 408
"C:/Users/whart/OneDrive/Documents/GitHub/Unreal-Engine-C-/Content/UltraDynamicSky/Materials/PathTracer_ExpHeightFog.uasset" 409
"C:/Users/whart/OneDrive/Documents/GitHub/Unreal-Engine-C-/Content/UltraDynamicSky/Materials/PathTracer_ExpHeightFog.uexp" 410
"C:/Users/whart/OneDrive/Documents/GitHub/Unreal-Engine-C-/Content/UltraDynamicSky/Materials/Volumetric_Aurora.uasset" 411
"C:/Users/whart/OneDrive/Documents/GitHub/Unreal-Engine-C-/Content/UltraDynamicSky/Materials/Volumetric_Aurora.uexp" 412
"../../../Engine/Content/EditorMaterials/Dataflow/DataflowTwoSidedVertexMaterial.uasset" 413
"../../../Engine/Content/EditorMaterials/Dataflow/DataflowTwoSidedVertexMaterial.uexp" 414
"../../../Engine/Content/EditorMaterials/Dataflow/DataflowVertexMaterial.uasset" 415
"../../../Engine/Content/EditorMaterials/Dataflow/DataflowVertexMaterial.uexp" 416
"../../../Engine/Content/EngineResources/DefaultTexture.ubulk" 417
"../../../Engine/Content/EngineResources/DefaultTexture.uasset" 418
"../../../Engine/Content/EngineResources/DefaultTexture.uexp" 419
"../../../Engine/Plugins/Runtime/AR/ARUtilities/Content/Materials/MF_DistanceColorLerp.uasset" 420
"../../../Engine/Plugins/Runtime/AR/ARUtilities/Content/Materials/MF_DistanceColorLerp.uexp" 421
"../../../Engine/Plugins/Runtime/AR/ARUtilities/Content/Materials/M_DepthColoration.uasset" 422
"../../../Engine/Plugins/Runtime/AR/ARUtilities/Content/Materials/M_DepthColoration.uexp" 423
"../../../Engine/Plugins/Runtime/HairStrands/Content/Materials/HairCardsDefaultMaterial.uasset" 424
"../../../Engine/Plugins/Runtime/HairStrands/Content/Materials/HairCardsDefaultMaterial.uexp" 425
"../../../Engine/Content/EngineMaterials/HairDebugColor.uasset" 426
"../../../Engine/Content/EngineMaterials/HairDebugColor.uexp" 427
"../../../Engine/Content/EngineMaterials/HairColorMap.uasset" 428
"../../../Engine/Content/EngineMaterials/HairColorMap.uexp" 429
"../../../Engine/Plugins/Runtime/HairStrands/Content/Materials/HairGroupColors.uasset" 430
"../../../Engine/Plugins/Runtime/HairStrands/Content/Materials/HairGroupColors.uexp" 431
"../../../Engine/Plugins/Runtime/HairStrands/Content/Materials/HairDebugMaterial.uasset" 432
"../../../Engine/Plugins/Runtime/HairStrands/Content/Materials/HairDebugMaterial.uexp" 433
"../../../Engine/Plugins/Runtime/HairStrands/Content/Materials/HairDefaultMaterial.uasset" 434
"../../../Engine/Plugins/Runtime/HairStrands/Content/Materials/HairDefaultMaterial.uexp" 435
"../../../Engine/Plugins/Runtime/HairStrands/Content/Materials/HairMeshesDefaultMaterial.uasset" 436
"../../../Engine/Plugins/Runtime/HairStrands/Content/Materials/HairMeshesDefaultMaterial.uexp" 437
"../../../Engine/Plugins/VirtualProduction/CameraCalibrationCore/Content/Materials/M_DefaultEvenSquare.uasset" 438
"../../../Engine/Plugins/VirtualProduction/CameraCalibrationCore/Content/Materials/M_DefaultEvenSquare.uexp" 439
"../../../Engine/Plugins/VirtualProduction/CameraCalibrationCore/Content/Materials/M_DefaultOddSquare.uasset" 440
"../../../Engine/Plugins/VirtualProduction/CameraCalibrationCore/Content/Materials/M_DefaultOddSquare.uexp" 441
"../../../Engine/Content/EngineDebugMaterials/DebugEditorMaterial.uasset" 442
"../../../Engine/Content/EngineDebugMaterials/DebugEditorMaterial.uexp" 443
"../../../Engine/Content/EngineDebugMaterials/DebugMeshMaterial.uasset" 444
"../../../Engine/Content/EngineDebugMaterials/DebugMeshMaterial.uexp" 445
"../../../Engine/Content/EngineDebugMaterials/M_SimpleUnlitTranslucent.uasset" 446
"../../../Engine/Content/EngineDebugMaterials/M_SimpleUnlitTranslucent.uexp" 447
"../../../Engine/Content/EngineDebugMaterials/VolumeToRender.uasset" 448
"../../../Engine/Content/EngineDebugMaterials/VolumeToRender.uexp" 449
"../../../Engine/Content/EngineDebugMaterials/M_VolumeRenderSphereTracePP.uasset" 450
"../../../Engine/Content/EngineDebugMaterials/M_VolumeRenderSphereTracePP.uexp" 451
"../../../Engine/Content/EngineMaterials/DefaultDiffuse.ubulk" 452
"../../../Engine/Content/EngineMaterials/DefaultDiffuse.uasset" 453
"../../../Engine/Content/EngineMaterials/DefaultDiffuse.uexp" 454
"../../../Engine/Content/EngineMaterials/DefaultDeferredDecalMaterial.uasset" 455
"../../../Engine/Content/EngineMaterials/DefaultDeferredDecalMaterial.uexp" 456
"../../../Engine/Content/EngineMaterials/DefaultLightFunctionMaterial.uasset" 457
"../../../Engine/Content/EngineMaterials/DefaultLightFunctionMaterial.uexp" 458
"../../../Engine/Content/EngineMaterials/DefaultPostProcessMaterial.uasset" 459
"../../../Engine/Content/EngineMaterials/DefaultPostProcessMaterial.uexp" 460
"../../../Engine/Content/EngineFonts/RobotoDistanceField.uasset" 461
"../../../Engine/Content/EngineFonts/RobotoDistanceField.uexp" 462
"../../../Engine/Content/EngineMaterials/DefaultTextMaterialOpaque.uasset" 463
"../../../Engine/Content/EngineMaterials/DefaultTextMaterialOpaque.uexp" 464
"../../../Engine/Content/EngineMaterials/DefaultWhiteGrid_Low.uasset" 465
"../../../Engine/Content/EngineMaterials/DefaultWhiteGrid_Low.uexp" 466
"../../../Engine/Content/EngineMaterials/EmissiveMeshMaterial.uasset" 467
"../../../Engine/Content/EngineMaterials/EmissiveMeshMaterial.uexp" 468
"../../../Engine/Content/EngineMaterials/BaseFlattenNormalMap.uasset" 469
"../../../Engine/Content/EngineMaterials/BaseFlattenNormalMap.uexp" 470
"../../../Engine/Content/EngineMaterials/BaseFlattenDiffuseMap.uasset" 471
"../../../Engine/Content/EngineMaterials/BaseFlattenDiffuseMap.uexp" 472
"../../../Engine/Content/EngineMaterials/BaseFlattenEmissiveMap.uasset" 473
"../../../Engine/Content/EngineMaterials/BaseFlattenEmissiveMap.uexp" 474
"../../../Engine/Content/EngineMaterials/BaseFlattenGrayscaleMap.uasset" 475
"../../../Engine/Content/EngineMaterials/BaseFlattenGrayscaleMap.uexp" 476
"../../../Engine/Content/EngineMaterials/BaseFlattenLinearColor.uasset" 477
"../../../Engine/Content/EngineMaterials/BaseFlattenLinearColor.uexp" 478
"../../../Engine/Content/Functions/Engine_MaterialFunctions02/PivotPainter2/Black_1x1_EXR_Texture.uasset" 479
"../../../Engine/Content/Functions/Engine_MaterialFunctions02/PivotPainter2/Black_1x1_EXR_Texture.uexp" 480
"../../../Engine/Content/EngineMaterials/FlattenMaterial.uasset" 481
"../../../Engine/Content/EngineMaterials/FlattenMaterial.uexp" 482
"../../../Engine/Content/EngineMaterials/BaseFlattenDiffuseMap_VT.ubulk" 483
"../../../Engine/Content/EngineMaterials/BaseFlattenDiffuseMap_VT.uasset" 484
"../../../Engine/Content/EngineMaterials/BaseFlattenDiffuseMap_VT.uexp" 485
"../../../Engine/Content/EngineMaterials/BaseFlattenEmissiveMap_VT.ubulk" 486
"../../../Engine/Content/EngineMaterials/BaseFlattenEmissiveMap_VT.uasset" 487
"../../../Engine/Content/EngineMaterials/BaseFlattenEmissiveMap_VT.uexp" 488
"../../../Engine/Content/EngineMaterials/BaseFlattenGrayscaleMap_VT.ubulk" 489
"../../../Engine/Content/EngineMaterials/BaseFlattenGrayscaleMap_VT.uasset" 490
"../../../Engine/Content/EngineMaterials/BaseFlattenGrayscaleMap_VT.uexp" 491
"../../../Engine/Content/EngineMaterials/BaseFlattenLinearColor_VT.ubulk" 492
"../../../Engine/Content/EngineMaterials/BaseFlattenLinearColor_VT.uasset" 493
"../../../Engine/Content/EngineMaterials/BaseFlattenLinearColor_VT.uexp" 494
"../../../Engine/Content/EngineMaterials/BaseFlattenNormalMap_VT.ubulk" 495
"../../../Engine/Content/EngineMaterials/BaseFlattenNormalMap_VT.uasset" 496
"../../../Engine/Content/EngineMaterials/BaseFlattenNormalMap_VT.uexp" 497
"../../../Engine/Content/EngineMaterials/Black_1x1_EXR_Texture_VT.ubulk" 498
"../../../Engine/Content/EngineMaterials/Black_1x1_EXR_Texture_VT.uasset" 499
"../../../Engine/Content/EngineMaterials/Black_1x1_EXR_Texture_VT.uexp" 500
"../../../Engine/Content/EngineMaterials/FlattenMaterial_VT.uasset" 501
"../../../Engine/Content/EngineMaterials/FlattenMaterial_VT.uexp" 502
"../../../Engine/Content/EngineMaterials/FlattenMaterial_WS_Normal_VT.uasset" 503
"../../../Engine/Content/EngineMaterials/FlattenMaterial_WS_Normal_VT.uexp" 504
"../../../Engine/Content/EngineMaterials/GizmoMaterial.uasset" 505
"../../../Engine/Content/EngineMaterials/GizmoMaterial.uexp" 506
"../../../Engine/Content/EngineMaterials/InvalidLightmapSettings.ubulk" 507
"../../../Engine/Content/EngineMaterials/InvalidLightmapSettings.uasset" 508
"../../../Engine/Content/EngineMaterials/InvalidLightmapSettings.uexp" 509
"../../../Engine/Content/EngineMaterials/M_InvalidLightmapSettings.uasset" 510
"../../../Engine/Content/EngineMaterials/M_InvalidLightmapSettings.uexp" 511
"../../../Engine/Content/EngineMaterials/NaniteHiddenSectionMaterial.uasset" 512
"../../../Engine/Content/EngineMaterials/NaniteHiddenSectionMaterial.uexp" 513
"../../../Engine/Content/EngineMaterials/PhAT_JointLimitMaterial.uasset" 514
"../../../Engine/Content/EngineMaterials/PhAT_JointLimitMaterial.uexp" 515
"../../../Engine/Content/EngineMaterials/DefaultCalibrationColor.uasset" 516
"../../../Engine/Content/EngineMaterials/DefaultCalibrationColor.uexp" 517
"../../../Engine/Content/EngineMaterials/PPM_DefaultCalibrationColor.uasset" 518
"../../../Engine/Content/EngineMaterials/PPM_DefaultCalibrationColor.uexp" 519
"../../../Engine/Content/EngineMaterials/DefaultCalibrationGrayscale.uasset" 520
"../../../Engine/Content/EngineMaterials/DefaultCalibrationGrayscale.uexp" 521
"../../../Engine/Content/EngineMaterials/PPM_DefaultCalibrationGrayscale.uasset" 522
"../../../Engine/Content/EngineMaterials/PPM_DefaultCalibrationGrayscale.uexp" 523
"../../../Engine/Content/EngineMaterials/RemoveSurfaceMaterial.uasset" 524
"../../../Engine/Content/EngineMaterials/RemoveSurfaceMaterial.uexp" 525
"../../../Engine/Plugins/Animation/ControlRig/Content/Controls/ControlRigGizmoMaterial.uasset" 526
"../../../Engine/Plugins/Animation/ControlRig/Content/Controls/ControlRigGizmoMaterial.uexp" 527
"../../../Engine/Plugins/Animation/ControlRig/Content/Controls/ControlRigXRayMaterial.uasset" 528
"../../../Engine/Plugins/Animation/ControlRig/Content/Controls/ControlRigXRayMaterial.uexp" 529
"../../../Engine/Content/Functions/Engine_MaterialFunctions02/WorldPositionOffset/ObjectScale.uasset" 530
"../../../Engine/Content/Functions/Engine_MaterialFunctions02/WorldPositionOffset/ObjectScale.uexp" 531
"../../../Engine/Content/Functions/Engine_MaterialFunctions02/Utility/BreakOutFloat3Components.uasset" 532
"../../../Engine/Content/Functions/Engine_MaterialFunctions02/Utility/BreakOutFloat3Components.uexp" 533
"../../../Engine/Plugins/Editor/SpeedTreeImporter/Content/SpeedTree9/UnpackInteger3.uasset" 534
"../../../Engine/Plugins/Editor/SpeedTreeImporter/Content/SpeedTree9/UnpackInteger3.uexp" 535
"../../../Engine/Plugins/Editor/SpeedTreeImporter/Content/SpeedTree9/UnpackDirection.uasset" 536
"../../../Engine/Plugins/Editor/SpeedTreeImporter/Content/SpeedTree9/UnpackDirection.uexp" 537
"../../../Engine/Content/Functions/Engine_MaterialFunctions02/SafeNormalize.uasset" 538
"../../../Engine/Content/Functions/Engine_MaterialFunctions02/SafeNormalize.uexp" 539
"../../../Engine/Plugins/Editor/SpeedTreeImporter/Content/SpeedTree9/game_wind_noise.ubulk" 540
"../../../Engine/Plugins/Editor/SpeedTreeImporter/Content/SpeedTree9/game_wind_noise.uasset" 541
"../../../Engine/Plugins/Editor/SpeedTreeImporter/Content/SpeedTree9/game_wind_noise.uexp" 542
"../../../Engine/Plugins/Editor/SpeedTreeImporter/Content/SpeedTree9/SpeedTreeWindMotion.uasset" 543
"../../../Engine/Plugins/Editor/SpeedTreeImporter/Content/SpeedTree9/SpeedTreeWindMotion.uexp" 544
"../../../Engine/Content/Functions/Engine_MaterialFunctions02/ObjectLocalBounds.uasset" 545
"../../../Engine/Content/Functions/Engine_MaterialFunctions02/ObjectLocalBounds.uexp" 546
"../../../Engine/Content/Functions/Engine_MaterialFunctions02/UVs/BoundingBoxBased_0-1_UVW.uasset" 547
"../../../Engine/Content/Functions/Engine_MaterialFunctions02/UVs/BoundingBoxBased_0-1_UVW.uexp" 548
"../../../Engine/Plugins/Editor/SpeedTreeImporter/Content/SpeedTree9/SpeedTreeBranchMotion.uasset" 549
"../../../Engine/Plugins/Editor/SpeedTreeImporter/Content/SpeedTree9/SpeedTreeBranchMotion.uexp" 550
"../../../Engine/Plugins/Editor/SpeedTreeImporter/Content/SpeedTree9/SpeedTreeWind.uasset" 551
"../../../Engine/Plugins/Editor/SpeedTreeImporter/Content/SpeedTree9/SpeedTreeWind.uexp" 552
"../../../Engine/Plugins/Editor/SpeedTreeImporter/Content/SpeedTree9/EmptyNormal.uasset" 553
"../../../Engine/Plugins/Editor/SpeedTreeImporter/Content/SpeedTree9/EmptyNormal.uexp" 554
"../../../Engine/Plugins/Editor/SpeedTreeImporter/Content/SpeedTree9/Empty.uasset" 555
"../../../Engine/Plugins/Editor/SpeedTreeImporter/Content/SpeedTree9/Empty.uexp" 556
"../../../Engine/Plugins/Editor/SpeedTreeImporter/Content/SpeedTree9/SpeedTreeBillboard.uasset" 557
"../../../Engine/Plugins/Editor/SpeedTreeImporter/Content/SpeedTree9/SpeedTreeBillboard.uexp" 558
"../../../Engine/Plugins/Editor/SpeedTreeImporter/Content/SpeedTree9/SpeedTreeBillboardMaster.uasset" 559
"../../../Engine/Plugins/Editor/SpeedTreeImporter/Content/SpeedTree9/SpeedTreeBillboardMaster.uexp" 560
"../../../Engine/Plugins/Editor/SpeedTreeImporter/Content/SpeedTree9/SpeedTreeCameraFacing.uasset" 561
"../../../Engine/Plugins/Editor/SpeedTreeImporter/Content/SpeedTree9/SpeedTreeCameraFacing.uexp" 562
"../../../Engine/Plugins/Editor/SpeedTreeImporter/Content/SpeedTree9/SpeedTreeMaster.uasset" 563
"../../../Engine/Plugins/Editor/SpeedTreeImporter/Content/SpeedTree9/SpeedTreeMaster.uexp" 564
"../../../Engine/Content/EditorLandscapeResources/DefaultAlphaTexture.uasset" 565
"../../../Engine/Content/EditorLandscapeResources/DefaultAlphaTexture.uexp" 566
"../../../Engine/Content/EditorLandscapeResources/LandscapeDirtyMaterial.uasset" 567
"../../../Engine/Content/EditorLandscapeResources/LandscapeDirtyMaterial.uexp" 568
"../../../Engine/Content/Functions/Engine_MaterialFunctions02/WorldPositionOffset/LocalPosition.uasset" 569
"../../../Engine/Content/Functions/Engine_MaterialFunctions02/WorldPositionOffset/LocalPosition.uexp" 570
"../../../Engine/Content/Functions/Engine_MaterialFunctions01/Texturing/TextureCropping.uasset" 571
"../../../Engine/Content/Functions/Engine_MaterialFunctions01/Texturing/TextureCropping.uexp" 572
"../../../Engine/Content/Functions/Engine_MaterialFunctions02/ExampleContent/DebugNumberStrip.uasset" 573
"../../../Engine/Content/Functions/Engine_MaterialFunctions02/ExampleContent/DebugNumberStrip.uexp" 574
"../../../Engine/Content/Functions/Engine_MaterialFunctions01/Debug/DebugIntValues.uasset" 575
"../../../Engine/Content/Functions/Engine_MaterialFunctions01/Debug/DebugIntValues.uexp" 576
"../../../Engine/Content/EditorLandscapeResources/LandscapeLayerUsageMaterial.uasset" 577
"../../../Engine/Content/EditorLandscapeResources/LandscapeLayerUsageMaterial.uexp" 578
"../../../Engine/Content/EditorLandscapeResources/WhiteSquareTexture.uasset" 579
"../../../Engine/Content/EditorLandscapeResources/WhiteSquareTexture.uexp" 580
"../../../Engine/Content/EditorLandscapeResources/LayerVisMaterial.uasset" 581
"../../../Engine/Content/EditorLandscapeResources/LayerVisMaterial.uexp" 582
"../../../Engine/Content/EditorMaterials/PhAT_NoCollisionMaterial.uasset" 583
"../../../Engine/Content/EditorMaterials/PhAT_NoCollisionMaterial.uexp" 584
"../../../Engine/Content/EditorMaterials/PhAT_UnselectedMaterial.uasset" 585
"../../../Engine/Content/EditorMaterials/PhAT_UnselectedMaterial.uexp" 586
"../../../Engine/Plugins/Animation/ControlRig/Content/M_Manip.uasset" 587
"../../../Engine/Plugins/Animation/ControlRig/Content/M_Manip.uexp" 588
"../../../Engine/Plugins/Runtime/AR/AppleAR/AppleARKit/Content/M_SceneDepthOcclusion.uasset" 589
"../../../Engine/Plugins/Runtime/AR/AppleAR/AppleARKit/Content/M_SceneDepthOcclusion.uexp" 590
"../../../Engine/Plugins/Runtime/AR/ARUtilities/Content/Materials/DummyExternalTexture.uasset" 591
"../../../Engine/Plugins/Runtime/AR/ARUtilities/Content/Materials/DummyExternalTexture.uexp" 592
"../../../Engine/Content/EngineMeshes/Sphere.uasset" 593
"../../../Engine/Content/EngineMeshes/Sphere.uexp" 594
"C:/Users/whart/OneDrive/Documents/GitHub/Unreal-Engine-C-/Content/FemaleCharacter/Common/Female/Medium/NormalWeight/Body/metahuman_base_skel.uasset" 595
"C:/Users/whart/OneDrive/Documents/GitHub/Unreal-Engine-C-/Content/FemaleCharacter/Common/Female/Medium/NormalWeight/Body/metahuman_base_skel.uexp" 596
"C:/Users/whart/OneDrive/Documents/GitHub/Unreal-Engine-C-/Content/FemaleCharacter/Common/Common/Animation/Retargeting/RTG_MetaHuman_f_srt_nrw.uasset" 597
"C:/Users/whart/OneDrive/Documents/GitHub/Unreal-Engine-C-/Content/FemaleCharacter/Common/Common/Animation/Retargeting/RTG_MetaHuman_f_srt_nrw.uexp" 598
"C:/Users/whart/OneDrive/Documents/GitHub/Unreal-Engine-C-/Content/FemaleCharacter/Common/Common/Animation/Retargeting/ABP_MetaHuman_f_srt_nrw_Retargeting.uasset" 599
"C:/Users/whart/OneDrive/Documents/GitHub/Unreal-Engine-C-/Content/FemaleCharacter/Common/Common/Animation/Retargeting/ABP_MetaHuman_f_srt_nrw_Retargeting.uexp" 600
"../../../Engine/Content/EditorBlueprintResources/StandardMacros.uasset" 601
"../../../Engine/Content/EditorBlueprintResources/StandardMacros.uexp" 602
"../../../Engine/Content/BasicShapes/Cube.uasset" 603
"../../../Engine/Content/BasicShapes/Cube.uexp" 604
"../../../Engine/Content/BasicShapes/BasicShapeMaterial.uasset" 605
"../../../Engine/Content/BasicShapes/BasicShapeMaterial.uexp" 606
"../../../Engine/Content/EditorBlueprintResources/ActorMacros.uasset" 607
"../../../Engine/Content/EditorBlueprintResources/ActorMacros.uexp" 608
"C:/Users/whart/OneDrive/Documents/GitHub/Unreal-Engine-C-/Content/UltraDynamicSky/Textures/Sky/Cloud_Wisps.uasset" 609
"C:/Users/whart/OneDrive/Documents/GitHub/Unreal-Engine-C-/Content/UltraDynamicSky/Textures/Sky/Cloud_Wisps.uexp" 610
"C:/Users/whart/OneDrive/Documents/GitHub/Unreal-Engine-C-/Content/UltraDynamicSky/Meshes/Ultra_Dynamic_Sky_Sphere.uasset" 611
"C:/Users/whart/OneDrive/Documents/GitHub/Unreal-Engine-C-/Content/UltraDynamicSky/Meshes/Ultra_Dynamic_Sky_Sphere.uexp" 612
"C:/Users/whart/OneDrive/Documents/GitHub/Unreal-Engine-C-/Content/UltraDynamicSky/Meshes/Space_Ring_FrontHalf.uasset" 613
"C:/Users/whart/OneDrive/Documents/GitHub/Unreal-Engine-C-/Content/UltraDynamicSky/Meshes/Space_Ring_FrontHalf.uexp" 614
"C:/Users/whart/OneDrive/Documents/GitHub/Unreal-Engine-C-/Content/UltraDynamicSky/Meshes/Space_Ring_BackHalf.uasset" 615
"C:/Users/whart/OneDrive/Documents/GitHub/Unreal-Engine-C-/Content/UltraDynamicSky/Meshes/Space_Ring_BackHalf.uexp" 616
"C:/Users/whart/OneDrive/Documents/GitHub/Unreal-Engine-C-/Content/UltraDynamicSky/Meshes/Space_Planet.uasset" 617
"C:/Users/whart/OneDrive/Documents/GitHub/Unreal-Engine-C-/Content/UltraDynamicSky/Meshes/Space_Planet.uexp" 618
"C:/Users/whart/OneDrive/Documents/GitHub/Unreal-Engine-C-/Content/UltraDynamicSky/Meshes/Space_Glow_Circle.uasset" 619
"C:/Users/whart/OneDrive/Documents/GitHub/Unreal-Engine-C-/Content/UltraDynamicSky/Meshes/Space_Glow_Circle.uexp" 620
"C:/Users/whart/OneDrive/Documents/GitHub/Unreal-Engine-C-/Content/UltraDynamicSky/Meshes/Nebula_Sphere.uasset" 621
"C:/Users/whart/OneDrive/Documents/GitHub/Unreal-Engine-C-/Content/UltraDynamicSky/Meshes/Nebula_Sphere.uexp" 622
"C:/Users/whart/OneDrive/Documents/GitHub/Unreal-Engine-C-/Content/UltraDynamicSky/Meshes/2D_Turbulence_Disk.uasset" 623
"C:/Users/whart/OneDrive/Documents/GitHub/Unreal-Engine-C-/Content/UltraDynamicSky/Meshes/2D_Turbulence_Disk.uexp" 624
"C:/Users/whart/OneDrive/Documents/GitHub/Unreal-Engine-C-/Content/UltraDynamicSky/Blueprints/Enum/UDS_SkyMode.uasset" 625
"C:/Users/whart/OneDrive/Documents/GitHub/Unreal-Engine-C-/Content/UltraDynamicSky/Blueprints/Enum/UDS_SkyMode.uexp" 626
"C:/Users/whart/OneDrive/Documents/GitHub/Unreal-Engine-C-/Content/UltraDynamicSky/Blueprints/Enum/UDS_VolRT_Mode.uasset" 627
"C:/Users/whart/OneDrive/Documents/GitHub/Unreal-Engine-C-/Content/UltraDynamicSky/Blueprints/Enum/UDS_VolRT_Mode.uexp" 628
"C:/Users/whart/OneDrive/Documents/GitHub/Unreal-Engine-C-/Content/UltraDynamicSky/Blueprints/System/UDS_Cloud_Paint_Cell.uasset" 629
"C:/Users/whart/OneDrive/Documents/GitHub/Unreal-Engine-C-/Content/UltraDynamicSky/Blueprints/System/UDS_Cloud_Paint_Cell.uexp" 630
"C:/Users/whart/OneDrive/Documents/GitHub/Unreal-Engine-C-/Content/UltraDynamicSky/Textures/Icons/CloudPainter_Icon.uasset" 631
"C:/Users/whart/OneDrive/Documents/GitHub/Unreal-Engine-C-/Content/UltraDynamicSky/Textures/Icons/CloudPainter_Icon.uexp" 632
"C:/Users/whart/OneDrive/Documents/GitHub/Unreal-Engine-C-/Content/UltraDynamicSky/Blueprints/Enum/UDS_RunContext.uasset" 633
"C:/Users/whart/OneDrive/Documents/GitHub/Unreal-Engine-C-/Content/UltraDynamicSky/Blueprints/Enum/UDS_RunContext.uexp" 634
"C:/Users/whart/OneDrive/Documents/GitHub/Unreal-Engine-C-/Content/UltraDynamicSky/Blueprints/System/UDS_Cloud_Paint_Container.uasset" 635
"C:/Users/whart/OneDrive/Documents/GitHub/Unreal-Engine-C-/Content/UltraDynamicSky/Blueprints/System/UDS_Cloud_Paint_Container.uexp" 636
"C:/Users/whart/OneDrive/Documents/GitHub/Unreal-Engine-C-/Content/UltraDynamicSky/Blueprints/Enum/UDS_RenderingFeatureLevel.uasset" 637
"C:/Users/whart/OneDrive/Documents/GitHub/Unreal-Engine-C-/Content/UltraDynamicSky/Blueprints/Enum/UDS_RenderingFeatureLevel.uexp" 638
"C:/Users/whart/OneDrive/Documents/GitHub/Unreal-Engine-C-/Content/UltraDynamicSky/Blueprints/Enum/UDS_PropertyType.uasset" 639
"C:/Users/whart/OneDrive/Documents/GitHub/Unreal-Engine-C-/Content/UltraDynamicSky/Blueprints/Enum/UDS_PropertyType.uexp" 640
"C:/Users/whart/OneDrive/Documents/GitHub/Unreal-Engine-C-/Content/UltraDynamicSky/Blueprints/Enum/UDS_Project_Mode.uasset" 641
"C:/Users/whart/OneDrive/Documents/GitHub/Unreal-Engine-C-/Content/UltraDynamicSky/Blueprints/Enum/UDS_Project_Mode.uexp" 642
"C:/Users/whart/OneDrive/Documents/GitHub/Unreal-Engine-C-/Content/UltraDynamicSky/Blueprints/Enum/UDS_Occlusion_Mode.uasset" 643
"C:/Users/whart/OneDrive/Documents/GitHub/Unreal-Engine-C-/Content/UltraDynamicSky/Blueprints/Enum/UDS_Occlusion_Mode.uexp" 644
"C:/Users/whart/OneDrive/Documents/GitHub/Unreal-Engine-C-/Content/UltraDynamicSky/Blueprints/Enum/UDS_Occlusion_Water_Behavior.uasset" 645
"C:/Users/whart/OneDrive/Documents/GitHub/Unreal-Engine-C-/Content/UltraDynamicSky/Blueprints/Enum/UDS_Occlusion_Water_Behavior.uexp" 646
"C:/Users/whart/OneDrive/Documents/GitHub/Unreal-Engine-C-/Content/UltraDynamicSky/Blueprints/Enum/UDS_OcclusionSamplingLocation.uasset" 647
"C:/Users/whart/OneDrive/Documents/GitHub/Unreal-Engine-C-/Content/UltraDynamicSky/Blueprints/Enum/UDS_OcclusionSamplingLocation.uexp" 648
"C:/Users/whart/OneDrive/Documents/GitHub/Unreal-Engine-C-/Content/UltraDynamicSky/Blueprints/System/UDS_OcclusionSettings.uasset" 649
"C:/Users/whart/OneDrive/Documents/GitHub/Unreal-Engine-C-/Content/UltraDynamicSky/Blueprints/System/UDS_OcclusionSettings.uexp" 650
"C:/Users/whart/OneDrive/Documents/GitHub/Unreal-Engine-C-/Content/UltraDynamicSky/Blueprints/Occlusion/Occlusion_Settings/UDS_Standard_Occlusion_Settings.uasset" 651
"C:/Users/whart/OneDrive/Documents/GitHub/Unreal-Engine-C-/Content/UltraDynamicSky/Blueprints/Occlusion/Occlusion_Settings/UDS_Standard_Occlusion_Settings.uexp" 652
"C:/Users/whart/OneDrive/Documents/GitHub/Unreal-Engine-C-/Content/UltraDynamicSky/Blueprints/System/UDS_OcclusionState.uasset" 653
"C:/Users/whart/OneDrive/Documents/GitHub/Unreal-Engine-C-/Content/UltraDynamicSky/Blueprints/System/UDS_OcclusionState.uexp" 654
"C:/Users/whart/OneDrive/Documents/GitHub/Unreal-Engine-C-/Content/UltraDynamicSky/Blueprints/Occlusion/OcclusionState/Sky_Occlusion_State.uasset" 655
"C:/Users/whart/OneDrive/Documents/GitHub/Unreal-Engine-C-/Content/UltraDynamicSky/Blueprints/Occlusion/OcclusionState/Sky_Occlusion_State.uexp" 656
"C:/Users/whart/OneDrive/Documents/GitHub/Unreal-Engine-C-/Content/UltraDynamicSky/Blueprints/System/Editor_UI/UDS_VersionInfo.uasset" 657
"C:/Users/whart/OneDrive/Documents/GitHub/Unreal-Engine-C-/Content/UltraDynamicSky/Blueprints/System/Editor_UI/UDS_VersionInfo.uexp" 658
"C:/Users/whart/OneDrive/Documents/GitHub/Unreal-Engine-C-/Content/UltraDynamicSky/Blueprints/System/Editor_UI/UDS_CurrentVersion.uasset" 659
"C:/Users/whart/OneDrive/Documents/GitHub/Unreal-Engine-C-/Content/UltraDynamicSky/Blueprints/System/Editor_UI/UDS_CurrentVersion.uexp" 660
"C:/Users/whart/OneDrive/Documents/GitHub/Unreal-Engine-C-/Content/UltraDynamicSky/Blueprints/System/Editor_UI/UDS_Utility_Opener_Interface.uasset" 661
"C:/Users/whart/OneDrive/Documents/GitHub/Unreal-Engine-C-/Content/UltraDynamicSky/Blueprints/System/Editor_UI/UDS_Utility_Opener_Interface.uexp" 662
"C:/Users/whart/OneDrive/Documents/GitHub/Unreal-Engine-C-/Content/UltraDynamicSky/Blueprints/Enum/UDS_RandomWeatherTiming.uasset" 663
"C:/Users/whart/OneDrive/Documents/GitHub/Unreal-Engine-C-/Content/UltraDynamicSky/Blueprints/Enum/UDS_RandomWeatherTiming.uexp" 664
"C:/Users/whart/OneDrive/Documents/GitHub/Unreal-Engine-C-/Content/UltraDynamicSky/Blueprints/System/RandomWeatherVariation_State.uasset" 665
"C:/Users/whart/OneDrive/Documents/GitHub/Unreal-Engine-C-/Content/UltraDynamicSky/Blueprints/System/RandomWeatherVariation_State.uexp" 666
"C:/Users/whart/OneDrive/Documents/GitHub/Unreal-Engine-C-/Content/UltraDynamicSky/Blueprints/Weather_Effects/System/UDW_WeatherState_Structure.uasset" 667
"C:/Users/whart/OneDrive/Documents/GitHub/Unreal-Engine-C-/Content/UltraDynamicSky/Blueprints/Weather_Effects/System/UDW_WeatherState_Structure.uexp" 668
"C:/Users/whart/OneDrive/Documents/GitHub/Unreal-Engine-C-/Content/UltraDynamicSky/Blueprints/Weather_Effects/System/UDW_WOV_State.uasset" 669
"C:/Users/whart/OneDrive/Documents/GitHub/Unreal-Engine-C-/Content/UltraDynamicSky/Blueprints/Weather_Effects/System/UDW_WOV_State.uexp" 670
"C:/Users/whart/OneDrive/Documents/GitHub/Unreal-Engine-C-/Content/UltraDynamicSky/Blueprints/System/UDS_DateAndTime.uasset" 671
"C:/Users/whart/OneDrive/Documents/GitHub/Unreal-Engine-C-/Content/UltraDynamicSky/Blueprints/System/UDS_DateAndTime.uexp" 672
"C:/Users/whart/OneDrive/Documents/GitHub/Unreal-Engine-C-/Content/UltraDynamicSky/Blueprints/Enum/UDS_Modifier_Color_Property.uasset" 673
"C:/Users/whart/OneDrive/Documents/GitHub/Unreal-Engine-C-/Content/UltraDynamicSky/Blueprints/Enum/UDS_Modifier_Color_Property.uexp" 674
"C:/Users/whart/OneDrive/Documents/GitHub/Unreal-Engine-C-/Content/UltraDynamicSky/Blueprints/Enum/UDS_Modifier_Float_Property.uasset" 675
"C:/Users/whart/OneDrive/Documents/GitHub/Unreal-Engine-C-/Content/UltraDynamicSky/Blueprints/Enum/UDS_Modifier_Float_Property.uexp" 676
"C:/Users/whart/OneDrive/Documents/GitHub/Unreal-Engine-C-/Content/UltraDynamicSky/Blueprints/System/UDS_Modifier.uasset" 677
"C:/Users/whart/OneDrive/Documents/GitHub/Unreal-Engine-C-/Content/UltraDynamicSky/Blueprints/System/UDS_Modifier.uexp" 678
"C:/Users/whart/OneDrive/Documents/GitHub/Unreal-Engine-C-/Content/UltraDynamicSky/Blueprints/System/UDS_and_UDW_State.uasset" 679
"C:/Users/whart/OneDrive/Documents/GitHub/Unreal-Engine-C-/Content/UltraDynamicSky/Blueprints/System/UDS_and_UDW_State.uexp" 680
"C:/Users/whart/OneDrive/Documents/GitHub/Unreal-Engine-C-/Content/UltraDynamicSky/Blueprints/System/UDS_Calendar.uasset" 681
"C:/Users/whart/OneDrive/Documents/GitHub/Unreal-Engine-C-/Content/UltraDynamicSky/Blueprints/System/UDS_Calendar.uexp" 682
"C:/Users/whart/OneDrive/Documents/GitHub/Unreal-Engine-C-/Content/UltraDynamicSky/Meshes/Portal_Arrow.uasset" 683
"C:/Users/whart/OneDrive/Documents/GitHub/Unreal-Engine-C-/Content/UltraDynamicSky/Meshes/Portal_Arrow.uexp" 684
"C:/Users/whart/OneDrive/Documents/GitHub/Unreal-Engine-C-/Content/UltraDynamicSky/Blueprints/Occlusion/UDS_Occlusion_Portal.uasset" 685
"C:/Users/whart/OneDrive/Documents/GitHub/Unreal-Engine-C-/Content/UltraDynamicSky/Blueprints/Occlusion/UDS_Occlusion_Portal.uexp" 686
"C:/Users/whart/OneDrive/Documents/GitHub/Unreal-Engine-C-/Content/UltraDynamicSky/Textures/Icons/OcclusionVolume.uasset" 687
"C:/Users/whart/OneDrive/Documents/GitHub/Unreal-Engine-C-/Content/UltraDynamicSky/Textures/Icons/OcclusionVolume.uexp" 688
"C:/Users/whart/OneDrive/Documents/GitHub/Unreal-Engine-C-/Content/UltraDynamicSky/Blueprints/Enum/UDS_OcclusionShape.uasset" 689
"C:/Users/whart/OneDrive/Documents/GitHub/Unreal-Engine-C-/Content/UltraDynamicSky/Blueprints/Enum/UDS_OcclusionShape.uexp" 690
"C:/Users/whart/OneDrive/Documents/GitHub/Unreal-Engine-C-/Content/UltraDynamicSky/Blueprints/System/UDS_Volume_Actor.uasset" 691
"C:/Users/whart/OneDrive/Documents/GitHub/Unreal-Engine-C-/Content/UltraDynamicSky/Blueprints/System/UDS_Volume_Actor.uexp" 692
"C:/Users/whart/OneDrive/Documents/GitHub/Unreal-Engine-C-/Content/UltraDynamicSky/Blueprints/Occlusion/UDS_Occlusion_Volume.uasset" 693
"C:/Users/whart/OneDrive/Documents/GitHub/Unreal-Engine-C-/Content/UltraDynamicSky/Blueprints/Occlusion/UDS_Occlusion_Volume.uexp" 694
"C:/Users/whart/OneDrive/Documents/GitHub/Unreal-Engine-C-/Content/UltraDynamicSky/Blueprints/System/UDS_PlayerOcclusion.uasset" 695
"C:/Users/whart/OneDrive/Documents/GitHub/Unreal-Engine-C-/Content/UltraDynamicSky/Blueprints/System/UDS_PlayerOcclusion.uexp" 696
"C:/Users/whart/OneDrive/Documents/GitHub/Unreal-Engine-C-/Content/UltraDynamicSky/Blueprints/Weather_Effects/System/Radial_Storm_Sky_Interface.uasset" 697
"C:/Users/whart/OneDrive/Documents/GitHub/Unreal-Engine-C-/Content/UltraDynamicSky/Blueprints/Weather_Effects/System/Radial_Storm_Sky_Interface.uexp" 698
"C:/Users/whart/OneDrive/Documents/GitHub/Unreal-Engine-C-/Content/UltraDynamicSky/Blueprints/Weather_Effects/System/UDW_WeatherControlledActor_Interface.uasset" 699
"C:/Users/whart/OneDrive/Documents/GitHub/Unreal-Engine-C-/Content/UltraDynamicSky/Blueprints/Weather_Effects/System/UDW_WeatherControlledActor_Interface.uexp" 700
"C:/Users/whart/OneDrive/Documents/GitHub/Unreal-Engine-C-/Content/UltraDynamicSky/Blueprints/System/UDS_Modifier_Interface.uasset" 701
"C:/Users/whart/OneDrive/Documents/GitHub/Unreal-Engine-C-/Content/UltraDynamicSky/Blueprints/System/UDS_Modifier_Interface.uexp" 702
"C:/Users/whart/OneDrive/Documents/GitHub/Unreal-Engine-C-/Content/UltraDynamicSky/Blueprints/Weather_Effects/System/UDS_Weather_Settings.uasset" 703
"C:/Users/whart/OneDrive/Documents/GitHub/Unreal-Engine-C-/Content/UltraDynamicSky/Blueprints/Weather_Effects/System/UDS_Weather_Settings.uexp" 704
"C:/Users/whart/OneDrive/Documents/GitHub/Unreal-Engine-C-/Content/UltraDynamicSky/Blueprints/Weather_Effects/System/Ultra_Dynamic_Weather_Interface.uasset" 705
"C:/Users/whart/OneDrive/Documents/GitHub/Unreal-Engine-C-/Content/UltraDynamicSky/Blueprints/Weather_Effects/System/Ultra_Dynamic_Weather_Interface.uexp" 706
"C:/Users/whart/OneDrive/Documents/GitHub/Unreal-Engine-C-/Content/UltraDynamicSky/Blueprints/Enum/UDS_SkyLightMode.uasset" 707
"C:/Users/whart/OneDrive/Documents/GitHub/Unreal-Engine-C-/Content/UltraDynamicSky/Blueprints/Enum/UDS_SkyLightMode.uexp" 708
"C:/Users/whart/OneDrive/Documents/GitHub/Unreal-Engine-C-/Content/UltraDynamicSky/Blueprints/Enum/UDS_CachedProperties.uasset" 709
"C:/Users/whart/OneDrive/Documents/GitHub/Unreal-Engine-C-/Content/UltraDynamicSky/Blueprints/Enum/UDS_CachedProperties.uexp" 710
"C:/Users/whart/OneDrive/Documents/GitHub/Unreal-Engine-C-/Content/UltraDynamicSky/Blueprints/Enum/UDS_CityPresets.uasset" 711
"C:/Users/whart/OneDrive/Documents/GitHub/Unreal-Engine-C-/Content/UltraDynamicSky/Blueprints/Enum/UDS_CityPresets.uexp" 712
"C:/Users/whart/OneDrive/Documents/GitHub/Unreal-Engine-C-/Content/UltraDynamicSky/Blueprints/Enum/UDS_Cache_Group.uasset" 713
"C:/Users/whart/OneDrive/Documents/GitHub/Unreal-Engine-C-/Content/UltraDynamicSky/Blueprints/Enum/UDS_Cache_Group.uexp" 714
"C:/Users/whart/OneDrive/Documents/GitHub/Unreal-Engine-C-/Content/UltraDynamicSky/Blueprints/Enum/UDS_ColorMode.uasset" 715
"C:/Users/whart/OneDrive/Documents/GitHub/Unreal-Engine-C-/Content/UltraDynamicSky/Blueprints/Enum/UDS_ColorMode.uexp" 716
"C:/Users/whart/OneDrive/Documents/GitHub/Unreal-Engine-C-/Content/UltraDynamicSky/Blueprints/Enum/UDS_FogColorMode.uasset" 717
"C:/Users/whart/OneDrive/Documents/GitHub/Unreal-Engine-C-/Content/UltraDynamicSky/Blueprints/Enum/UDS_FogColorMode.uexp" 718
"C:/Users/whart/OneDrive/Documents/GitHub/Unreal-Engine-C-/Content/UltraDynamicSky/Blueprints/Enum/UDS_LensFlareType.uasset" 719
"C:/Users/whart/OneDrive/Documents/GitHub/Unreal-Engine-C-/Content/UltraDynamicSky/Blueprints/Enum/UDS_LensFlareType.uexp" 720
"C:/Users/whart/OneDrive/Documents/GitHub/Unreal-Engine-C-/Content/UltraDynamicSky/Blueprints/Enum/UDS_Planet_Lightsource.uasset" 721
"C:/Users/whart/OneDrive/Documents/GitHub/Unreal-Engine-C-/Content/UltraDynamicSky/Blueprints/Enum/UDS_Planet_Lightsource.uexp" 722
"C:/Users/whart/OneDrive/Documents/GitHub/Unreal-Engine-C-/Content/UltraDynamicSky/Blueprints/Enum/UDS_Space_Parent.uasset" 723
"C:/Users/whart/OneDrive/Documents/GitHub/Unreal-Engine-C-/Content/UltraDynamicSky/Blueprints/Enum/UDS_Space_Parent.uexp" 724
"C:/Users/whart/OneDrive/Documents/GitHub/Unreal-Engine-C-/Content/UltraDynamicSky/Blueprints/System/Calendars/Gregorian_Calendar.uasset" 725
"C:/Users/whart/OneDrive/Documents/GitHub/Unreal-Engine-C-/Content/UltraDynamicSky/Blueprints/System/Calendars/Gregorian_Calendar.uexp" 726
"C:/Users/whart/OneDrive/Documents/GitHub/Unreal-Engine-C-/Content/UltraDynamicSky/Blueprints/System/Editor_UI/UDS_Editor_Tick_Interface.uasset" 727
"C:/Users/whart/OneDrive/Documents/GitHub/Unreal-Engine-C-/Content/UltraDynamicSky/Blueprints/System/Editor_UI/UDS_Editor_Tick_Interface.uexp" 728
"C:/Users/whart/OneDrive/Documents/GitHub/Unreal-Engine-C-/Content/UltraDynamicSky/Blueprints/System/UDS_Space_Planet.uasset" 729
"C:/Users/whart/OneDrive/Documents/GitHub/Unreal-Engine-C-/Content/UltraDynamicSky/Blueprints/System/UDS_Space_Planet.uexp" 730
"C:/Users/whart/OneDrive/Documents/GitHub/Unreal-Engine-C-/Content/UltraDynamicSky/Blueprints/System/UDS_Planet_Preset.uasset" 731
"C:/Users/whart/OneDrive/Documents/GitHub/Unreal-Engine-C-/Content/UltraDynamicSky/Blueprints/System/UDS_Planet_Preset.uexp" 732
"C:/Users/whart/OneDrive/Documents/GitHub/Unreal-Engine-C-/Content/UltraDynamicSky/Blueprints/System/UDS_Post_Process_Stage.uasset" 733
"C:/Users/whart/OneDrive/Documents/GitHub/Unreal-Engine-C-/Content/UltraDynamicSky/Blueprints/System/UDS_Post_Process_Stage.uexp" 734
"C:/Users/whart/OneDrive/Documents/GitHub/Unreal-Engine-C-/Content/UltraDynamicSky/Blueprints/System/UDS_Startup_Interface.uasset" 735
"C:/Users/whart/OneDrive/Documents/GitHub/Unreal-Engine-C-/Content/UltraDynamicSky/Blueprints/System/UDS_Startup_Interface.uexp" 736
"C:/Users/whart/OneDrive/Documents/GitHub/Unreal-Engine-C-/Content/UltraDynamicSky/Blueprints/Weather_Effects/System/RadialStorm_CoverageBrush.uasset" 737
"C:/Users/whart/OneDrive/Documents/GitHub/Unreal-Engine-C-/Content/UltraDynamicSky/Blueprints/Weather_Effects/System/RadialStorm_CoverageBrush.uexp" 738
"C:/Users/whart/OneDrive/Documents/GitHub/Unreal-Engine-C-/Content/UltraDynamicSky/Materials/Color_Curves/Fog_Directional_Scattering_Color.uasset" 739
"C:/Users/whart/OneDrive/Documents/GitHub/Unreal-Engine-C-/Content/UltraDynamicSky/Materials/Color_Curves/Fog_Directional_Scattering_Color.uexp" 740
"C:/Users/whart/OneDrive/Documents/GitHub/Unreal-Engine-C-/Content/UltraDynamicSky/Materials/Color_Curves/Fog_Scattering_Color.uasset" 741
"C:/Users/whart/OneDrive/Documents/GitHub/Unreal-Engine-C-/Content/UltraDynamicSky/Materials/Color_Curves/Fog_Scattering_Color.uexp" 742
"C:/Users/whart/OneDrive/Documents/GitHub/Unreal-Engine-C-/Content/UltraDynamicSky/Materials/Color_Curves/Sun_Disk_Color.uasset" 743
"C:/Users/whart/OneDrive/Documents/GitHub/Unreal-Engine-C-/Content/UltraDynamicSky/Materials/Color_Curves/Sun_Disk_Color.uexp" 744
"C:/Users/whart/OneDrive/Documents/GitHub/Unreal-Engine-C-/Content/UltraDynamicSky/Materials/Color_Curves/Sun_Light_Color.uasset" 745
"C:/Users/whart/OneDrive/Documents/GitHub/Unreal-Engine-C-/Content/UltraDynamicSky/Materials/Color_Curves/Sun_Light_Color.uexp" 746
"C:/Users/whart/OneDrive/Documents/GitHub/Unreal-Engine-C-/Content/UltraDynamicSky/Materials/Float_Curves/Directional_Light_Intensity.uasset" 747
"C:/Users/whart/OneDrive/Documents/GitHub/Unreal-Engine-C-/Content/UltraDynamicSky/Materials/Float_Curves/Directional_Light_Intensity.uexp" 748
"C:/Users/whart/OneDrive/Documents/GitHub/Unreal-Engine-C-/Content/UltraDynamicSky/Materials/Float_Curves/Equation_of_Time.uasset" 749
"C:/Users/whart/OneDrive/Documents/GitHub/Unreal-Engine-C-/Content/UltraDynamicSky/Materials/Float_Curves/Equation_of_Time.uexp" 750
"C:/Users/whart/OneDrive/Documents/GitHub/Unreal-Engine-C-/Content/UltraDynamicSky/Materials/Float_Curves/Exposure_Compensation_Curve.uasset" 751
"C:/Users/whart/OneDrive/Documents/GitHub/Unreal-Engine-C-/Content/UltraDynamicSky/Materials/Float_Curves/Exposure_Compensation_Curve.uexp" 752
"C:/Users/whart/OneDrive/Documents/GitHub/Unreal-Engine-C-/Content/UltraDynamicSky/Materials/Float_Curves/Shine_Intensity.uasset" 753
"C:/Users/whart/OneDrive/Documents/GitHub/Unreal-Engine-C-/Content/UltraDynamicSky/Materials/Float_Curves/Shine_Intensity.uexp" 754
"C:/Users/whart/OneDrive/Documents/GitHub/Unreal-Engine-C-/Content/UltraDynamicSky/Materials/Float_Curves/Skyatmosphere_Density.uasset" 755
"C:/Users/whart/OneDrive/Documents/GitHub/Unreal-Engine-C-/Content/UltraDynamicSky/Materials/Float_Curves/Skyatmosphere_Density.uexp" 756
"C:/Users/whart/OneDrive/Documents/GitHub/Unreal-Engine-C-/Content/UltraDynamicSky/Materials/Float_Curves/Sun_Highlight_Intensity.uasset" 757
"C:/Users/whart/OneDrive/Documents/GitHub/Unreal-Engine-C-/Content/UltraDynamicSky/Materials/Float_Curves/Sun_Highlight_Intensity.uexp" 758
"C:/Users/whart/OneDrive/Documents/GitHub/Unreal-Engine-C-/Content/UltraDynamicSky/Materials/Float_Curves/Sun_Highlight_Radius.uasset" 759
"C:/Users/whart/OneDrive/Documents/GitHub/Unreal-Engine-C-/Content/UltraDynamicSky/Materials/Float_Curves/Sun_Highlight_Radius.uexp" 760
"C:/Users/whart/OneDrive/Documents/GitHub/Unreal-Engine-C-/Content/UltraDynamicSky/Materials/Space/Space_Planet_Glow_Mat.uasset" 761
"C:/Users/whart/OneDrive/Documents/GitHub/Unreal-Engine-C-/Content/UltraDynamicSky/Materials/Space/Space_Planet_Glow_Mat.uexp" 762
"../../../Engine/Content/Functions/Engine_MaterialFunctions02/Math/ProjectVectorOntoPlane.uasset" 763
"../../../Engine/Content/Functions/Engine_MaterialFunctions02/Math/ProjectVectorOntoPlane.uexp" 764
"C:/Users/whart/OneDrive/Documents/GitHub/Unreal-Engine-C-/Content/UltraDynamicSky/Textures/Space/Rings/Planetary_Ring_1.ubulk" 765
"C:/Users/whart/OneDrive/Documents/GitHub/Unreal-Engine-C-/Content/UltraDynamicSky/Textures/Space/Rings/Planetary_Ring_1.uasset" 766
"C:/Users/whart/OneDrive/Documents/GitHub/Unreal-Engine-C-/Content/UltraDynamicSky/Textures/Space/Rings/Planetary_Ring_1.uexp" 767
"C:/Users/whart/OneDrive/Documents/GitHub/Unreal-Engine-C-/Content/UltraDynamicSky/Materials/Space/Space_Ring_Mat.uasset" 768
"C:/Users/whart/OneDrive/Documents/GitHub/Unreal-Engine-C-/Content/UltraDynamicSky/Materials/Space/Space_Ring_Mat.uexp" 769
"C:/Users/whart/OneDrive/Documents/GitHub/Unreal-Engine-C-/Content/UltraDynamicSky/Materials/Weather/Draw_Texture_Mat.uasset" 770
"C:/Users/whart/OneDrive/Documents/GitHub/Unreal-Engine-C-/Content/UltraDynamicSky/Materials/Weather/Draw_Texture_Mat.uexp" 771
"C:/Users/whart/OneDrive/Documents/GitHub/Unreal-Engine-C-/Content/UltraDynamicSky/Materials/Weather/Radial_Storm_Cloud_Draw.uasset" 772
"C:/Users/whart/OneDrive/Documents/GitHub/Unreal-Engine-C-/Content/UltraDynamicSky/Materials/Weather/Radial_Storm_Cloud_Draw.uexp" 773
"C:/Users/whart/OneDrive/Documents/GitHub/Unreal-Engine-C-/Content/UltraDynamicSky/Textures/Icons/UDS_Icon.uasset" 774
"C:/Users/whart/OneDrive/Documents/GitHub/Unreal-Engine-C-/Content/UltraDynamicSky/Textures/Icons/UDS_Icon.uexp" 775
"C:/Users/whart/OneDrive/Documents/GitHub/Unreal-Engine-C-/Content/UltraDynamicSky/Textures/Sky/AtmosphericScattering_LUT.uasset" 776
"C:/Users/whart/OneDrive/Documents/GitHub/Unreal-Engine-C-/Content/UltraDynamicSky/Textures/Sky/AtmosphericScattering_LUT.uexp" 777
"C:/Users/whart/OneDrive/Documents/GitHub/Unreal-Engine-C-/Content/UltraDynamicSky/Blueprints/Ultra_Dynamic_Sky.uasset" 778
"C:/Users/whart/OneDrive/Documents/GitHub/Unreal-Engine-C-/Content/UltraDynamicSky/Blueprints/Ultra_Dynamic_Sky.uexp" 779
"C:/Users/whart/OneDrive/Documents/GitHub/Unreal-Engine-C-/Content/UltraDynamicSky/Blueprints/System/Editor_UI/UDS_Readme_Interface.uasset" 780
"C:/Users/whart/OneDrive/Documents/GitHub/Unreal-Engine-C-/Content/UltraDynamicSky/Blueprints/System/Editor_UI/UDS_Readme_Interface.uexp" 781
"C:/Users/whart/OneDrive/Documents/GitHub/Unreal-Engine-C-/Content/UltraDynamicSky/Sound/UDS_Outdoor_Sound.uasset" 782
"C:/Users/whart/OneDrive/Documents/GitHub/Unreal-Engine-C-/Content/UltraDynamicSky/Sound/UDS_Outdoor_Sound.uexp" 783
"C:/Users/whart/OneDrive/Documents/GitHub/Unreal-Engine-C-/Content/UltraDynamicSky/Textures/Weather/DLWE_MaskTarget.uasset" 784
"C:/Users/whart/OneDrive/Documents/GitHub/Unreal-Engine-C-/Content/UltraDynamicSky/Textures/Weather/DLWE_MaskTarget.uexp" 785
"../../../Engine/Plugins/FX/Niagara/Content/Enums/ENiagara_EmitterStateOptions.uasset" 786
"../../../Engine/Plugins/FX/Niagara/Content/Enums/ENiagara_EmitterStateOptions.uexp" 787
"../../../Engine/Plugins/FX/Niagara/Content/Enums/ENiagara_InfiniteLoopDuration.uasset" 788
"../../../Engine/Plugins/FX/Niagara/Content/Enums/ENiagara_InfiniteLoopDuration.uexp" 789
"../../../Engine/Plugins/FX/Niagara/Content/Enums/ENiagaraEmitterLifeCycleMode.uasset" 790
"../../../Engine/Plugins/FX/Niagara/Content/Enums/ENiagaraEmitterLifeCycleMode.uexp" 791
"../../../Engine/Plugins/FX/Niagara/Content/Enums/ENiagaraEmitterScalabilityMode_Limited.uasset" 792
"../../../Engine/Plugins/FX/Niagara/Content/Enums/ENiagaraEmitterScalabilityMode_Limited.uexp" 793
"../../../Engine/Plugins/FX/Niagara/Content/Enums/ENiagaraInactiveMode.uasset" 794
"../../../Engine/Plugins/FX/Niagara/Content/Enums/ENiagaraInactiveMode.uexp" 795
"../../../Engine/Plugins/FX/Niagara/Content/Icons/Modules/T_Icon_Scalability_Emitter.uasset" 796
"../../../Engine/Plugins/FX/Niagara/Content/Icons/Modules/T_Icon_Scalability_Emitter.uexp" 797
"../../../Engine/Plugins/FX/Niagara/Content/Icons/Modules/T_Icon_Scalability_System.uasset" 798
"../../../Engine/Plugins/FX/Niagara/Content/Icons/Modules/T_Icon_Scalability_System.uexp" 799
"../../../Engine/Plugins/FX/Niagara/Content/Enums/ENiagaraSystemInactiveMode.uasset" 800
"../../../Engine/Plugins/FX/Niagara/Content/Enums/ENiagaraSystemInactiveMode.uexp" 801
"../../../Engine/Plugins/FX/Niagara/Content/Enums/ENiagaraRandomnessMode.uasset" 802
"../../../Engine/Plugins/FX/Niagara/Content/Enums/ENiagaraRandomnessMode.uexp" 803
"../../../Engine/Plugins/FX/Niagara/Content/Icons/Modules/T_Icon_Particle_InfiniteLife.uasset" 804
"../../../Engine/Plugins/FX/Niagara/Content/Icons/Modules/T_Icon_Particle_InfiniteLife.uexp" 805
"../../../Engine/Plugins/FX/Niagara/Content/Enums/ENiagaraRandomnessEvaluation.uasset" 806
"../../../Engine/Plugins/FX/Niagara/Content/Enums/ENiagaraRandomnessEvaluation.uexp" 807
"../../../Engine/Plugins/FX/Niagara/Content/Enums/ENiagara_UVFlippingMode.uasset" 808
"../../../Engine/Plugins/FX/Niagara/Content/Enums/ENiagara_UVFlippingMode.uexp" 809
"../../../Engine/Plugins/FX/Niagara/Content/Enums/ENiagara_SpriteRotationMode.uasset" 810
"../../../Engine/Plugins/FX/Niagara/Content/Enums/ENiagara_SpriteRotationMode.uexp" 811
"../../../Engine/Plugins/FX/Niagara/Content/Enums/ENiagara_SizeScaleMode.uasset" 812
"../../../Engine/Plugins/FX/Niagara/Content/Enums/ENiagara_SizeScaleMode.uexp" 813
"../../../Engine/Plugins/FX/Niagara/Content/Enums/ENiagara_PositionInitializationMode.uasset" 814
"../../../Engine/Plugins/FX/Niagara/Content/Enums/ENiagara_PositionInitializationMode.uexp" 815
"../../../Engine/Plugins/FX/Niagara/Content/Enums/ENiagara_MassInitializationMode.uasset" 816
"../../../Engine/Plugins/FX/Niagara/Content/Enums/ENiagara_MassInitializationMode.uexp" 817
"../../../Engine/Plugins/FX/Niagara/Content/Enums/ENiagara_LifetimeMode.uasset" 818
"../../../Engine/Plugins/FX/Niagara/Content/Enums/ENiagara_LifetimeMode.uexp" 819
"../../../Engine/Plugins/FX/Niagara/Content/Enums/ENiagara_ColorInitializationMode.uasset" 820
"../../../Engine/Plugins/FX/Niagara/Content/Enums/ENiagara_ColorInitializationMode.uexp" 821
"../../../Engine/Plugins/FX/Niagara/Content/Enums/ENiagaraScaleColorMode.uasset" 822
"../../../Engine/Plugins/FX/Niagara/Content/Enums/ENiagaraScaleColorMode.uexp" 823
"../../../Engine/Plugins/FX/Niagara/Content/Enums/ENiagaraChannelCorrelation.uasset" 824
"../../../Engine/Plugins/FX/Niagara/Content/Enums/ENiagaraChannelCorrelation.uexp" 825
"../../../Engine/Plugins/FX/Niagara/Content/Enums/Ribbons/ENiagara_UnsetDirectSet.uasset" 826
"../../../Engine/Plugins/FX/Niagara/Content/Enums/Ribbons/ENiagara_UnsetDirectSet.uexp" 827
"../../../Engine/Plugins/FX/Niagara/Content/Enums/Ribbons/ENiagara_UnsetDirectSetRandom.uasset" 828
"../../../Engine/Plugins/FX/Niagara/Content/Enums/Ribbons/ENiagara_UnsetDirectSetRandom.uexp" 829
"../../../Engine/Plugins/FX/Niagara/Content/Enums/Utility/ENiagara_DynamicMaterialParametersInputMode.uasset" 830
"../../../Engine/Plugins/FX/Niagara/Content/Enums/Utility/ENiagara_DynamicMaterialParametersInputMode.uexp" 831
"C:/Users/whart/OneDrive/Documents/GitHub/Unreal-Engine-C-/Content/UltraDynamicSky/Textures/Weather/Weather_Mask_Brush_Target.uasset" 832
"C:/Users/whart/OneDrive/Documents/GitHub/Unreal-Engine-C-/Content/UltraDynamicSky/Textures/Weather/Weather_Mask_Brush_Target.uexp" 833
"C:/Users/whart/OneDrive/Documents/GitHub/Unreal-Engine-C-/Content/UltraDynamicSky/Materials/Material_Functions/Sample_Weather_Mask_Brushes.uasset" 834
"C:/Users/whart/OneDrive/Documents/GitHub/Unreal-Engine-C-/Content/UltraDynamicSky/Materials/Material_Functions/Sample_Weather_Mask_Brushes.uexp" 835
"C:/Users/whart/OneDrive/Documents/GitHub/Unreal-Engine-C-/Content/UltraDynamicSky/Textures/Weather/WOV_Material_State_Target.uasset" 836
"C:/Users/whart/OneDrive/Documents/GitHub/Unreal-Engine-C-/Content/UltraDynamicSky/Textures/Weather/WOV_Material_State_Target.uexp" 837
"C:/Users/whart/OneDrive/Documents/GitHub/Unreal-Engine-C-/Content/UltraDynamicSky/Materials/Material_Functions/Sample_WOV_Target.uasset" 838
"C:/Users/whart/OneDrive/Documents/GitHub/Unreal-Engine-C-/Content/UltraDynamicSky/Materials/Material_Functions/Sample_WOV_Target.uexp" 839
"C:/Users/whart/OneDrive/Documents/GitHub/Unreal-Engine-C-/Content/UltraDynamicSky/Materials/Weather/Sample_UDW_Material_State.uasset" 840
"C:/Users/whart/OneDrive/Documents/GitHub/Unreal-Engine-C-/Content/UltraDynamicSky/Materials/Weather/Sample_UDW_Material_State.uexp" 841
"C:/Users/whart/OneDrive/Documents/GitHub/Unreal-Engine-C-/Content/UltraDynamicSky/Materials/Material_Functions/DLWE_PuddleMask.uasset" 842
"C:/Users/whart/OneDrive/Documents/GitHub/Unreal-Engine-C-/Content/UltraDynamicSky/Materials/Material_Functions/DLWE_PuddleMask.uexp" 843
"C:/Users/whart/OneDrive/Documents/GitHub/Unreal-Engine-C-/Content/UltraDynamicSky/Textures/Weather/DLWE_Noise.ubulk" 844
"C:/Users/whart/OneDrive/Documents/GitHub/Unreal-Engine-C-/Content/UltraDynamicSky/Textures/Weather/DLWE_Noise.uasset" 845
"C:/Users/whart/OneDrive/Documents/GitHub/Unreal-Engine-C-/Content/UltraDynamicSky/Textures/Weather/DLWE_Noise.uexp" 846
"C:/Users/whart/OneDrive/Documents/GitHub/Unreal-Engine-C-/Content/UltraDynamicSky/Materials/Material_Functions/DLWE_VariationClouds.uasset" 847
"C:/Users/whart/OneDrive/Documents/GitHub/Unreal-Engine-C-/Content/UltraDynamicSky/Materials/Material_Functions/DLWE_VariationClouds.uexp" 848
"C:/Users/whart/OneDrive/Documents/GitHub/Unreal-Engine-C-/Content/UltraDynamicSky/Materials/Weather/PuddleRipple_Decal.uasset" 849
"C:/Users/whart/OneDrive/Documents/GitHub/Unreal-Engine-C-/Content/UltraDynamicSky/Materials/Weather/PuddleRipple_Decal.uexp" 850
"C:/Users/whart/OneDrive/Documents/GitHub/Unreal-Engine-C-/Content/UltraDynamicSky/Particles/Puddle_Ripple.uasset" 851
"C:/Users/whart/OneDrive/Documents/GitHub/Unreal-Engine-C-/Content/UltraDynamicSky/Particles/Puddle_Ripple.uexp" 852
"C:/Users/whart/OneDrive/Documents/GitHub/Unreal-Engine-C-/Content/UltraDynamicSky/Meshes/Rainbow.uasset" 853
"C:/Users/whart/OneDrive/Documents/GitHub/Unreal-Engine-C-/Content/UltraDynamicSky/Meshes/Rainbow.uexp" 854
"C:/Users/whart/OneDrive/Documents/GitHub/Unreal-Engine-C-/Content/UltraDynamicSky/Blueprints/Enum/UDS_ControlPointMode.uasset" 855
"C:/Users/whart/OneDrive/Documents/GitHub/Unreal-Engine-C-/Content/UltraDynamicSky/Blueprints/Enum/UDS_ControlPointMode.uexp" 856
"C:/Users/whart/OneDrive/Documents/GitHub/Unreal-Engine-C-/Content/UltraDynamicSky/Blueprints/Enum/UDS_Particle_Collision_Mode.uasset" 857
"C:/Users/whart/OneDrive/Documents/GitHub/Unreal-Engine-C-/Content/UltraDynamicSky/Blueprints/Enum/UDS_Particle_Collision_Mode.uexp" 858
"C:/Users/whart/OneDrive/Documents/GitHub/Unreal-Engine-C-/Content/UltraDynamicSky/Blueprints/Enum/UDS_Rain_Splash_RenderMode.uasset" 859
"C:/Users/whart/OneDrive/Documents/GitHub/Unreal-Engine-C-/Content/UltraDynamicSky/Blueprints/Enum/UDS_Rain_Splash_RenderMode.uexp" 860
"C:/Users/whart/OneDrive/Documents/GitHub/Unreal-Engine-C-/Content/UltraDynamicSky/Blueprints/Enum/UDS_Season.uasset" 861
"C:/Users/whart/OneDrive/Documents/GitHub/Unreal-Engine-C-/Content/UltraDynamicSky/Blueprints/Enum/UDS_Season.uexp" 862
"C:/Users/whart/OneDrive/Documents/GitHub/Unreal-Engine-C-/Content/UltraDynamicSky/Blueprints/Enum/UDS_SeasonMode.uasset" 863
"C:/Users/whart/OneDrive/Documents/GitHub/Unreal-Engine-C-/Content/UltraDynamicSky/Blueprints/Enum/UDS_SeasonMode.uexp" 864
"C:/Users/whart/OneDrive/Documents/GitHub/Unreal-Engine-C-/Content/UltraDynamicSky/Blueprints/Enum/UDS_Temperature_Sample_Location.uasset" 865
"C:/Users/whart/OneDrive/Documents/GitHub/Unreal-Engine-C-/Content/UltraDynamicSky/Blueprints/Enum/UDS_Temperature_Sample_Location.uexp" 866
"C:/Users/whart/OneDrive/Documents/GitHub/Unreal-Engine-C-/Content/UltraDynamicSky/Blueprints/Enum/UDS_TemperatureType.uasset" 867
"C:/Users/whart/OneDrive/Documents/GitHub/Unreal-Engine-C-/Content/UltraDynamicSky/Blueprints/Enum/UDS_TemperatureType.uexp" 868
"C:/Users/whart/OneDrive/Documents/GitHub/Unreal-Engine-C-/Content/UltraDynamicSky/Blueprints/Enum/UDS_Weather_Display_Names.uasset" 869
"C:/Users/whart/OneDrive/Documents/GitHub/Unreal-Engine-C-/Content/UltraDynamicSky/Blueprints/Enum/UDS_Weather_Display_Names.uexp" 870
"C:/Users/whart/OneDrive/Documents/GitHub/Unreal-Engine-C-/Content/UltraDynamicSky/Blueprints/Enum/UDS_Weather_State_Variable.uasset" 871
"C:/Users/whart/OneDrive/Documents/GitHub/Unreal-Engine-C-/Content/UltraDynamicSky/Blueprints/Enum/UDS_Weather_State_Variable.uexp" 872
"C:/Users/whart/OneDrive/Documents/GitHub/Unreal-Engine-C-/Content/UltraDynamicSky/Blueprints/Functions/UltraDynamicSky_Functions.uasset" 873
"C:/Users/whart/OneDrive/Documents/GitHub/Unreal-Engine-C-/Content/UltraDynamicSky/Blueprints/Functions/UltraDynamicSky_Functions.uexp" 874
"C:/Users/whart/OneDrive/Documents/GitHub/Unreal-Engine-C-/Content/UltraDynamicSky/Blueprints/Occlusion/OcclusionState/Weather_Occlusion_State.uasset" 875
"C:/Users/whart/OneDrive/Documents/GitHub/Unreal-Engine-C-/Content/UltraDynamicSky/Blueprints/Occlusion/OcclusionState/Weather_Occlusion_State.uexp" 876
"C:/Users/whart/OneDrive/Documents/GitHub/Unreal-Engine-C-/Content/UltraDynamicSky/Blueprints/System/UDS_RenderTarget_State.uasset" 877
"C:/Users/whart/OneDrive/Documents/GitHub/Unreal-Engine-C-/Content/UltraDynamicSky/Blueprints/System/UDS_RenderTarget_State.uexp" 878
"C:/Users/whart/OneDrive/Documents/GitHub/Unreal-Engine-C-/Content/UltraDynamicSky/Blueprints/System/UDW_Startup_Interface.uasset" 879
"C:/Users/whart/OneDrive/Documents/GitHub/Unreal-Engine-C-/Content/UltraDynamicSky/Blueprints/System/UDW_Startup_Interface.uexp" 880
"C:/Users/whart/OneDrive/Documents/GitHub/Unreal-Engine-C-/Content/UltraDynamicSky/Materials/Weather/Brush_Visualize_Wireframe.uasset" 881
"C:/Users/whart/OneDrive/Documents/GitHub/Unreal-Engine-C-/Content/UltraDynamicSky/Materials/Weather/Brush_Visualize_Wireframe.uexp" 882
"C:/Users/whart/OneDrive/Documents/GitHub/Unreal-Engine-C-/Content/UltraDynamicSky/Meshes/Brush_Square.uasset" 883
"C:/Users/whart/OneDrive/Documents/GitHub/Unreal-Engine-C-/Content/UltraDynamicSky/Meshes/Brush_Square.uexp" 884
"C:/Users/whart/OneDrive/Documents/GitHub/Unreal-Engine-C-/Content/UltraDynamicSky/Textures/Weather/Mask_Brushes/Brush_Radial.uasset" 885
"C:/Users/whart/OneDrive/Documents/GitHub/Unreal-Engine-C-/Content/UltraDynamicSky/Textures/Weather/Mask_Brushes/Brush_Radial.uexp" 886
"C:/Users/whart/OneDrive/Documents/GitHub/Unreal-Engine-C-/Content/UltraDynamicSky/Meshes/Brush_Cube.uasset" 887
"C:/Users/whart/OneDrive/Documents/GitHub/Unreal-Engine-C-/Content/UltraDynamicSky/Meshes/Brush_Cube.uexp" 888
"C:/Users/whart/OneDrive/Documents/GitHub/Unreal-Engine-C-/Content/UltraDynamicSky/Blueprints/Weather_Effects/Weather_Presets/Clear_Skies.uasset" 889
"C:/Users/whart/OneDrive/Documents/GitHub/Unreal-Engine-C-/Content/UltraDynamicSky/Blueprints/Weather_Effects/Weather_Presets/Clear_Skies.uexp" 890
"C:/Users/whart/OneDrive/Documents/GitHub/Unreal-Engine-C-/Content/UltraDynamicSky/Blueprints/Functions/UltraDynamicWeather_Functions.uasset" 891
"C:/Users/whart/OneDrive/Documents/GitHub/Unreal-Engine-C-/Content/UltraDynamicSky/Blueprints/Functions/UltraDynamicWeather_Functions.uexp" 892
"C:/Users/whart/OneDrive/Documents/GitHub/Unreal-Engine-C-/Content/UltraDynamicSky/Blueprints/Weather_Effects/System/WeatherMask.uasset" 893
"C:/Users/whart/OneDrive/Documents/GitHub/Unreal-Engine-C-/Content/UltraDynamicSky/Blueprints/Weather_Effects/System/WeatherMask.uexp" 894
"C:/Users/whart/OneDrive/Documents/GitHub/Unreal-Engine-C-/Content/UltraDynamicSky/Textures/Weather/Mask_Brushes/Brush_Falloff.uasset" 895
"C:/Users/whart/OneDrive/Documents/GitHub/Unreal-Engine-C-/Content/UltraDynamicSky/Textures/Weather/Mask_Brushes/Brush_Falloff.uexp" 896
"C:/Users/whart/OneDrive/Documents/GitHub/Unreal-Engine-C-/Content/UltraDynamicSky/Blueprints/Enum/UDS_Weather_Mask_Brush.uasset" 897
"C:/Users/whart/OneDrive/Documents/GitHub/Unreal-Engine-C-/Content/UltraDynamicSky/Blueprints/Enum/UDS_Weather_Mask_Brush.uexp" 898
"C:/Users/whart/OneDrive/Documents/GitHub/Unreal-Engine-C-/Content/UltraDynamicSky/Textures/Weather/Mask_Brushes/Brush_Square.uasset" 899
"C:/Users/whart/OneDrive/Documents/GitHub/Unreal-Engine-C-/Content/UltraDynamicSky/Textures/Weather/Mask_Brushes/Brush_Square.uexp" 900
"C:/Users/whart/OneDrive/Documents/GitHub/Unreal-Engine-C-/Content/UltraDynamicSky/Textures/Weather/Mask_Brushes/Brush_Pyramid.uasset" 901
"C:/Users/whart/OneDrive/Documents/GitHub/Unreal-Engine-C-/Content/UltraDynamicSky/Textures/Weather/Mask_Brushes/Brush_Pyramid.uexp" 902
"C:/Users/whart/OneDrive/Documents/GitHub/Unreal-Engine-C-/Content/UltraDynamicSky/Textures/Weather/Mask_Brushes/Brush_Circle.uasset" 903
"C:/Users/whart/OneDrive/Documents/GitHub/Unreal-Engine-C-/Content/UltraDynamicSky/Textures/Weather/Mask_Brushes/Brush_Circle.uexp" 904
"C:/Users/whart/OneDrive/Documents/GitHub/Unreal-Engine-C-/Content/UltraDynamicSky/Blueprints/Weather_Effects/Components/Weather_Mask_Brush_Component.uasset" 905
"C:/Users/whart/OneDrive/Documents/GitHub/Unreal-Engine-C-/Content/UltraDynamicSky/Blueprints/Weather_Effects/Components/Weather_Mask_Brush_Component.uexp" 906
"C:/Users/whart/OneDrive/Documents/GitHub/Unreal-Engine-C-/Content/UltraDynamicSky/Materials/Weather/Projection_Box_Mask.uasset" 907
"C:/Users/whart/OneDrive/Documents/GitHub/Unreal-Engine-C-/Content/UltraDynamicSky/Materials/Weather/Projection_Box_Mask.uexp" 908
"C:/Users/whart/OneDrive/Documents/GitHub/Unreal-Engine-C-/Content/UltraDynamicSky/Materials/Weather/Projection_Box_Height.uasset" 909
"C:/Users/whart/OneDrive/Documents/GitHub/Unreal-Engine-C-/Content/UltraDynamicSky/Materials/Weather/Projection_Box_Height.uexp" 910
"C:/Users/whart/OneDrive/Documents/GitHub/Unreal-Engine-C-/Content/UltraDynamicSky/Blueprints/Weather_Effects/Components/Weather_Mask_Projection_Box_Component.uasset" 911
"C:/Users/whart/OneDrive/Documents/GitHub/Unreal-Engine-C-/Content/UltraDynamicSky/Blueprints/Weather_Effects/Components/Weather_Mask_Projection_Box_Component.uexp" 912
"C:/Users/whart/OneDrive/Documents/GitHub/Unreal-Engine-C-/Content/UltraDynamicSky/Blueprints/Weather_Effects/System/Puddle_Fluid_Volume_Interface.uasset" 913
"C:/Users/whart/OneDrive/Documents/GitHub/Unreal-Engine-C-/Content/UltraDynamicSky/Blueprints/Weather_Effects/System/Puddle_Fluid_Volume_Interface.uexp" 914
"C:/Users/whart/OneDrive/Documents/GitHub/Unreal-Engine-C-/Content/UltraDynamicSky/Blueprints/Weather_Effects/System/Radial_Storm_Weather_Interface.uasset" 915
"C:/Users/whart/OneDrive/Documents/GitHub/Unreal-Engine-C-/Content/UltraDynamicSky/Blueprints/Weather_Effects/System/Radial_Storm_Weather_Interface.uexp" 916
"../../../Engine/Content/EditorBlueprintResources/ActorComponentMacros.uasset" 917
"../../../Engine/Content/EditorBlueprintResources/ActorComponentMacros.uexp" 918
"C:/Users/whart/OneDrive/Documents/GitHub/Unreal-Engine-C-/Content/UltraDynamicSky/Blueprints/Weather_Effects/System/UDS_Climate_Preset.uasset" 919
"C:/Users/whart/OneDrive/Documents/GitHub/Unreal-Engine-C-/Content/UltraDynamicSky/Blueprints/Weather_Effects/System/UDS_Climate_Preset.uexp" 920
"C:/Users/whart/OneDrive/Documents/GitHub/Unreal-Engine-C-/Content/UltraDynamicSky/Blueprints/Weather_Effects/System/UDW_and_Weather_Override_Volume_Interface.uasset" 921
"C:/Users/whart/OneDrive/Documents/GitHub/Unreal-Engine-C-/Content/UltraDynamicSky/Blueprints/Weather_Effects/System/UDW_and_Weather_Override_Volume_Interface.uexp" 922
"C:/Users/whart/OneDrive/Documents/GitHub/Unreal-Engine-C-/Content/UltraDynamicSky/Blueprints/Weather_Effects/System/UDW_Temperature_Manager.uasset" 923
"C:/Users/whart/OneDrive/Documents/GitHub/Unreal-Engine-C-/Content/UltraDynamicSky/Blueprints/Weather_Effects/System/UDW_Temperature_Manager.uexp" 924
"C:/Users/whart/OneDrive/Documents/GitHub/Unreal-Engine-C-/Content/UltraDynamicSky/Blueprints/Weather_Effects/System/UDW_Material_State_Manager.uasset" 925
"C:/Users/whart/OneDrive/Documents/GitHub/Unreal-Engine-C-/Content/UltraDynamicSky/Blueprints/Weather_Effects/System/UDW_Material_State_Manager.uexp" 926
"C:/Users/whart/OneDrive/Documents/GitHub/Unreal-Engine-C-/Content/UltraDynamicSky/Blueprints/Weather_Effects/Weather_Presets/Cloudy.uasset" 927
"C:/Users/whart/OneDrive/Documents/GitHub/Unreal-Engine-C-/Content/UltraDynamicSky/Blueprints/Weather_Effects/Weather_Presets/Cloudy.uexp" 928
"C:/Users/whart/OneDrive/Documents/GitHub/Unreal-Engine-C-/Content/UltraDynamicSky/Blueprints/Weather_Effects/Weather_Presets/Foggy.uasset" 929
"C:/Users/whart/OneDrive/Documents/GitHub/Unreal-Engine-C-/Content/UltraDynamicSky/Blueprints/Weather_Effects/Weather_Presets/Foggy.uexp" 930
"C:/Users/whart/OneDrive/Documents/GitHub/Unreal-Engine-C-/Content/UltraDynamicSky/Blueprints/Weather_Effects/Weather_Presets/Overcast.uasset" 931
"C:/Users/whart/OneDrive/Documents/GitHub/Unreal-Engine-C-/Content/UltraDynamicSky/Blueprints/Weather_Effects/Weather_Presets/Overcast.uexp" 932
"C:/Users/whart/OneDrive/Documents/GitHub/Unreal-Engine-C-/Content/UltraDynamicSky/Blueprints/Weather_Effects/Weather_Presets/Partly_Cloudy.uasset" 933
"C:/Users/whart/OneDrive/Documents/GitHub/Unreal-Engine-C-/Content/UltraDynamicSky/Blueprints/Weather_Effects/Weather_Presets/Partly_Cloudy.uexp" 934
"C:/Users/whart/OneDrive/Documents/GitHub/Unreal-Engine-C-/Content/UltraDynamicSky/Blueprints/Weather_Effects/Weather_Presets/Rain.uasset" 935
"C:/Users/whart/OneDrive/Documents/GitHub/Unreal-Engine-C-/Content/UltraDynamicSky/Blueprints/Weather_Effects/Weather_Presets/Rain.uexp" 936
"C:/Users/whart/OneDrive/Documents/GitHub/Unreal-Engine-C-/Content/UltraDynamicSky/Blueprints/Weather_Effects/Weather_Presets/Rain_Light.uasset" 937
"C:/Users/whart/OneDrive/Documents/GitHub/Unreal-Engine-C-/Content/UltraDynamicSky/Blueprints/Weather_Effects/Weather_Presets/Rain_Light.uexp" 938
"C:/Users/whart/OneDrive/Documents/GitHub/Unreal-Engine-C-/Content/UltraDynamicSky/Blueprints/Weather_Effects/Weather_Presets/Rain_Thunderstorm.uasset" 939
"C:/Users/whart/OneDrive/Documents/GitHub/Unreal-Engine-C-/Content/UltraDynamicSky/Blueprints/Weather_Effects/Weather_Presets/Rain_Thunderstorm.uexp" 940
"C:/Users/whart/OneDrive/Documents/GitHub/Unreal-Engine-C-/Content/UltraDynamicSky/Blueprints/Weather_Effects/Weather_Presets/Snow.uasset" 941
"C:/Users/whart/OneDrive/Documents/GitHub/Unreal-Engine-C-/Content/UltraDynamicSky/Blueprints/Weather_Effects/Weather_Presets/Snow.uexp" 942
"C:/Users/whart/OneDrive/Documents/GitHub/Unreal-Engine-C-/Content/UltraDynamicSky/Blueprints/Weather_Effects/Weather_Presets/Snow_Blizzard.uasset" 943
"C:/Users/whart/OneDrive/Documents/GitHub/Unreal-Engine-C-/Content/UltraDynamicSky/Blueprints/Weather_Effects/Weather_Presets/Snow_Blizzard.uexp" 944
"C:/Users/whart/OneDrive/Documents/GitHub/Unreal-Engine-C-/Content/UltraDynamicSky/Blueprints/Weather_Effects/Weather_Presets/Snow_Light.uasset" 945
"C:/Users/whart/OneDrive/Documents/GitHub/Unreal-Engine-C-/Content/UltraDynamicSky/Blueprints/Weather_Effects/Weather_Presets/Snow_Light.uexp" 946
"C:/Users/whart/OneDrive/Documents/GitHub/Unreal-Engine-C-/Content/UltraDynamicSky/Blueprints/Weather_Effects/Weather_Presets/Sand_Dust_Calm.uasset" 947
"C:/Users/whart/OneDrive/Documents/GitHub/Unreal-Engine-C-/Content/UltraDynamicSky/Blueprints/Weather_Effects/Weather_Presets/Sand_Dust_Calm.uexp" 948
"C:/Users/whart/OneDrive/Documents/GitHub/Unreal-Engine-C-/Content/UltraDynamicSky/Blueprints/Weather_Effects/Weather_Presets/Sand_Dust_Storm.uasset" 949
"C:/Users/whart/OneDrive/Documents/GitHub/Unreal-Engine-C-/Content/UltraDynamicSky/Blueprints/Weather_Effects/Weather_Presets/Sand_Dust_Storm.uexp" 950
"C:/Users/whart/OneDrive/Documents/GitHub/Unreal-Engine-C-/Content/UltraDynamicSky/Blueprints/Weather_Effects/System/Random_Weather_Variation.uasset" 951
"C:/Users/whart/OneDrive/Documents/GitHub/Unreal-Engine-C-/Content/UltraDynamicSky/Blueprints/Weather_Effects/System/Random_Weather_Variation.uexp" 952
"C:/Users/whart/OneDrive/Documents/GitHub/Unreal-Engine-C-/Content/UltraDynamicSky/Blueprints/Weather_Effects/System/Temperature_Volume_Interface.uasset" 953
"C:/Users/whart/OneDrive/Documents/GitHub/Unreal-Engine-C-/Content/UltraDynamicSky/Blueprints/Weather_Effects/System/Temperature_Volume_Interface.uexp" 954
"C:/Users/whart/OneDrive/Documents/GitHub/Unreal-Engine-C-/Content/UltraDynamicSky/Blueprints/Weather_Effects/System/UDW_Lightning_Spawn_Manager.uasset" 955
"C:/Users/whart/OneDrive/Documents/GitHub/Unreal-Engine-C-/Content/UltraDynamicSky/Blueprints/Weather_Effects/System/UDW_Lightning_Spawn_Manager.uexp" 956
"C:/Users/whart/OneDrive/Documents/GitHub/Unreal-Engine-C-/Content/UltraDynamicSky/Textures/Icons/Weather_Override_Volume.uasset" 957
"C:/Users/whart/OneDrive/Documents/GitHub/Unreal-Engine-C-/Content/UltraDynamicSky/Textures/Icons/Weather_Override_Volume.uexp" 958
"C:/Users/whart/OneDrive/Documents/GitHub/Unreal-Engine-C-/Content/UltraDynamicSky/Blueprints/Weather_Effects/Weather_Override_Volume.uasset" 959
"C:/Users/whart/OneDrive/Documents/GitHub/Unreal-Engine-C-/Content/UltraDynamicSky/Blueprints/Weather_Effects/Weather_Override_Volume.uexp" 960
"C:/Users/whart/OneDrive/Documents/GitHub/Unreal-Engine-C-/Content/UltraDynamicSky/Textures/Weather/Edge_Fade.uasset" 961
"C:/Users/whart/OneDrive/Documents/GitHub/Unreal-Engine-C-/Content/UltraDynamicSky/Textures/Weather/Edge_Fade.uexp" 962
"C:/Users/whart/OneDrive/Documents/GitHub/Unreal-Engine-C-/Content/UltraDynamicSky/Materials/Weather/DLWE_Brush.uasset" 963
"C:/Users/whart/OneDrive/Documents/GitHub/Unreal-Engine-C-/Content/UltraDynamicSky/Materials/Weather/DLWE_Brush.uexp" 964
"C:/Users/whart/OneDrive/Documents/GitHub/Unreal-Engine-C-/Content/UltraDynamicSky/Materials/Material_Instances/DLWE_Brushes/Compression_EdgeFade.uasset" 965
"C:/Users/whart/OneDrive/Documents/GitHub/Unreal-Engine-C-/Content/UltraDynamicSky/Materials/Material_Instances/DLWE_Brushes/Compression_EdgeFade.uexp" 966
"C:/Users/whart/OneDrive/Documents/GitHub/Unreal-Engine-C-/Content/UltraDynamicSky/Materials/Material_Instances/DLWE_Brushes/MaskTarget_EdgeFade.uasset" 967
"C:/Users/whart/OneDrive/Documents/GitHub/Unreal-Engine-C-/Content/UltraDynamicSky/Materials/Material_Instances/DLWE_Brushes/MaskTarget_EdgeFade.uexp" 968
"C:/Users/whart/OneDrive/Documents/GitHub/Unreal-Engine-C-/Content/UltraDynamicSky/Textures/Weather/DLWE_NormalBrush.uasset" 969
"C:/Users/whart/OneDrive/Documents/GitHub/Unreal-Engine-C-/Content/UltraDynamicSky/Textures/Weather/DLWE_NormalBrush.uexp" 970
"C:/Users/whart/OneDrive/Documents/GitHub/Unreal-Engine-C-/Content/UltraDynamicSky/Materials/Weather/DLWE_Trail_Pixel_Operation.uasset" 971
"C:/Users/whart/OneDrive/Documents/GitHub/Unreal-Engine-C-/Content/UltraDynamicSky/Materials/Weather/DLWE_Trail_Pixel_Operation.uexp" 972
"C:/Users/whart/OneDrive/Documents/GitHub/Unreal-Engine-C-/Content/UltraDynamicSky/Materials/Weather/DLWE_Trail_Brush.uasset" 973
"C:/Users/whart/OneDrive/Documents/GitHub/Unreal-Engine-C-/Content/UltraDynamicSky/Materials/Weather/DLWE_Trail_Brush.uexp" 974
"C:/Users/whart/OneDrive/Documents/GitHub/Unreal-Engine-C-/Content/UltraDynamicSky/Materials/Weather/Radial_Storm_Weather_Draw.uasset" 975
"C:/Users/whart/OneDrive/Documents/GitHub/Unreal-Engine-C-/Content/UltraDynamicSky/Materials/Weather/Radial_Storm_Weather_Draw.uexp" 976
"C:/Users/whart/OneDrive/Documents/GitHub/Unreal-Engine-C-/Content/UltraDynamicSky/Materials/Weather/Snow_Fade_Target_Mat.uasset" 977
"C:/Users/whart/OneDrive/Documents/GitHub/Unreal-Engine-C-/Content/UltraDynamicSky/Materials/Weather/Snow_Fade_Target_Mat.uexp" 978
"C:/Users/whart/OneDrive/Documents/GitHub/Unreal-Engine-C-/Content/UltraDynamicSky/Materials/Weather/WOV_Target_Brush.uasset" 979
"C:/Users/whart/OneDrive/Documents/GitHub/Unreal-Engine-C-/Content/UltraDynamicSky/Materials/Weather/WOV_Target_Brush.uexp" 980
"C:/Users/whart/OneDrive/Documents/GitHub/Unreal-Engine-C-/Content/UltraDynamicSky/Textures/Icons/UDW_Icon.uasset" 981
"C:/Users/whart/OneDrive/Documents/GitHub/Unreal-Engine-C-/Content/UltraDynamicSky/Textures/Icons/UDW_Icon.uexp" 982
"C:/Users/whart/OneDrive/Documents/GitHub/Unreal-Engine-C-/Content/UltraDynamicSky/Blueprints/Ultra_Dynamic_Weather.uasset" 983
"C:/Users/whart/OneDrive/Documents/GitHub/Unreal-Engine-C-/Content/UltraDynamicSky/Blueprints/Ultra_Dynamic_Weather.uexp" 984
"C:/Users/whart/OneDrive/Documents/GitHub/Unreal-Engine-C-/Content/UltraDynamicSky/Textures/Icons/Weather_Mask_Brush.uasset" 985
"C:/Users/whart/OneDrive/Documents/GitHub/Unreal-Engine-C-/Content/UltraDynamicSky/Textures/Icons/Weather_Mask_Brush.uexp" 986
"C:/Users/whart/OneDrive/Documents/GitHub/Unreal-Engine-C-/Content/UltraDynamicSky/Blueprints/Weather_Effects/Weather_Mask_Brush.uasset" 987
"C:/Users/whart/OneDrive/Documents/GitHub/Unreal-Engine-C-/Content/UltraDynamicSky/Blueprints/Weather_Effects/Weather_Mask_Brush.uexp" 988
"../../../Engine/Content/Functions/Engine_MaterialFunctions02/Utility/VectorToRadialValue.uasset" 989
"../../../Engine/Content/Functions/Engine_MaterialFunctions02/Utility/VectorToRadialValue.uexp" 990
"C:/Users/whart/OneDrive/Documents/GitHub/Unreal-Engine-C-/Content/UltraDynamicSky/Textures/LensFlares/Rough_Abberated_Bokeh.uasset" 991
"C:/Users/whart/OneDrive/Documents/GitHub/Unreal-Engine-C-/Content/UltraDynamicSky/Textures/LensFlares/Rough_Abberated_Bokeh.uexp" 992
"C:/Users/whart/OneDrive/Documents/GitHub/Unreal-Engine-C-/Content/UltraDynamicSky/Materials/Material_Functions/Lens_Flare_Element.uasset" 993
"C:/Users/whart/OneDrive/Documents/GitHub/Unreal-Engine-C-/Content/UltraDynamicSky/Materials/Material_Functions/Lens_Flare_Element.uexp" 994
"C:/Users/whart/OneDrive/Documents/GitHub/Unreal-Engine-C-/Content/UltraDynamicSky/Textures/LensFlares/Flare_Line.uasset" 995
"C:/Users/whart/OneDrive/Documents/GitHub/Unreal-Engine-C-/Content/UltraDynamicSky/Textures/LensFlares/Flare_Line.uexp" 996
"C:/Users/whart/OneDrive/Documents/GitHub/Unreal-Engine-C-/Content/UltraDynamicSky/Textures/LensFlares/Star_Flare.uasset" 997
"C:/Users/whart/OneDrive/Documents/GitHub/Unreal-Engine-C-/Content/UltraDynamicSky/Textures/LensFlares/Star_Flare.uexp" 998
"C:/Users/whart/OneDrive/Documents/GitHub/Unreal-Engine-C-/Content/UltraDynamicSky/Materials/Lens_Flare.uasset" 999
"C:/Users/whart/OneDrive/Documents/GitHub/Unreal-Engine-C-/Content/UltraDynamicSky/Materials/Lens_Flare.uexp" 1000
"C:/Users/whart/OneDrive/Documents/GitHub/Unreal-Engine-C-/Content/UltraDynamicSky/Textures/LensFlares/Rainbow_Ring.uasset" 1001
"C:/Users/whart/OneDrive/Documents/GitHub/Unreal-Engine-C-/Content/UltraDynamicSky/Textures/LensFlares/Rainbow_Ring.uexp" 1002
"C:/Users/whart/OneDrive/Documents/GitHub/Unreal-Engine-C-/Content/UltraDynamicSky/Textures/LensFlares/Prime_Flare.uasset" 1003
"C:/Users/whart/OneDrive/Documents/GitHub/Unreal-Engine-C-/Content/UltraDynamicSky/Textures/LensFlares/Prime_Flare.uexp" 1004
"C:/Users/whart/OneDrive/Documents/GitHub/Unreal-Engine-C-/Content/UltraDynamicSky/Textures/LensFlares/Circle_Bokeh.uasset" 1005
"C:/Users/whart/OneDrive/Documents/GitHub/Unreal-Engine-C-/Content/UltraDynamicSky/Textures/LensFlares/Circle_Bokeh.uexp" 1006
"C:/Users/whart/OneDrive/Documents/GitHub/Unreal-Engine-C-/Content/UltraDynamicSky/Materials/Material_Instances/Lens_Flares/35mm_Prime.uasset" 1007
"C:/Users/whart/OneDrive/Documents/GitHub/Unreal-Engine-C-/Content/UltraDynamicSky/Materials/Material_Instances/Lens_Flares/35mm_Prime.uexp" 1008
"C:/Users/whart/OneDrive/Documents/GitHub/Unreal-Engine-C-/Content/UltraDynamicSky/Textures/LensFlares/Anamorphic_Streak.uasset" 1009
"C:/Users/whart/OneDrive/Documents/GitHub/Unreal-Engine-C-/Content/UltraDynamicSky/Textures/LensFlares/Anamorphic_Streak.uexp" 1010
"C:/Users/whart/OneDrive/Documents/GitHub/Unreal-Engine-C-/Content/UltraDynamicSky/Textures/LensFlares/Anamorphic_Flare.uasset" 1011
"C:/Users/whart/OneDrive/Documents/GitHub/Unreal-Engine-C-/Content/UltraDynamicSky/Textures/LensFlares/Anamorphic_Flare.uexp" 1012
"C:/Users/whart/OneDrive/Documents/GitHub/Unreal-Engine-C-/Content/UltraDynamicSky/Materials/Material_Instances/Lens_Flares/Anamorphic.uasset" 1013
"C:/Users/whart/OneDrive/Documents/GitHub/Unreal-Engine-C-/Content/UltraDynamicSky/Materials/Material_Instances/Lens_Flares/Anamorphic.uexp" 1014
"../../../Engine/Content/EngineResources/WhiteSquareTexture.uasset" 1015
"../../../Engine/Content/EngineResources/WhiteSquareTexture.uexp" 1016
"../../../Engine/Content/EngineMaterials/FlatNormal.uasset" 1017
"../../../Engine/Content/EngineMaterials/FlatNormal.uexp" 1018
"C:/Users/whart/OneDrive/Documents/GitHub/Unreal-Engine-C-/Content/UltraDynamicSky/Textures/Space/Planets_Moons/Deform_Noise.ubulk" 1019
"C:/Users/whart/OneDrive/Documents/GitHub/Unreal-Engine-C-/Content/UltraDynamicSky/Textures/Space/Planets_Moons/Deform_Noise.uasset" 1020
"C:/Users/whart/OneDrive/Documents/GitHub/Unreal-Engine-C-/Content/UltraDynamicSky/Textures/Space/Planets_Moons/Deform_Noise.uexp" 1021
"C:/Users/whart/OneDrive/Documents/GitHub/Unreal-Engine-C-/Content/UltraDynamicSky/Materials/Space/Space_Planet_Mat.uasset" 1022
"C:/Users/whart/OneDrive/Documents/GitHub/Unreal-Engine-C-/Content/UltraDynamicSky/Materials/Space/Space_Planet_Mat.uexp" 1023
"C:/Users/whart/OneDrive/Documents/GitHub/Unreal-Engine-C-/Content/UltraDynamicSky/Materials/Space/Instances/Space_Planet_Default.uasset" 1024
"C:/Users/whart/OneDrive/Documents/GitHub/Unreal-Engine-C-/Content/UltraDynamicSky/Materials/Space/Instances/Space_Planet_Default.uexp" 1025
"C:/Users/whart/OneDrive/Documents/GitHub/Unreal-Engine-C-/Content/UltraDynamicSky/Materials/Space/Instances/Space_Planet_A.uasset" 1026
"C:/Users/whart/OneDrive/Documents/GitHub/Unreal-Engine-C-/Content/UltraDynamicSky/Materials/Space/Instances/Space_Planet_A.uexp" 1027
"C:/Users/whart/OneDrive/Documents/GitHub/Unreal-Engine-C-/Content/UltraDynamicSky/Materials/Space/Instances/Space_Planet_N.uasset" 1028
"C:/Users/whart/OneDrive/Documents/GitHub/Unreal-Engine-C-/Content/UltraDynamicSky/Materials/Space/Instances/Space_Planet_N.uexp" 1029
"C:/Users/whart/OneDrive/Documents/GitHub/Unreal-Engine-C-/Content/UltraDynamicSky/Materials/Space/Instances/Space_Planet_NA.uasset" 1030
"C:/Users/whart/OneDrive/Documents/GitHub/Unreal-Engine-C-/Content/UltraDynamicSky/Materials/Space/Instances/Space_Planet_NA.uexp" 1031
"../../../Engine/Content/EngineMaterials/Substrate/GLints/AGlintTex2dArray.uasset" 1032
"../../../Engine/Content/EngineMaterials/Substrate/GLints/AGlintTex2dArray.uexp" 1033
"../../../Engine/Content/EngineResources/DefaultVolumeTexture2D.uasset" 1034
"../../../Engine/Content/EngineResources/DefaultVolumeTexture2D.uexp" 1035
"../../../Engine/Content/EngineResources/DefaultVolumeTexture.uasset" 1036
"../../../Engine/Content/EngineResources/DefaultVolumeTexture.uexp" 1037
"../../../Engine/Content/EngineMaterials/Substrate/Glints2/AGlintTex2dArray2.uasset" 1038
"../../../Engine/Content/EngineMaterials/Substrate/Glints2/AGlintTex2dArray2.uexp" 1039
"../../../Engine/Content/EngineResources/Black.uasset" 1040
"../../../Engine/Content/EngineResources/Black.uexp" 1041
"C:/Users/whart/OneDrive/Documents/GitHub/Unreal-Engine-C-/Content/FemaleCharacter/Common/Common/f_srt_nrw_body_preview.uasset" 1042
"C:/Users/whart/OneDrive/Documents/GitHub/Unreal-Engine-C-/Content/FemaleCharacter/Common/Common/f_srt_nrw_body_preview.uexp" 1043
"C:/Users/whart/OneDrive/Documents/GitHub/Unreal-Engine-C-/Content/FemaleCharacter/Common/Controls/M_RigControlActor_Black.uasset" 1044
"C:/Users/whart/OneDrive/Documents/GitHub/Unreal-Engine-C-/Content/FemaleCharacter/Common/Controls/M_RigControlActor_Black.uexp" 1045
"C:/Users/whart/OneDrive/Documents/GitHub/Unreal-Engine-C-/Content/FemaleCharacter/Common/Controls/convergence_3l.uasset" 1046
"C:/Users/whart/OneDrive/Documents/GitHub/Unreal-Engine-C-/Content/FemaleCharacter/Common/Controls/convergence_3l.uexp" 1047
"C:/Users/whart/OneDrive/Documents/GitHub/Unreal-Engine-C-/Content/FemaleCharacter/Common/Controls/faceboard_2x.uasset" 1048
"C:/Users/whart/OneDrive/Documents/GitHub/Unreal-Engine-C-/Content/FemaleCharacter/Common/Controls/faceboard_2x.uexp" 1049
"C:/Users/whart/OneDrive/Documents/GitHub/Unreal-Engine-C-/Content/FemaleCharacter/Common/Controls/faceboard_followGrp.uasset" 1050
"C:/Users/whart/OneDrive/Documents/GitHub/Unreal-Engine-C-/Content/FemaleCharacter/Common/Controls/faceboard_followGrp.uexp" 1051
"C:/Users/whart/OneDrive/Documents/GitHub/Unreal-Engine-C-/Content/MetaHumans/Common/Controls/M_RigControlActor_Black.uasset" 1052
"C:/Users/whart/OneDrive/Documents/GitHub/Unreal-Engine-C-/Content/MetaHumans/Common/Controls/M_RigControlActor_Black.uexp" 1053
"C:/Users/whart/OneDrive/Documents/GitHub/Unreal-Engine-C-/Content/MetaHumans/Common/Controls/convergence_3l.uasset" 1054
"C:/Users/whart/OneDrive/Documents/GitHub/Unreal-Engine-C-/Content/MetaHumans/Common/Controls/convergence_3l.uexp" 1055
"C:/Users/whart/OneDrive/Documents/GitHub/Unreal-Engine-C-/Content/MetaHumans/Common/Controls/faceboard_2x.uasset" 1056
"C:/Users/whart/OneDrive/Documents/GitHub/Unreal-Engine-C-/Content/MetaHumans/Common/Controls/faceboard_2x.uexp" 1057
"C:/Users/whart/OneDrive/Documents/GitHub/Unreal-Engine-C-/Content/MetaHumans/Common/Controls/faceboard_followGrp.uasset" 1058
"C:/Users/whart/OneDrive/Documents/GitHub/Unreal-Engine-C-/Content/MetaHumans/Common/Controls/faceboard_followGrp.uexp" 1059
"C:/Users/whart/OneDrive/Documents/GitHub/Unreal-Engine-C-/Content/UltraDynamicSky/Materials/Material_Functions/Filter_Clouds.uasset" 1060
"C:/Users/whart/OneDrive/Documents/GitHub/Unreal-Engine-C-/Content/UltraDynamicSky/Materials/Material_Functions/Filter_Clouds.uexp" 1061
"C:/Users/whart/OneDrive/Documents/GitHub/Unreal-Engine-C-/Content/UltraDynamicSky/Materials/Material_Functions/2D_Cloud_Shadows_MF.uasset" 1062
"C:/Users/whart/OneDrive/Documents/GitHub/Unreal-Engine-C-/Content/UltraDynamicSky/Materials/Material_Functions/2D_Cloud_Shadows_MF.uexp" 1063
"C:/Users/whart/OneDrive/Documents/GitHub/Unreal-Engine-C-/Content/UltraDynamicSky/Materials/2D_Cloud_Shadows.uasset" 1064
"C:/Users/whart/OneDrive/Documents/GitHub/Unreal-Engine-C-/Content/UltraDynamicSky/Materials/2D_Cloud_Shadows.uexp" 1065
"C:/Users/whart/OneDrive/Documents/GitHub/Unreal-Engine-C-/Content/UltraDynamicSky/Materials/Material_Instances/2D_Cloud_Shadows_Caustics.uasset" 1066
"C:/Users/whart/OneDrive/Documents/GitHub/Unreal-Engine-C-/Content/UltraDynamicSky/Materials/Material_Instances/2D_Cloud_Shadows_Caustics.uexp" 1067
"C:/Users/whart/OneDrive/Documents/GitHub/Unreal-Engine-C-/Content/UltraDynamicSky/Materials/Global_Volumetric_Fog.uasset" 1068
"C:/Users/whart/OneDrive/Documents/GitHub/Unreal-Engine-C-/Content/UltraDynamicSky/Materials/Global_Volumetric_Fog.uexp" 1069
"C:/Users/whart/OneDrive/Documents/GitHub/Unreal-Engine-C-/Content/UltraDynamicSky/Materials/Material_Instances/Global_Volumetric_Fog_w_Ground_Fog.uasset" 1070
"C:/Users/whart/OneDrive/Documents/GitHub/Unreal-Engine-C-/Content/UltraDynamicSky/Materials/Material_Instances/Global_Volumetric_Fog_w_Ground_Fog.uexp" 1071
"C:/Users/whart/OneDrive/Documents/GitHub/Unreal-Engine-C-/Content/UltraDynamicSky/Materials/Material_Functions/Aurora.uasset" 1072
"C:/Users/whart/OneDrive/Documents/GitHub/Unreal-Engine-C-/Content/UltraDynamicSky/Materials/Material_Functions/Aurora.uexp" 1073
"C:/Users/whart/OneDrive/Documents/GitHub/Unreal-Engine-C-/Content/UltraDynamicSky/Materials/Material_Functions/Moon_Centered_Gradient.uasset" 1074
"C:/Users/whart/OneDrive/Documents/GitHub/Unreal-Engine-C-/Content/UltraDynamicSky/Materials/Material_Functions/Moon_Centered_Gradient.uexp" 1075
"C:/Users/whart/OneDrive/Documents/GitHub/Unreal-Engine-C-/Content/UltraDynamicSky/Materials/Material_Functions/Sun_Centered_Gradient.uasset" 1076
"C:/Users/whart/OneDrive/Documents/GitHub/Unreal-Engine-C-/Content/UltraDynamicSky/Materials/Material_Functions/Sun_Centered_Gradient.uexp" 1077
"C:/Users/whart/OneDrive/Documents/GitHub/Unreal-Engine-C-/Content/UltraDynamicSky/Materials/Material_Functions/Scale_Radial_Gradient_Around_White.uasset" 1078
"C:/Users/whart/OneDrive/Documents/GitHub/Unreal-Engine-C-/Content/UltraDynamicSky/Materials/Material_Functions/Scale_Radial_Gradient_Around_White.uexp" 1079
"C:/Users/whart/OneDrive/Documents/GitHub/Unreal-Engine-C-/Content/UltraDynamicSky/Materials/Material_Functions/Shading_Gradients.uasset" 1080
"C:/Users/whart/OneDrive/Documents/GitHub/Unreal-Engine-C-/Content/UltraDynamicSky/Materials/Material_Functions/Shading_Gradients.uexp" 1081
"C:/Users/whart/OneDrive/Documents/GitHub/Unreal-Engine-C-/Content/UltraDynamicSky/Materials/Material_Functions/SC_DirectionalScattering.uasset" 1082
"C:/Users/whart/OneDrive/Documents/GitHub/Unreal-Engine-C-/Content/UltraDynamicSky/Materials/Material_Functions/SC_DirectionalScattering.uexp" 1083
"C:/Users/whart/OneDrive/Documents/GitHub/Unreal-Engine-C-/Content/UltraDynamicSky/Materials/Material_Functions/Base_Sky_Color.uasset" 1084
"C:/Users/whart/OneDrive/Documents/GitHub/Unreal-Engine-C-/Content/UltraDynamicSky/Materials/Material_Functions/Base_Sky_Color.uexp" 1085
"C:/Users/whart/OneDrive/Documents/GitHub/Unreal-Engine-C-/Content/UltraDynamicSky/Materials/Material_Functions/Cloud_UVs.uasset" 1086
"C:/Users/whart/OneDrive/Documents/GitHub/Unreal-Engine-C-/Content/UltraDynamicSky/Materials/Material_Functions/Cloud_UVs.uexp" 1087
"C:/Users/whart/OneDrive/Documents/GitHub/Unreal-Engine-C-/Content/UltraDynamicSky/Materials/Material_Functions/Cloud_Wisps.uasset" 1088
"C:/Users/whart/OneDrive/Documents/GitHub/Unreal-Engine-C-/Content/UltraDynamicSky/Materials/Material_Functions/Cloud_Wisps.uexp" 1089
"C:/Users/whart/OneDrive/Documents/GitHub/Unreal-Engine-C-/Content/UltraDynamicSky/Materials/Material_Functions/Light_and_Dark_Cloud_Colors.uasset" 1090
"C:/Users/whart/OneDrive/Documents/GitHub/Unreal-Engine-C-/Content/UltraDynamicSky/Materials/Material_Functions/Light_and_Dark_Cloud_Colors.uexp" 1091
"C:/Users/whart/OneDrive/Documents/GitHub/Unreal-Engine-C-/Content/UltraDynamicSky/Materials/Material_Functions/Sun_Shine_Edges.uasset" 1092
"C:/Users/whart/OneDrive/Documents/GitHub/Unreal-Engine-C-/Content/UltraDynamicSky/Materials/Material_Functions/Sun_Shine_Edges.uexp" 1093
"C:/Users/whart/OneDrive/Documents/GitHub/Unreal-Engine-C-/Content/UltraDynamicSky/Materials/Material_Functions/Map_Cloud_Textures.uasset" 1094
"C:/Users/whart/OneDrive/Documents/GitHub/Unreal-Engine-C-/Content/UltraDynamicSky/Materials/Material_Functions/Map_Cloud_Textures.uexp" 1095
"C:/Users/whart/OneDrive/Documents/GitHub/Unreal-Engine-C-/Content/UltraDynamicSky/Materials/Material_Functions/Cloud_Distribution.uasset" 1096
"C:/Users/whart/OneDrive/Documents/GitHub/Unreal-Engine-C-/Content/UltraDynamicSky/Materials/Material_Functions/Cloud_Distribution.uexp" 1097
"C:/Users/whart/OneDrive/Documents/GitHub/Unreal-Engine-C-/Content/UltraDynamicSky/Materials/Material_Functions/Cloud_Layer.uasset" 1098
"C:/Users/whart/OneDrive/Documents/GitHub/Unreal-Engine-C-/Content/UltraDynamicSky/Materials/Material_Functions/Cloud_Layer.uexp" 1099
"C:/Users/whart/OneDrive/Documents/GitHub/Unreal-Engine-C-/Content/UltraDynamicSky/Materials/Material_Functions/Composite_Cloud_Layers.uasset" 1100
"C:/Users/whart/OneDrive/Documents/GitHub/Unreal-Engine-C-/Content/UltraDynamicSky/Materials/Material_Functions/Composite_Cloud_Layers.uexp" 1101
"C:/Users/whart/OneDrive/Documents/GitHub/Unreal-Engine-C-/Content/UltraDynamicSky/Materials/Material_Functions/Composite_Static_Clouds.uasset" 1102
"C:/Users/whart/OneDrive/Documents/GitHub/Unreal-Engine-C-/Content/UltraDynamicSky/Materials/Material_Functions/Composite_Static_Clouds.uexp" 1103
"C:/Users/whart/OneDrive/Documents/GitHub/Unreal-Engine-C-/Content/UltraDynamicSky/Materials/Material_Functions/Contrast_Control.uasset" 1104
"C:/Users/whart/OneDrive/Documents/GitHub/Unreal-Engine-C-/Content/UltraDynamicSky/Materials/Material_Functions/Contrast_Control.uexp" 1105
"C:/Users/whart/OneDrive/Documents/GitHub/Unreal-Engine-C-/Content/UltraDynamicSky/Materials/Material_Functions/Moon.uasset" 1106
"C:/Users/whart/OneDrive/Documents/GitHub/Unreal-Engine-C-/Content/UltraDynamicSky/Materials/Material_Functions/Moon.uexp" 1107
"C:/Users/whart/OneDrive/Documents/GitHub/Unreal-Engine-C-/Content/UltraDynamicSky/Materials/Material_Functions/Scale_Intensity_Around_Sun.uasset" 1108
"C:/Users/whart/OneDrive/Documents/GitHub/Unreal-Engine-C-/Content/UltraDynamicSky/Materials/Material_Functions/Scale_Intensity_Around_Sun.uexp" 1109
"C:/Users/whart/OneDrive/Documents/GitHub/Unreal-Engine-C-/Content/UltraDynamicSky/Materials/Material_Functions/Sky_Material_Ambient_Fog.uasset" 1110
"C:/Users/whart/OneDrive/Documents/GitHub/Unreal-Engine-C-/Content/UltraDynamicSky/Materials/Material_Functions/Sky_Material_Ambient_Fog.uexp" 1111
"C:/Users/whart/OneDrive/Documents/GitHub/Unreal-Engine-C-/Content/UltraDynamicSky/Textures/Sky/Stars_Noise.ubulk" 1112
"C:/Users/whart/OneDrive/Documents/GitHub/Unreal-Engine-C-/Content/UltraDynamicSky/Textures/Sky/Stars_Noise.uasset" 1113
"C:/Users/whart/OneDrive/Documents/GitHub/Unreal-Engine-C-/Content/UltraDynamicSky/Textures/Sky/Stars_Noise.uexp" 1114
"C:/Users/whart/OneDrive/Documents/GitHub/Unreal-Engine-C-/Content/UltraDynamicSky/Materials/Material_Functions/Stars.uasset" 1115
"C:/Users/whart/OneDrive/Documents/GitHub/Unreal-Engine-C-/Content/UltraDynamicSky/Materials/Material_Functions/Stars.uexp" 1116
"C:/Users/whart/OneDrive/Documents/GitHub/Unreal-Engine-C-/Content/UltraDynamicSky/Materials/Material_Functions/Sun_Disk.uasset" 1117
"C:/Users/whart/OneDrive/Documents/GitHub/Unreal-Engine-C-/Content/UltraDynamicSky/Materials/Material_Functions/Sun_Disk.uexp" 1118
"C:/Users/whart/OneDrive/Documents/GitHub/Unreal-Engine-C-/Content/UltraDynamicSky/Materials/Material_Functions/Tiling_Stars_UVs.uasset" 1119
"C:/Users/whart/OneDrive/Documents/GitHub/Unreal-Engine-C-/Content/UltraDynamicSky/Materials/Material_Functions/Tiling_Stars_UVs.uexp" 1120
"C:/Users/whart/OneDrive/Documents/GitHub/Unreal-Engine-C-/Content/UltraDynamicSky/Materials/Ultra_Dynamic_Sky_Mat.uasset" 1121
"C:/Users/whart/OneDrive/Documents/GitHub/Unreal-Engine-C-/Content/UltraDynamicSky/Materials/Ultra_Dynamic_Sky_Mat.uexp" 1122
"C:/Users/whart/OneDrive/Documents/GitHub/Unreal-Engine-C-/Content/UltraDynamicSky/Materials/Material_Instances/UDS_Default.uasset" 1123
"C:/Users/whart/OneDrive/Documents/GitHub/Unreal-Engine-C-/Content/UltraDynamicSky/Materials/Material_Instances/UDS_Default.uexp" 1124
"C:/Users/whart/OneDrive/Documents/GitHub/Unreal-Engine-C-/Content/UltraDynamicSky/Materials/Material_Instances/UDS_B.uasset" 1125
"C:/Users/whart/OneDrive/Documents/GitHub/Unreal-Engine-C-/Content/UltraDynamicSky/Materials/Material_Instances/UDS_B.uexp" 1126
"C:/Users/whart/OneDrive/Documents/GitHub/Unreal-Engine-C-/Content/UltraDynamicSky/Materials/Material_Instances/UDS_A.uasset" 1127
"C:/Users/whart/OneDrive/Documents/GitHub/Unreal-Engine-C-/Content/UltraDynamicSky/Materials/Material_Instances/UDS_A.uexp" 1128
"C:/Users/whart/OneDrive/Documents/GitHub/Unreal-Engine-C-/Content/UltraDynamicSky/Materials/Material_Instances/UDS_AD.uasset" 1129
"C:/Users/whart/OneDrive/Documents/GitHub/Unreal-Engine-C-/Content/UltraDynamicSky/Materials/Material_Instances/UDS_AD.uexp" 1130
"C:/Users/whart/OneDrive/Documents/GitHub/Unreal-Engine-C-/Content/UltraDynamicSky/Materials/Material_Instances/UDS_ADO.uasset" 1131
"C:/Users/whart/OneDrive/Documents/GitHub/Unreal-Engine-C-/Content/UltraDynamicSky/Materials/Material_Instances/UDS_ADO.uexp" 1132
"C:/Users/whart/OneDrive/Documents/GitHub/Unreal-Engine-C-/Content/UltraDynamicSky/Materials/Material_Instances/UDS_K.uasset" 1133
"C:/Users/whart/OneDrive/Documents/GitHub/Unreal-Engine-C-/Content/UltraDynamicSky/Materials/Material_Instances/UDS_K.uexp" 1134
"C:/Users/whart/OneDrive/Documents/GitHub/Unreal-Engine-C-/Content/UltraDynamicSky/Materials/Material_Instances/UDS_AS.uasset" 1135
"C:/Users/whart/OneDrive/Documents/GitHub/Unreal-Engine-C-/Content/UltraDynamicSky/Materials/Material_Instances/UDS_AS.uexp" 1136
"C:/Users/whart/OneDrive/Documents/GitHub/Unreal-Engine-C-/Content/UltraDynamicSky/Materials/Material_Instances/UDS_C.uasset" 1137
"C:/Users/whart/OneDrive/Documents/GitHub/Unreal-Engine-C-/Content/UltraDynamicSky/Materials/Material_Instances/UDS_C.uexp" 1138
"C:/Users/whart/OneDrive/Documents/GitHub/Unreal-Engine-C-/Content/UltraDynamicSky/Materials/Material_Instances/UDS_CA.uasset" 1139
"C:/Users/whart/OneDrive/Documents/GitHub/Unreal-Engine-C-/Content/UltraDynamicSky/Materials/Material_Instances/UDS_CA.uexp" 1140
"C:/Users/whart/OneDrive/Documents/GitHub/Unreal-Engine-C-/Content/UltraDynamicSky/Materials/Material_Instances/UDS_CAD.uasset" 1141
"C:/Users/whart/OneDrive/Documents/GitHub/Unreal-Engine-C-/Content/UltraDynamicSky/Materials/Material_Instances/UDS_CAD.uexp" 1142
"C:/Users/whart/OneDrive/Documents/GitHub/Unreal-Engine-C-/Content/UltraDynamicSky/Materials/Material_Instances/UDS_CADO.uasset" 1143
"C:/Users/whart/OneDrive/Documents/GitHub/Unreal-Engine-C-/Content/UltraDynamicSky/Materials/Material_Instances/UDS_CADO.uexp" 1144
"C:/Users/whart/OneDrive/Documents/GitHub/Unreal-Engine-C-/Content/UltraDynamicSky/Materials/Material_Instances/UDS_CAS.uasset" 1145
"C:/Users/whart/OneDrive/Documents/GitHub/Unreal-Engine-C-/Content/UltraDynamicSky/Materials/Material_Instances/UDS_CAS.uexp" 1146
"C:/Users/whart/OneDrive/Documents/GitHub/Unreal-Engine-C-/Content/UltraDynamicSky/Materials/Material_Instances/UDS_CD.uasset" 1147
"C:/Users/whart/OneDrive/Documents/GitHub/Unreal-Engine-C-/Content/UltraDynamicSky/Materials/Material_Instances/UDS_CD.uexp" 1148
"C:/Users/whart/OneDrive/Documents/GitHub/Unreal-Engine-C-/Content/UltraDynamicSky/Materials/Material_Instances/UDS_CDO.uasset" 1149
"C:/Users/whart/OneDrive/Documents/GitHub/Unreal-Engine-C-/Content/UltraDynamicSky/Materials/Material_Instances/UDS_CDO.uexp" 1150
"C:/Users/whart/OneDrive/Documents/GitHub/Unreal-Engine-C-/Content/UltraDynamicSky/Materials/Material_Instances/UDS_CS.uasset" 1151
"C:/Users/whart/OneDrive/Documents/GitHub/Unreal-Engine-C-/Content/UltraDynamicSky/Materials/Material_Instances/UDS_CS.uexp" 1152
"C:/Users/whart/OneDrive/Documents/GitHub/Unreal-Engine-C-/Content/UltraDynamicSky/Materials/Material_Instances/UDS_D.uasset" 1153
"C:/Users/whart/OneDrive/Documents/GitHub/Unreal-Engine-C-/Content/UltraDynamicSky/Materials/Material_Instances/UDS_D.uexp" 1154
"C:/Users/whart/OneDrive/Documents/GitHub/Unreal-Engine-C-/Content/UltraDynamicSky/Materials/Material_Instances/UDS_DO.uasset" 1155
"C:/Users/whart/OneDrive/Documents/GitHub/Unreal-Engine-C-/Content/UltraDynamicSky/Materials/Material_Instances/UDS_DO.uexp" 1156
"C:/Users/whart/OneDrive/Documents/GitHub/Unreal-Engine-C-/Content/UltraDynamicSky/Materials/Material_Instances/UDS_KA.uasset" 1157
"C:/Users/whart/OneDrive/Documents/GitHub/Unreal-Engine-C-/Content/UltraDynamicSky/Materials/Material_Instances/UDS_KA.uexp" 1158
"C:/Users/whart/OneDrive/Documents/GitHub/Unreal-Engine-C-/Content/UltraDynamicSky/Materials/Material_Instances/UDS_KAD.uasset" 1159
"C:/Users/whart/OneDrive/Documents/GitHub/Unreal-Engine-C-/Content/UltraDynamicSky/Materials/Material_Instances/UDS_KAD.uexp" 1160
"C:/Users/whart/OneDrive/Documents/GitHub/Unreal-Engine-C-/Content/UltraDynamicSky/Materials/Material_Instances/UDS_KADO.uasset" 1161
"C:/Users/whart/OneDrive/Documents/GitHub/Unreal-Engine-C-/Content/UltraDynamicSky/Materials/Material_Instances/UDS_KADO.uexp" 1162
"C:/Users/whart/OneDrive/Documents/GitHub/Unreal-Engine-C-/Content/UltraDynamicSky/Materials/Material_Instances/UDS_KAS.uasset" 1163
"C:/Users/whart/OneDrive/Documents/GitHub/Unreal-Engine-C-/Content/UltraDynamicSky/Materials/Material_Instances/UDS_KAS.uexp" 1164
"C:/Users/whart/OneDrive/Documents/GitHub/Unreal-Engine-C-/Content/UltraDynamicSky/Materials/Material_Instances/UDS_KC.uasset" 1165
"C:/Users/whart/OneDrive/Documents/GitHub/Unreal-Engine-C-/Content/UltraDynamicSky/Materials/Material_Instances/UDS_KC.uexp" 1166
"C:/Users/whart/OneDrive/Documents/GitHub/Unreal-Engine-C-/Content/UltraDynamicSky/Materials/Material_Instances/UDS_KCA.uasset" 1167
"C:/Users/whart/OneDrive/Documents/GitHub/Unreal-Engine-C-/Content/UltraDynamicSky/Materials/Material_Instances/UDS_KCA.uexp" 1168
"C:/Users/whart/OneDrive/Documents/GitHub/Unreal-Engine-C-/Content/UltraDynamicSky/Materials/Material_Instances/UDS_KCAD.uasset" 1169
"C:/Users/whart/OneDrive/Documents/GitHub/Unreal-Engine-C-/Content/UltraDynamicSky/Materials/Material_Instances/UDS_KCAD.uexp" 1170
"C:/Users/whart/OneDrive/Documents/GitHub/Unreal-Engine-C-/Content/UltraDynamicSky/Materials/Material_Instances/UDS_KCADO.uasset" 1171
"C:/Users/whart/OneDrive/Documents/GitHub/Unreal-Engine-C-/Content/UltraDynamicSky/Materials/Material_Instances/UDS_KCADO.uexp" 1172
"C:/Users/whart/OneDrive/Documents/GitHub/Unreal-Engine-C-/Content/UltraDynamicSky/Materials/Material_Instances/UDS_KCAS.uasset" 1173
"C:/Users/whart/OneDrive/Documents/GitHub/Unreal-Engine-C-/Content/UltraDynamicSky/Materials/Material_Instances/UDS_KCAS.uexp" 1174
"C:/Users/whart/OneDrive/Documents/GitHub/Unreal-Engine-C-/Content/UltraDynamicSky/Materials/Material_Instances/UDS_KCD.uasset" 1175
"C:/Users/whart/OneDrive/Documents/GitHub/Unreal-Engine-C-/Content/UltraDynamicSky/Materials/Material_Instances/UDS_KCD.uexp" 1176
"C:/Users/whart/OneDrive/Documents/GitHub/Unreal-Engine-C-/Content/UltraDynamicSky/Materials/Material_Instances/UDS_KCDO.uasset" 1177
"C:/Users/whart/OneDrive/Documents/GitHub/Unreal-Engine-C-/Content/UltraDynamicSky/Materials/Material_Instances/UDS_KCDO.uexp" 1178
"C:/Users/whart/OneDrive/Documents/GitHub/Unreal-Engine-C-/Content/UltraDynamicSky/Materials/Material_Instances/UDS_KCS.uasset" 1179
"C:/Users/whart/OneDrive/Documents/GitHub/Unreal-Engine-C-/Content/UltraDynamicSky/Materials/Material_Instances/UDS_KCS.uexp" 1180
"C:/Users/whart/OneDrive/Documents/GitHub/Unreal-Engine-C-/Content/UltraDynamicSky/Materials/Material_Instances/UDS_KD.uasset" 1181
"C:/Users/whart/OneDrive/Documents/GitHub/Unreal-Engine-C-/Content/UltraDynamicSky/Materials/Material_Instances/UDS_KD.uexp" 1182
"C:/Users/whart/OneDrive/Documents/GitHub/Unreal-Engine-C-/Content/UltraDynamicSky/Materials/Material_Instances/UDS_KDO.uasset" 1183
"C:/Users/whart/OneDrive/Documents/GitHub/Unreal-Engine-C-/Content/UltraDynamicSky/Materials/Material_Instances/UDS_KDO.uexp" 1184
"C:/Users/whart/OneDrive/Documents/GitHub/Unreal-Engine-C-/Content/UltraDynamicSky/Materials/Material_Instances/UDS_P.uasset" 1185
"C:/Users/whart/OneDrive/Documents/GitHub/Unreal-Engine-C-/Content/UltraDynamicSky/Materials/Material_Instances/UDS_P.uexp" 1186
"C:/Users/whart/OneDrive/Documents/GitHub/Unreal-Engine-C-/Content/UltraDynamicSky/Materials/Material_Instances/UDS_PC.uasset" 1187
"C:/Users/whart/OneDrive/Documents/GitHub/Unreal-Engine-C-/Content/UltraDynamicSky/Materials/Material_Instances/UDS_PC.uexp" 1188
"C:/Users/whart/OneDrive/Documents/GitHub/Unreal-Engine-C-/Content/UltraDynamicSky/Materials/Material_Instances/UDS_S.uasset" 1189
"C:/Users/whart/OneDrive/Documents/GitHub/Unreal-Engine-C-/Content/UltraDynamicSky/Materials/Material_Instances/UDS_S.uexp" 1190
"C:/Users/whart/OneDrive/Documents/GitHub/Unreal-Engine-C-/Content/UltraDynamicSky/Textures/Clouds/clouds_diverse.uasset" 1191
"C:/Users/whart/OneDrive/Documents/GitHub/Unreal-Engine-C-/Content/UltraDynamicSky/Textures/Clouds/clouds_diverse.uexp" 1192
"C:/Users/whart/OneDrive/Documents/GitHub/Unreal-Engine-C-/Content/UltraDynamicSky/Materials/Volumetric_Clouds.uasset" 1193
"C:/Users/whart/OneDrive/Documents/GitHub/Unreal-Engine-C-/Content/UltraDynamicSky/Materials/Volumetric_Clouds.uexp" 1194
"C:/Users/whart/OneDrive/Documents/GitHub/Unreal-Engine-C-/Content/UltraDynamicSky/Materials/Material_Instances/Volumetric_Clouds_default.uasset" 1195
"C:/Users/whart/OneDrive/Documents/GitHub/Unreal-Engine-C-/Content/UltraDynamicSky/Materials/Material_Instances/Volumetric_Clouds_default.uexp" 1196
"C:/Users/whart/OneDrive/Documents/GitHub/Unreal-Engine-C-/Content/UltraDynamicSky/Materials/Material_Instances/Volumetric_Clouds_2L.uasset" 1197
"C:/Users/whart/OneDrive/Documents/GitHub/Unreal-Engine-C-/Content/UltraDynamicSky/Materials/Material_Instances/Volumetric_Clouds_2L.uexp" 1198
"C:/Users/whart/OneDrive/Documents/GitHub/Unreal-Engine-C-/Content/UltraDynamicSky/Materials/Material_Instances/Volumetric_Clouds_2L_S.uasset" 1199
"C:/Users/whart/OneDrive/Documents/GitHub/Unreal-Engine-C-/Content/UltraDynamicSky/Materials/Material_Instances/Volumetric_Clouds_2L_S.uexp" 1200
"C:/Users/whart/OneDrive/Documents/GitHub/Unreal-Engine-C-/Content/UltraDynamicSky/Materials/Material_Instances/Volumetric_Clouds_default_S.uasset" 1201
"C:/Users/whart/OneDrive/Documents/GitHub/Unreal-Engine-C-/Content/UltraDynamicSky/Materials/Material_Instances/Volumetric_Clouds_default_S.uexp" 1202
"C:/Users/whart/OneDrive/Documents/GitHub/Unreal-Engine-C-/Content/UltraDynamicSky/Materials/Material_Functions/Volumetric_Cloud_Shadows_MF.uasset" 1203
"C:/Users/whart/OneDrive/Documents/GitHub/Unreal-Engine-C-/Content/UltraDynamicSky/Materials/Material_Functions/Volumetric_Cloud_Shadows_MF.uexp" 1204
"C:/Users/whart/OneDrive/Documents/GitHub/Unreal-Engine-C-/Content/UltraDynamicSky/Materials/Volumetric_Cloud_Shadows.uasset" 1205
"C:/Users/whart/OneDrive/Documents/GitHub/Unreal-Engine-C-/Content/UltraDynamicSky/Materials/Volumetric_Cloud_Shadows.uexp" 1206
"C:/Users/whart/OneDrive/Documents/GitHub/Unreal-Engine-C-/Content/UltraDynamicSky/Materials/Material_Instances/Volumetric_Cloud_Shadows_Caustics.uasset" 1207
"C:/Users/whart/OneDrive/Documents/GitHub/Unreal-Engine-C-/Content/UltraDynamicSky/Materials/Material_Instances/Volumetric_Cloud_Shadows_Caustics.uexp" 1208
"C:/Users/whart/OneDrive/Documents/GitHub/Unreal-Engine-C-/Content/UltraDynamicSky/Textures/Weather/Rainbow_gradient.ubulk" 1209
"C:/Users/whart/OneDrive/Documents/GitHub/Unreal-Engine-C-/Content/UltraDynamicSky/Textures/Weather/Rainbow_gradient.uasset" 1210
"C:/Users/whart/OneDrive/Documents/GitHub/Unreal-Engine-C-/Content/UltraDynamicSky/Textures/Weather/Rainbow_gradient.uexp" 1211
"C:/Users/whart/OneDrive/Documents/GitHub/Unreal-Engine-C-/Content/UltraDynamicSky/Materials/Weather/Cloud_Altitude_Mask.uasset" 1212
"C:/Users/whart/OneDrive/Documents/GitHub/Unreal-Engine-C-/Content/UltraDynamicSky/Materials/Weather/Cloud_Altitude_Mask.uexp" 1213
"C:/Users/whart/OneDrive/Documents/GitHub/Unreal-Engine-C-/Content/UltraDynamicSky/Materials/Weather/Rainbow_Mat.uasset" 1214
"C:/Users/whart/OneDrive/Documents/GitHub/Unreal-Engine-C-/Content/UltraDynamicSky/Materials/Weather/Rainbow_Mat.uexp" 1215
"C:/Users/whart/OneDrive/Documents/GitHub/Unreal-Engine-C-/Content/UltraDynamicSky/Materials/Weather/Rainbow_Mat_Volumetric.uasset" 1216
"C:/Users/whart/OneDrive/Documents/GitHub/Unreal-Engine-C-/Content/UltraDynamicSky/Materials/Weather/Rainbow_Mat_Volumetric.uexp" 1217
"../../../Engine/Content/EngineMaterials/Substrate/Volume/SubstrateSimpleVolumeEnvLUT3D.uasset" 1218
"../../../Engine/Content/EngineMaterials/Substrate/Volume/SubstrateSimpleVolumeEnvLUT3D.uexp" 1219
"../../../Engine/Content/EngineMaterials/Substrate/Volume/SubstrateSimpleVolumeLUT3D.uasset" 1220
"../../../Engine/Content/EngineMaterials/Substrate/Volume/SubstrateSimpleVolumeLUT3D.uexp" 1221
"../../../Engine/Content/ArtTools/RenderToTexture/Meshes/S_1_Unit_Plane.uasset" 1222
"../../../Engine/Content/ArtTools/RenderToTexture/Meshes/S_1_Unit_Plane.uexp" 1223
"../../../Engine/Plugins/Experimental/Landmass/Content/Landscape/Meshes/S_SpritePlane.uasset" 1224
"../../../Engine/Plugins/Experimental/Landmass/Content/Landscape/Meshes/S_SpritePlane.uexp" 1225
"../../../Engine/Content/Functions/Engine_MaterialFunctions02/Math/Transform3x3Matrix.uasset" 1226
"../../../Engine/Content/Functions/Engine_MaterialFunctions02/Math/Transform3x3Matrix.uexp" 1227
"../../../Engine/Plugins/Interchange/Assets/Content/Utilities/New_LUT.uasset" 1228
"../../../Engine/Plugins/Interchange/Assets/Content/Utilities/New_LUT.uexp" 1229
"../../../Engine/Plugins/Interchange/Assets/Content/Functions/MF_Iridescence.uasset" 1230
"../../../Engine/Plugins/Interchange/Assets/Content/Functions/MF_Iridescence.uexp" 1231
"../../../Engine/Plugins/Interchange/Assets/Content/gltf/Textures/T_White_srgb.uasset" 1232
"../../../Engine/Plugins/Interchange/Assets/Content/gltf/Textures/T_White_srgb.uexp" 1233
"../../../Engine/Plugins/Interchange/Assets/Content/gltf/MaterialFunctions/MF_BaseColor.uasset" 1234
"../../../Engine/Plugins/Interchange/Assets/Content/gltf/MaterialFunctions/MF_BaseColor.uexp" 1235
"../../../Engine/Plugins/Interchange/Assets/Content/gltf/MaterialFunctions/MF_RotateV2.uasset" 1236
"../../../Engine/Plugins/Interchange/Assets/Content/gltf/MaterialFunctions/MF_RotateV2.uexp" 1237
"../../../Engine/Plugins/Interchange/Assets/Content/gltf/MaterialFunctions/MF_TransformUVs.uasset" 1238
"../../../Engine/Plugins/Interchange/Assets/Content/gltf/MaterialFunctions/MF_TransformUVs.uexp" 1239
"../../../Engine/Plugins/Interchange/Assets/Content/gltf/MaterialFunctions/MF_IOR.uasset" 1240
"../../../Engine/Plugins/Interchange/Assets/Content/gltf/MaterialFunctions/MF_IOR.uexp" 1241
"../../../Engine/Plugins/Interchange/Assets/Content/gltf/MaterialFunctions/MF_Iridescence.uasset" 1242
"../../../Engine/Plugins/Interchange/Assets/Content/gltf/MaterialFunctions/MF_Iridescence.uexp" 1243
"../../../Engine/Plugins/Interchange/Assets/Content/gltf/Textures/T_White_Linear.uasset" 1244
"../../../Engine/Plugins/Interchange/Assets/Content/gltf/Textures/T_White_Linear.uexp" 1245
"../../../Engine/Plugins/Interchange/Assets/Content/gltf/MaterialFunctions/MF_MetallicRoughness.uasset" 1246
"../../../Engine/Plugins/Interchange/Assets/Content/gltf/MaterialFunctions/MF_MetallicRoughness.uexp" 1247
"../../../Engine/Plugins/Interchange/Assets/Content/gltf/MaterialFunctions/MF_RotateNormals_TS.uasset" 1248
"../../../Engine/Plugins/Interchange/Assets/Content/gltf/MaterialFunctions/MF_RotateNormals_TS.uexp" 1249
"../../../Engine/Plugins/Interchange/Assets/Content/gltf/MaterialFunctions/MF_ScaleNormal.uasset" 1250
"../../../Engine/Plugins/Interchange/Assets/Content/gltf/MaterialFunctions/MF_ScaleNormal.uexp" 1251
"../../../Engine/Plugins/Interchange/Assets/Content/gltf/Textures/T_Generic_N.uasset" 1252
"../../../Engine/Plugins/Interchange/Assets/Content/gltf/Textures/T_Generic_N.uexp" 1253
"../../../Engine/Plugins/Interchange/Assets/Content/gltf/MaterialFunctions/MF_Normals.uasset" 1254
"../../../Engine/Plugins/Interchange/Assets/Content/gltf/MaterialFunctions/MF_Normals.uexp" 1255
"../../../Engine/Plugins/Interchange/Assets/Content/gltf/MaterialFunctions/MF_Occlusion.uasset" 1256
"../../../Engine/Plugins/Interchange/Assets/Content/gltf/MaterialFunctions/MF_Occlusion.uexp" 1257
"../../../Engine/Plugins/Interchange/Assets/Content/gltf/MaterialFunctions/MF_Specular.uasset" 1258
"../../../Engine/Plugins/Interchange/Assets/Content/gltf/MaterialFunctions/MF_Specular.uexp" 1259
"../../../Engine/Plugins/Interchange/Assets/Content/gltf/Textures/T_Anisotropy_Direction_Linear.uasset" 1260
"../../../Engine/Plugins/Interchange/Assets/Content/gltf/Textures/T_Anisotropy_Direction_Linear.uexp" 1261
"../../../Engine/Plugins/Interchange/Assets/Content/gltf/MaterialFunctions/MF_SpecularAnisotropy.uasset" 1262
"../../../Engine/Plugins/Interchange/Assets/Content/gltf/MaterialFunctions/MF_SpecularAnisotropy.uexp" 1263
"../../../Engine/Plugins/Interchange/Assets/Content/gltf/MaterialFunctions/MF_Emissive.uasset" 1264
"../../../Engine/Plugins/Interchange/Assets/Content/gltf/MaterialFunctions/MF_Emissive.uexp" 1265
"../../../Engine/Content/Functions/Engine_MaterialFunctions01/Texturing/FlattenNormal.uasset" 1266
"../../../Engine/Content/Functions/Engine_MaterialFunctions01/Texturing/FlattenNormal.uexp" 1267
"../../../Engine/Plugins/Interchange/Assets/Content/gltf/MaterialFunctions/MF_Clearcoat.uasset" 1268
"../../../Engine/Plugins/Interchange/Assets/Content/gltf/MaterialFunctions/MF_Clearcoat.uexp" 1269
"../../../Engine/Plugins/Interchange/Assets/Content/gltf/MaterialBodies/MF_ClearCoat_Body.uasset" 1270
"../../../Engine/Plugins/Interchange/Assets/Content/gltf/MaterialBodies/MF_ClearCoat_Body.uexp" 1271
"../../../Engine/Plugins/Interchange/Assets/Content/gltf/M_ClearCoat.uasset" 1272
"../../../Engine/Plugins/Interchange/Assets/Content/gltf/M_ClearCoat.uexp" 1273
"../../../Engine/Plugins/Interchange/Assets/Content/gltf/MaterialInstances/MI_ClearCoat_Blend.uasset" 1274
"../../../Engine/Plugins/Interchange/Assets/Content/gltf/MaterialInstances/MI_ClearCoat_Blend.uexp" 1275
"../../../Engine/Plugins/Interchange/Assets/Content/gltf/MaterialInstances/MI_ClearCoat_Blend_DS.uasset" 1276
"../../../Engine/Plugins/Interchange/Assets/Content/gltf/MaterialInstances/MI_ClearCoat_Blend_DS.uexp" 1277
"../../../Engine/Plugins/Interchange/Assets/Content/gltf/MaterialInstances/MI_ClearCoat_Mask.uasset" 1278
"../../../Engine/Plugins/Interchange/Assets/Content/gltf/MaterialInstances/MI_ClearCoat_Mask.uexp" 1279
"../../../Engine/Plugins/Interchange/Assets/Content/gltf/MaterialInstances/MI_ClearCoat_Mask_DS.uasset" 1280
"../../../Engine/Plugins/Interchange/Assets/Content/gltf/MaterialInstances/MI_ClearCoat_Mask_DS.uexp" 1281
"../../../Engine/Plugins/Interchange/Assets/Content/gltf/MaterialInstances/MI_ClearCoat_Opaque.uasset" 1282
"../../../Engine/Plugins/Interchange/Assets/Content/gltf/MaterialInstances/MI_ClearCoat_Opaque.uexp" 1283
"../../../Engine/Plugins/Interchange/Assets/Content/gltf/MaterialInstances/MI_ClearCoat_Opaque_DS.uasset" 1284
"../../../Engine/Plugins/Interchange/Assets/Content/gltf/MaterialInstances/MI_ClearCoat_Opaque_DS.uexp" 1285
"../../../Engine/Plugins/Interchange/Assets/Content/gltf/MaterialBodies/MF_Default_Body.uasset" 1286
"../../../Engine/Plugins/Interchange/Assets/Content/gltf/MaterialBodies/MF_Default_Body.uexp" 1287
"../../../Engine/Plugins/Interchange/Assets/Content/gltf/M_Default.uasset" 1288
"../../../Engine/Plugins/Interchange/Assets/Content/gltf/M_Default.uexp" 1289
"../../../Engine/Plugins/Interchange/Assets/Content/gltf/MaterialInstances/MI_Default_Blend.uasset" 1290
"../../../Engine/Plugins/Interchange/Assets/Content/gltf/MaterialInstances/MI_Default_Blend.uexp" 1291
"../../../Engine/Plugins/Interchange/Assets/Content/gltf/MaterialInstances/MI_Default_Blend_DS.uasset" 1292
"../../../Engine/Plugins/Interchange/Assets/Content/gltf/MaterialInstances/MI_Default_Blend_DS.uexp" 1293
"../../../Engine/Plugins/Interchange/Assets/Content/gltf/MaterialInstances/MI_Default_Mask.uasset" 1294
"../../../Engine/Plugins/Interchange/Assets/Content/gltf/MaterialInstances/MI_Default_Mask.uexp" 1295
"../../../Engine/Plugins/Interchange/Assets/Content/gltf/MaterialInstances/MI_Default_Mask_DS.uasset" 1296
"../../../Engine/Plugins/Interchange/Assets/Content/gltf/MaterialInstances/MI_Default_Mask_DS.uexp" 1297
"../../../Engine/Plugins/Interchange/Assets/Content/gltf/MaterialInstances/MI_Default_Opaque.uasset" 1298
"../../../Engine/Plugins/Interchange/Assets/Content/gltf/MaterialInstances/MI_Default_Opaque.uexp" 1299
"../../../Engine/Plugins/Interchange/Assets/Content/gltf/MaterialInstances/MI_Default_Opaque_DS.uasset" 1300
"../../../Engine/Plugins/Interchange/Assets/Content/gltf/MaterialInstances/MI_Default_Opaque_DS.uexp" 1301
"../../../Engine/Plugins/Interchange/Assets/Content/gltf/MaterialFunctions/MF_Sheen.uasset" 1302
"../../../Engine/Plugins/Interchange/Assets/Content/gltf/MaterialFunctions/MF_Sheen.uexp" 1303
"../../../Engine/Plugins/Interchange/Assets/Content/gltf/MaterialBodies/MF_Sheen_Body.uasset" 1304
"../../../Engine/Plugins/Interchange/Assets/Content/gltf/MaterialBodies/MF_Sheen_Body.uexp" 1305
"../../../Engine/Plugins/Interchange/Assets/Content/gltf/M_Sheen.uasset" 1306
"../../../Engine/Plugins/Interchange/Assets/Content/gltf/M_Sheen.uexp" 1307
"../../../Engine/Plugins/Interchange/Assets/Content/gltf/MaterialInstances/MI_Sheen_Blend.uasset" 1308
"../../../Engine/Plugins/Interchange/Assets/Content/gltf/MaterialInstances/MI_Sheen_Blend.uexp" 1309
"../../../Engine/Plugins/Interchange/Assets/Content/gltf/MaterialInstances/MI_Sheen_Blend_DS.uasset" 1310
"../../../Engine/Plugins/Interchange/Assets/Content/gltf/MaterialInstances/MI_Sheen_Blend_DS.uexp" 1311
"../../../Engine/Plugins/Interchange/Assets/Content/gltf/MaterialInstances/MI_Sheen_Mask.uasset" 1312
"../../../Engine/Plugins/Interchange/Assets/Content/gltf/MaterialInstances/MI_Sheen_Mask.uexp" 1313
"../../../Engine/Plugins/Interchange/Assets/Content/gltf/MaterialInstances/MI_Sheen_Mask_DS.uasset" 1314
"../../../Engine/Plugins/Interchange/Assets/Content/gltf/MaterialInstances/MI_Sheen_Mask_DS.uexp" 1315
"../../../Engine/Plugins/Interchange/Assets/Content/gltf/MaterialInstances/MI_Sheen_Opaque.uasset" 1316
"../../../Engine/Plugins/Interchange/Assets/Content/gltf/MaterialInstances/MI_Sheen_Opaque.uexp" 1317
"../../../Engine/Plugins/Interchange/Assets/Content/gltf/MaterialInstances/MI_Sheen_Opaque_DS.uasset" 1318
"../../../Engine/Plugins/Interchange/Assets/Content/gltf/MaterialInstances/MI_Sheen_Opaque_DS.uexp" 1319
"../../../Engine/Content/Functions/Engine_MaterialFunctions02/Math/AddComponents.uasset" 1320
"../../../Engine/Content/Functions/Engine_MaterialFunctions02/Math/AddComponents.uexp" 1321
"../../../Engine/Plugins/Interchange/Assets/Content/gltf/MaterialFunctions/MF_DiffuseSpecGloss.uasset" 1322
"../../../Engine/Plugins/Interchange/Assets/Content/gltf/MaterialFunctions/MF_DiffuseSpecGloss.uexp" 1323
"../../../Engine/Plugins/Interchange/Assets/Content/gltf/MaterialFunctions/MF_MaxComponentValue.uasset" 1324
"../../../Engine/Plugins/Interchange/Assets/Content/gltf/MaterialFunctions/MF_MaxComponentValue.uexp" 1325
"../../../Engine/Plugins/Interchange/Assets/Content/gltf/MaterialFunctions/MF_PerceivedBrightness.uasset" 1326
"../../../Engine/Plugins/Interchange/Assets/Content/gltf/MaterialFunctions/MF_PerceivedBrightness.uexp" 1327
"../../../Engine/Plugins/Interchange/Assets/Content/gltf/MaterialFunctions/MF_SpecGlossToMetalRoughness.uasset" 1328
"../../../Engine/Plugins/Interchange/Assets/Content/gltf/MaterialFunctions/MF_SpecGlossToMetalRoughness.uexp" 1329
"../../../Engine/Plugins/Interchange/Assets/Content/gltf/MaterialBodies/MF_SpecularGlossiness_Body.uasset" 1330
"../../../Engine/Plugins/Interchange/Assets/Content/gltf/MaterialBodies/MF_SpecularGlossiness_Body.uexp" 1331
"../../../Engine/Plugins/Interchange/Assets/Content/gltf/M_SpecularGlossiness.uasset" 1332
"../../../Engine/Plugins/Interchange/Assets/Content/gltf/M_SpecularGlossiness.uexp" 1333
"../../../Engine/Plugins/Interchange/Assets/Content/gltf/MaterialInstances/MI_SpecularGlossiness_Blend.uasset" 1334
"../../../Engine/Plugins/Interchange/Assets/Content/gltf/MaterialInstances/MI_SpecularGlossiness_Blend.uexp" 1335
"../../../Engine/Plugins/Interchange/Assets/Content/gltf/MaterialInstances/MI_SpecularGlossiness_Blend_DS.uasset" 1336
"../../../Engine/Plugins/Interchange/Assets/Content/gltf/MaterialInstances/MI_SpecularGlossiness_Blend_DS.uexp" 1337
"../../../Engine/Plugins/Interchange/Assets/Content/gltf/MaterialInstances/MI_SpecularGlossiness_Mask.uasset" 1338
"../../../Engine/Plugins/Interchange/Assets/Content/gltf/MaterialInstances/MI_SpecularGlossiness_Mask.uexp" 1339
"../../../Engine/Plugins/Interchange/Assets/Content/gltf/MaterialInstances/MI_SpecularGlossiness_Mask_DS.uasset" 1340
"../../../Engine/Plugins/Interchange/Assets/Content/gltf/MaterialInstances/MI_SpecularGlossiness_Mask_DS.uexp" 1341
"../../../Engine/Plugins/Interchange/Assets/Content/gltf/MaterialInstances/MI_SpecularGlossiness_Opaque.uasset" 1342
"../../../Engine/Plugins/Interchange/Assets/Content/gltf/MaterialInstances/MI_SpecularGlossiness_Opaque.uexp" 1343
"../../../Engine/Plugins/Interchange/Assets/Content/gltf/MaterialInstances/MI_SpecularGlossiness_Opaque_DS.uasset" 1344
"../../../Engine/Plugins/Interchange/Assets/Content/gltf/MaterialInstances/MI_SpecularGlossiness_Opaque_DS.uexp" 1345
"../../../Engine/Plugins/Interchange/Assets/Content/gltf/MaterialFunctions/MF_Fresnel_DS.uasset" 1346
"../../../Engine/Plugins/Interchange/Assets/Content/gltf/MaterialFunctions/MF_Fresnel_DS.uexp" 1347
"../../../Engine/Plugins/Interchange/Assets/Content/gltf/MaterialFunctions/MF_Temporal_Blur.uasset" 1348
"../../../Engine/Plugins/Interchange/Assets/Content/gltf/MaterialFunctions/MF_Temporal_Blur.uexp" 1349
"../../../Engine/Plugins/Interchange/Assets/Content/gltf/MaterialFunctions/MF_Transmission.uasset" 1350
"../../../Engine/Plugins/Interchange/Assets/Content/gltf/MaterialFunctions/MF_Transmission.uexp" 1351
"../../../Engine/Plugins/Interchange/Assets/Content/gltf/MaterialBodies/MF_Transmission_Body.uasset" 1352
"../../../Engine/Plugins/Interchange/Assets/Content/gltf/MaterialBodies/MF_Transmission_Body.uexp" 1353
"../../../Engine/Plugins/Interchange/Assets/Content/gltf/M_Transmission.uasset" 1354
"../../../Engine/Plugins/Interchange/Assets/Content/gltf/M_Transmission.uexp" 1355
"../../../Engine/Plugins/Interchange/Assets/Content/gltf/MaterialInstances/MI_Transmission.uasset" 1356
"../../../Engine/Plugins/Interchange/Assets/Content/gltf/MaterialInstances/MI_Transmission.uexp" 1357
"../../../Engine/Plugins/Interchange/Assets/Content/gltf/MaterialInstances/MI_Transmission_DS.uasset" 1358
"../../../Engine/Plugins/Interchange/Assets/Content/gltf/MaterialInstances/MI_Transmission_DS.uexp" 1359
"../../../Engine/Plugins/Interchange/Assets/Content/gltf/MaterialBodies/MF_Unlit_Body.uasset" 1360
"../../../Engine/Plugins/Interchange/Assets/Content/gltf/MaterialBodies/MF_Unlit_Body.uexp" 1361
"../../../Engine/Plugins/Interchange/Assets/Content/gltf/M_Unlit.uasset" 1362
"../../../Engine/Plugins/Interchange/Assets/Content/gltf/M_Unlit.uexp" 1363
"../../../Engine/Plugins/Interchange/Assets/Content/gltf/MaterialInstances/MI_Unlit_Blend.uasset" 1364
"../../../Engine/Plugins/Interchange/Assets/Content/gltf/MaterialInstances/MI_Unlit_Blend.uexp" 1365
"../../../Engine/Plugins/Interchange/Assets/Content/gltf/MaterialInstances/MI_Unlit_Blend_DS.uasset" 1366
"../../../Engine/Plugins/Interchange/Assets/Content/gltf/MaterialInstances/MI_Unlit_Blend_DS.uexp" 1367
"../../../Engine/Plugins/Interchange/Assets/Content/gltf/MaterialInstances/MI_Unlit_Mask.uasset" 1368
"../../../Engine/Plugins/Interchange/Assets/Content/gltf/MaterialInstances/MI_Unlit_Mask.uexp" 1369
"../../../Engine/Plugins/Interchange/Assets/Content/gltf/MaterialInstances/MI_Unlit_Mask_DS.uasset" 1370
"../../../Engine/Plugins/Interchange/Assets/Content/gltf/MaterialInstances/MI_Unlit_Mask_DS.uexp" 1371
"../../../Engine/Plugins/Interchange/Assets/Content/gltf/MaterialInstances/MI_Unlit_Opaque.uasset" 1372
"../../../Engine/Plugins/Interchange/Assets/Content/gltf/MaterialInstances/MI_Unlit_Opaque.uexp" 1373
"../../../Engine/Plugins/Interchange/Assets/Content/gltf/MaterialInstances/MI_Unlit_Opaque_DS.uasset" 1374
"../../../Engine/Plugins/Interchange/Assets/Content/gltf/MaterialInstances/MI_Unlit_Opaque_DS.uexp" 1375
"../../../Engine/Content/VREditor/LaserPointer/VR_LaserPower_01.ubulk" 1376
"../../../Engine/Content/VREditor/LaserPointer/VR_LaserPower_01.uasset" 1377
"../../../Engine/Content/VREditor/LaserPointer/VR_LaserPower_01.uexp" 1378
"../../../Engine/Content/VREditor/TransformGizmo/TransformGizmoMaterial.uasset" 1379
"../../../Engine/Content/VREditor/TransformGizmo/TransformGizmoMaterial.uexp" 1380
"../../../Engine/Content/VREditor/TransformGizmo/TranslucentTransformGizmoMaterial.uasset" 1381
"../../../Engine/Content/VREditor/TransformGizmo/TranslucentTransformGizmoMaterial.uexp" 1382
"../../../Engine/Content/VREditor/TransformGizmo/BoundingBoxCorner.uasset" 1383
"../../../Engine/Content/VREditor/TransformGizmo/BoundingBoxCorner.uexp" 1384
"../../../Engine/Content/VREditor/TransformGizmo/BoundingBoxEdge.uasset" 1385
"../../../Engine/Content/VREditor/TransformGizmo/BoundingBoxEdge.uexp" 1386
"../../../Engine/Content/VREditor/TransformGizmo/Xray.uasset" 1387
"../../../Engine/Content/VREditor/TransformGizmo/Xray.uexp" 1388
"../../../Engine/Content/VREditor/TransformGizmo/Main.uasset" 1389
"../../../Engine/Content/VREditor/TransformGizmo/Main.uexp" 1390
"../../../Engine/Content/VREditor/TransformGizmo/SM_Sequencer_Node.uasset" 1391
"../../../Engine/Content/VREditor/TransformGizmo/SM_Sequencer_Node.uexp" 1392
"../../../Engine/Content/EditorMaterials/Camera/CineMat.uasset" 1393
"../../../Engine/Content/EditorMaterials/Camera/CineMat.uexp" 1394
"../../../Engine/Content/EditorMaterials/Camera/MI_CineMat_Rig.uasset" 1395
"../../../Engine/Content/EditorMaterials/Camera/MI_CineMat_Rig.uexp" 1396
"../../../Engine/Content/EditorMeshes/Camera/SM_CraneRig_Arm.uasset" 1397
"../../../Engine/Content/EditorMeshes/Camera/SM_CraneRig_Arm.uexp" 1398
"../../../Engine/Content/EditorMeshes/Camera/SM_CraneRig_Base.uasset" 1399
"../../../Engine/Content/EditorMeshes/Camera/SM_CraneRig_Base.uexp" 1400
"../../../Engine/Content/EditorMeshes/Camera/SM_CraneRig_Body.uasset" 1401
"../../../Engine/Content/EditorMeshes/Camera/SM_CraneRig_Body.uexp" 1402
"../../../Engine/Content/EditorMeshes/Camera/SM_CraneRig_Mount.uasset" 1403
"../../../Engine/Content/EditorMeshes/Camera/SM_CraneRig_Mount.uexp" 1404
"../../../Engine/Content/EditorMeshes/Camera/SM_RailRig_Mount.uasset" 1405
"../../../Engine/Content/EditorMeshes/Camera/SM_RailRig_Mount.uexp" 1406
"../../../Engine/Content/EditorMeshes/Camera/SM_RailRig_Track.uasset" 1407
"../../../Engine/Content/EditorMeshes/Camera/SM_RailRig_Track.uexp" 1408
"../../../Engine/Plugins/Experimental/Water/Content/Curves/FloatCurve_WaterBodyIsland.uasset" 1409
"../../../Engine/Plugins/Experimental/Water/Content/Curves/FloatCurve_WaterBodyIsland.uexp" 1410
"../../../Engine/Plugins/Runtime/AR/ARUtilities/Content/Materials/M_PassthroughCamera.uasset" 1411
"../../../Engine/Plugins/Runtime/AR/ARUtilities/Content/Materials/M_PassthroughCamera.uexp" 1412
"../../../Engine/Plugins/Runtime/AR/ARUtilities/Content/Materials/MI_PassthroughCameraExternalTexture.uasset" 1413
"../../../Engine/Plugins/Runtime/AR/ARUtilities/Content/Materials/MI_PassthroughCameraExternalTexture.uexp" 1414
"../../../Engine/Plugins/Runtime/AR/ARUtilities/Content/Materials/M_ScreenSpacePassthroughCamera.uasset" 1415
"../../../Engine/Plugins/Runtime/AR/ARUtilities/Content/Materials/M_ScreenSpacePassthroughCamera.uexp" 1416
"../../../Engine/Plugins/Runtime/AR/ARUtilities/Content/Materials/MI_ScreenSpacePassthroughCameraExternalTexture.uasset" 1417
"../../../Engine/Plugins/Runtime/AR/ARUtilities/Content/Materials/MI_ScreenSpacePassthroughCameraExternalTexture.uexp" 1418
"../../../Engine/Content/EngineMaterials/Widget3DPassThrough.uasset" 1419
"../../../Engine/Content/EngineMaterials/Widget3DPassThrough.uexp" 1420
"../../../Engine/Content/EngineMaterials/Widget3DPassThrough_Masked.uasset" 1421
"../../../Engine/Content/EngineMaterials/Widget3DPassThrough_Masked.uexp" 1422
"../../../Engine/Content/EngineMaterials/Widget3DPassThrough_Opaque.uasset" 1423
"../../../Engine/Content/EngineMaterials/Widget3DPassThrough_Opaque.uexp" 1424
"../../../Engine/Content/EngineMaterials/Widget3DPassThrough_Masked_OneSided.uasset" 1425
"../../../Engine/Content/EngineMaterials/Widget3DPassThrough_Masked_OneSided.uexp" 1426
"../../../Engine/Content/EngineMaterials/Widget3DPassThrough_Opaque_OneSided.uasset" 1427
"../../../Engine/Content/EngineMaterials/Widget3DPassThrough_Opaque_OneSided.uexp" 1428
"../../../Engine/Content/EngineMaterials/Widget3DPassThrough_Translucent.uasset" 1429
"../../../Engine/Content/EngineMaterials/Widget3DPassThrough_Translucent.uexp" 1430
"../../../Engine/Content/EngineMaterials/Widget3DPassThrough_Translucent_OneSided.uasset" 1431
"../../../Engine/Content/EngineMaterials/Widget3DPassThrough_Translucent_OneSided.uexp" 1432
"../../../Engine/Plugins/Animation/ControlRig/Content/Controls/ControlRig_Arrow2_1mm.uasset" 1433
"../../../Engine/Plugins/Animation/ControlRig/Content/Controls/ControlRig_Arrow2_1mm.uexp" 1434
"../../../Engine/Plugins/Animation/ControlRig/Content/Controls/ControlRig_Arrow2_3mm.uasset" 1435
"../../../Engine/Plugins/Animation/ControlRig/Content/Controls/ControlRig_Arrow2_3mm.uexp" 1436
"../../../Engine/Plugins/Animation/ControlRig/Content/Controls/ControlRig_Arrow2_solid.uasset" 1437
"../../../Engine/Plugins/Animation/ControlRig/Content/Controls/ControlRig_Arrow2_solid.uexp" 1438
"../../../Engine/Plugins/Animation/ControlRig/Content/Controls/ControlRig_Arrow4_1mm.uasset" 1439
"../../../Engine/Plugins/Animation/ControlRig/Content/Controls/ControlRig_Arrow4_1mm.uexp" 1440
"../../../Engine/Plugins/Animation/ControlRig/Content/Controls/ControlRig_Arrow4_3mm.uasset" 1441
"../../../Engine/Plugins/Animation/ControlRig/Content/Controls/ControlRig_Arrow4_3mm.uexp" 1442
"../../../Engine/Plugins/Animation/ControlRig/Content/Controls/ControlRig_Arrow4_solid.uasset" 1443
"../../../Engine/Plugins/Animation/ControlRig/Content/Controls/ControlRig_Arrow4_solid.uexp" 1444
"../../../Engine/Plugins/Animation/ControlRig/Content/Controls/ControlRig_Arrow_1mm.uasset" 1445
"../../../Engine/Plugins/Animation/ControlRig/Content/Controls/ControlRig_Arrow_1mm.uexp" 1446
"../../../Engine/Plugins/Animation/ControlRig/Content/Controls/ControlRig_Arrow_3mm.uasset" 1447
"../../../Engine/Plugins/Animation/ControlRig/Content/Controls/ControlRig_Arrow_3mm.uexp" 1448
"../../../Engine/Plugins/Animation/ControlRig/Content/Controls/ControlRig_Arrow_solid.uasset" 1449
"../../../Engine/Plugins/Animation/ControlRig/Content/Controls/ControlRig_Arrow_solid.uexp" 1450
"../../../Engine/Plugins/Animation/ControlRig/Content/Controls/ControlRig_Box_1mm.uasset" 1451
"../../../Engine/Plugins/Animation/ControlRig/Content/Controls/ControlRig_Box_1mm.uexp" 1452
"../../../Engine/Plugins/Animation/ControlRig/Content/Controls/ControlRig_Box_3mm.uasset" 1453
"../../../Engine/Plugins/Animation/ControlRig/Content/Controls/ControlRig_Box_3mm.uexp" 1454
"../../../Engine/Plugins/Animation/ControlRig/Content/Controls/ControlRig_Box_solid.uasset" 1455
"../../../Engine/Plugins/Animation/ControlRig/Content/Controls/ControlRig_Box_solid.uexp" 1456
"../../../Engine/Plugins/Animation/ControlRig/Content/Controls/ControlRig_Circle_1mm.uasset" 1457
"../../../Engine/Plugins/Animation/ControlRig/Content/Controls/ControlRig_Circle_1mm.uexp" 1458
"../../../Engine/Plugins/Animation/ControlRig/Content/Controls/ControlRig_Circle_3mm.uasset" 1459
"../../../Engine/Plugins/Animation/ControlRig/Content/Controls/ControlRig_Circle_3mm.uexp" 1460
"../../../Engine/Plugins/Animation/ControlRig/Content/Controls/ControlRig_Circle_solid.uasset" 1461
"../../../Engine/Plugins/Animation/ControlRig/Content/Controls/ControlRig_Circle_solid.uexp" 1462
"../../../Engine/Plugins/Animation/ControlRig/Content/Controls/ControlRig_Diamond_1mm.uasset" 1463
"../../../Engine/Plugins/Animation/ControlRig/Content/Controls/ControlRig_Diamond_1mm.uexp" 1464
"../../../Engine/Plugins/Animation/ControlRig/Content/Controls/ControlRig_Diamond_3mm.uasset" 1465
"../../../Engine/Plugins/Animation/ControlRig/Content/Controls/ControlRig_Diamond_3mm.uexp" 1466
"../../../Engine/Plugins/Animation/ControlRig/Content/Controls/ControlRig_Diamond_solid.uasset" 1467
"../../../Engine/Plugins/Animation/ControlRig/Content/Controls/ControlRig_Diamond_solid.uexp" 1468
"../../../Engine/Plugins/Animation/ControlRig/Content/Controls/ControlRig_HalfCircle_1mm.uasset" 1469
"../../../Engine/Plugins/Animation/ControlRig/Content/Controls/ControlRig_HalfCircle_1mm.uexp" 1470
"../../../Engine/Plugins/Animation/ControlRig/Content/Controls/ControlRig_HalfCircle_3mm.uasset" 1471
"../../../Engine/Plugins/Animation/ControlRig/Content/Controls/ControlRig_HalfCircle_3mm.uexp" 1472
"../../../Engine/Plugins/Animation/ControlRig/Content/Controls/ControlRig_HalfCircle_solid.uasset" 1473
"../../../Engine/Plugins/Animation/ControlRig/Content/Controls/ControlRig_HalfCircle_solid.uexp" 1474
"../../../Engine/Plugins/Animation/ControlRig/Content/Controls/ControlRig_Hexagon_1mm.uasset" 1475
"../../../Engine/Plugins/Animation/ControlRig/Content/Controls/ControlRig_Hexagon_1mm.uexp" 1476
"../../../Engine/Plugins/Animation/ControlRig/Content/Controls/ControlRig_Hexagon_3mm.uasset" 1477
"../../../Engine/Plugins/Animation/ControlRig/Content/Controls/ControlRig_Hexagon_3mm.uexp" 1478
"../../../Engine/Plugins/Animation/ControlRig/Content/Controls/ControlRig_Hexagon_solid.uasset" 1479
"../../../Engine/Plugins/Animation/ControlRig/Content/Controls/ControlRig_Hexagon_solid.uexp" 1480
"../../../Engine/Plugins/Animation/ControlRig/Content/Controls/ControlRig_Line.uasset" 1481
"../../../Engine/Plugins/Animation/ControlRig/Content/Controls/ControlRig_Line.uexp" 1482
"../../../Engine/Plugins/Animation/ControlRig/Content/Controls/ControlRig_Octagon_1mm.uasset" 1483
"../../../Engine/Plugins/Animation/ControlRig/Content/Controls/ControlRig_Octagon_1mm.uexp" 1484
"../../../Engine/Plugins/Animation/ControlRig/Content/Controls/ControlRig_Octagon_3mm.uasset" 1485
"../../../Engine/Plugins/Animation/ControlRig/Content/Controls/ControlRig_Octagon_3mm.uexp" 1486
"../../../Engine/Plugins/Animation/ControlRig/Content/Controls/ControlRig_Octagon_solid.uasset" 1487
"../../../Engine/Plugins/Animation/ControlRig/Content/Controls/ControlRig_Octagon_solid.uexp" 1488
"../../../Engine/Plugins/Animation/ControlRig/Content/Controls/ControlRig_Pyramid_1mm.uasset" 1489
"../../../Engine/Plugins/Animation/ControlRig/Content/Controls/ControlRig_Pyramid_1mm.uexp" 1490
"../../../Engine/Plugins/Animation/ControlRig/Content/Controls/ControlRig_Pyramid_3mm.uasset" 1491
"../../../Engine/Plugins/Animation/ControlRig/Content/Controls/ControlRig_Pyramid_3mm.uexp" 1492
"../../../Engine/Plugins/Animation/ControlRig/Content/Controls/ControlRig_Pyramid_solid.uasset" 1493
"../../../Engine/Plugins/Animation/ControlRig/Content/Controls/ControlRig_Pyramid_solid.uexp" 1494
"../../../Engine/Plugins/Animation/ControlRig/Content/Controls/ControlRig_QuarterCircle_1mm.uasset" 1495
"../../../Engine/Plugins/Animation/ControlRig/Content/Controls/ControlRig_QuarterCircle_1mm.uexp" 1496
"../../../Engine/Plugins/Animation/ControlRig/Content/Controls/ControlRig_QuarterCircle_3mm.uasset" 1497
"../../../Engine/Plugins/Animation/ControlRig/Content/Controls/ControlRig_QuarterCircle_3mm.uexp" 1498
"../../../Engine/Plugins/Animation/ControlRig/Content/Controls/ControlRig_QuarterCircle_solid.uasset" 1499
"../../../Engine/Plugins/Animation/ControlRig/Content/Controls/ControlRig_QuarterCircle_solid.uexp" 1500
"../../../Engine/Plugins/Animation/ControlRig/Content/Controls/ControlRig_RoundedSquare_1mm.uasset" 1501
"../../../Engine/Plugins/Animation/ControlRig/Content/Controls/ControlRig_RoundedSquare_1mm.uexp" 1502
"../../../Engine/Plugins/Animation/ControlRig/Content/Controls/ControlRig_RoundedSquare_3mm.uasset" 1503
"../../../Engine/Plugins/Animation/ControlRig/Content/Controls/ControlRig_RoundedSquare_3mm.uexp" 1504
"../../../Engine/Plugins/Animation/ControlRig/Content/Controls/ControlRig_RoundedSquare_solid.uasset" 1505
"../../../Engine/Plugins/Animation/ControlRig/Content/Controls/ControlRig_RoundedSquare_solid.uexp" 1506
"../../../Engine/Plugins/Animation/ControlRig/Content/Controls/ControlRig_RoundedTriangle_1mm.uasset" 1507
"../../../Engine/Plugins/Animation/ControlRig/Content/Controls/ControlRig_RoundedTriangle_1mm.uexp" 1508
"../../../Engine/Plugins/Animation/ControlRig/Content/Controls/ControlRig_RoundedTriangle_3mm.uasset" 1509
"../../../Engine/Plugins/Animation/ControlRig/Content/Controls/ControlRig_RoundedTriangle_3mm.uexp" 1510
"../../../Engine/Plugins/Animation/ControlRig/Content/Controls/ControlRig_RoundedTriangle_solid.uasset" 1511
"../../../Engine/Plugins/Animation/ControlRig/Content/Controls/ControlRig_RoundedTriangle_solid.uexp" 1512
"../../../Engine/Plugins/Animation/ControlRig/Content/Controls/ControlRig_Sphere_1mm.uasset" 1513
"../../../Engine/Plugins/Animation/ControlRig/Content/Controls/ControlRig_Sphere_1mm.uexp" 1514
"../../../Engine/Plugins/Animation/ControlRig/Content/Controls/ControlRig_Sphere_3mm.uasset" 1515
"../../../Engine/Plugins/Animation/ControlRig/Content/Controls/ControlRig_Sphere_3mm.uexp" 1516
"../../../Engine/Plugins/Animation/ControlRig/Content/Controls/ControlRig_Sphere_solid.uasset" 1517
"../../../Engine/Plugins/Animation/ControlRig/Content/Controls/ControlRig_Sphere_solid.uexp" 1518
"../../../Engine/Plugins/Animation/ControlRig/Content/Controls/ControlRig_Square_1mm.uasset" 1519
"../../../Engine/Plugins/Animation/ControlRig/Content/Controls/ControlRig_Square_1mm.uexp" 1520
"../../../Engine/Plugins/Animation/ControlRig/Content/Controls/ControlRig_Square_3mm.uasset" 1521
"../../../Engine/Plugins/Animation/ControlRig/Content/Controls/ControlRig_Square_3mm.uexp" 1522
"../../../Engine/Plugins/Animation/ControlRig/Content/Controls/ControlRig_Square_Joystick.uasset" 1523
"../../../Engine/Plugins/Animation/ControlRig/Content/Controls/ControlRig_Square_Joystick.uexp" 1524
"../../../Engine/Plugins/Animation/ControlRig/Content/Controls/ControlRig_Square_solid.uasset" 1525
"../../../Engine/Plugins/Animation/ControlRig/Content/Controls/ControlRig_Square_solid.uexp" 1526
"../../../Engine/Plugins/Animation/ControlRig/Content/Controls/ControlRig_Star4_1mm.uasset" 1527
"../../../Engine/Plugins/Animation/ControlRig/Content/Controls/ControlRig_Star4_1mm.uexp" 1528
"../../../Engine/Plugins/Animation/ControlRig/Content/Controls/ControlRig_Star4_3mm.uasset" 1529
"../../../Engine/Plugins/Animation/ControlRig/Content/Controls/ControlRig_Star4_3mm.uexp" 1530
"../../../Engine/Plugins/Animation/ControlRig/Content/Controls/ControlRig_Star4_solid.uasset" 1531
"../../../Engine/Plugins/Animation/ControlRig/Content/Controls/ControlRig_Star4_solid.uexp" 1532
"../../../Engine/Plugins/Animation/ControlRig/Content/Controls/ControlRig_Triangle_1mm.uasset" 1533
"../../../Engine/Plugins/Animation/ControlRig/Content/Controls/ControlRig_Triangle_1mm.uexp" 1534
"../../../Engine/Plugins/Animation/ControlRig/Content/Controls/ControlRig_Triangle_3mm.uasset" 1535
"../../../Engine/Plugins/Animation/ControlRig/Content/Controls/ControlRig_Triangle_3mm.uexp" 1536
"../../../Engine/Plugins/Animation/ControlRig/Content/Controls/ControlRig_Triangle_solid.uasset" 1537
"../../../Engine/Plugins/Animation/ControlRig/Content/Controls/ControlRig_Triangle_solid.uexp" 1538
"../../../Engine/Plugins/Animation/ControlRig/Content/Controls/ControlRig_Wedge_1mm.uasset" 1539
"../../../Engine/Plugins/Animation/ControlRig/Content/Controls/ControlRig_Wedge_1mm.uexp" 1540
"../../../Engine/Plugins/Animation/ControlRig/Content/Controls/ControlRig_Wedge_3mm.uasset" 1541
"../../../Engine/Plugins/Animation/ControlRig/Content/Controls/ControlRig_Wedge_3mm.uexp" 1542
"../../../Engine/Plugins/Animation/ControlRig/Content/Controls/ControlRig_Wedge_solid.uasset" 1543
"../../../Engine/Plugins/Animation/ControlRig/Content/Controls/ControlRig_Wedge_solid.uexp" 1544
"../../../Engine/Content/EngineMaterials/DefaultMaterial.uasset" 1545
"../../../Engine/Content/EngineMaterials/DefaultMaterial.uexp" 1546
"../../../Engine/Content/BasicShapes/Cone.uasset" 1547
"../../../Engine/Content/BasicShapes/Cone.uexp" 1548
"../../../Engine/Content/EditorLandscapeResources/ColorMaskBrushMaterial.uasset" 1549
"../../../Engine/Content/EditorLandscapeResources/ColorMaskBrushMaterial.uexp" 1550
"../../../Engine/Content/EditorLandscapeResources/ColorMaskBrushMaterial_MaskedRegion.uasset" 1551
"../../../Engine/Content/EditorLandscapeResources/ColorMaskBrushMaterial_MaskedRegion.uexp" 1552
"../../../Engine/Content/Functions/Engine_MaterialFunctions03/Math/WithinRangeFloat2.uasset" 1553
"../../../Engine/Content/Functions/Engine_MaterialFunctions03/Math/WithinRangeFloat2.uexp" 1554
"../../../Engine/Content/EditorLandscapeResources/MaskBrushMaterial.uasset" 1555
"../../../Engine/Content/EditorLandscapeResources/MaskBrushMaterial.uexp" 1556
"../../../Engine/Content/EditorLandscapeResources/MaskBrushMaterial_MaskedRegion.uasset" 1557
"../../../Engine/Content/EditorLandscapeResources/MaskBrushMaterial_MaskedRegion.uexp" 1558
"../../../Engine/Content/EditorLandscapeResources/SelectBrushMaterial.uasset" 1559
"../../../Engine/Content/EditorLandscapeResources/SelectBrushMaterial.uexp" 1560
"../../../Engine/Content/EditorLandscapeResources/SelectBrushMaterial_Selected.uasset" 1561
"../../../Engine/Content/EditorLandscapeResources/SelectBrushMaterial_Selected.uexp" 1562
"../../../Engine/Content/EditorLandscapeResources/SelectBrushMaterial_SelectedRegion.uasset" 1563
"../../../Engine/Content/EditorLandscapeResources/SelectBrushMaterial_SelectedRegion.uexp" 1564
"../../../Engine/Content/EditorLandscapeResources/SplineEditorMeshMat.uasset" 1565
"../../../Engine/Content/EditorLandscapeResources/SplineEditorMeshMat.uexp" 1566
"../../../Engine/Content/EditorLandscapeResources/SplineEditorMesh.uasset" 1567
"../../../Engine/Content/EditorLandscapeResources/SplineEditorMesh.uexp" 1568
"../../../Engine/Plugins/Media/MediaPlate/Content/SM_MediaPlateScreen.uasset" 1569
"../../../Engine/Plugins/Media/MediaPlate/Content/SM_MediaPlateScreen.uexp" 1570
"../../../Engine/Plugins/Runtime/AR/AppleAR/AppleARKit/Content/M_OcclusionOverlay.uasset" 1571
"../../../Engine/Plugins/Runtime/AR/AppleAR/AppleARKit/Content/M_OcclusionOverlay.uexp" 1572
"../../../Engine/Plugins/Runtime/AR/AppleAR/AppleARKit/Content/MI_DepthOcclusionOverlay.uasset" 1573
"../../../Engine/Plugins/Runtime/AR/AppleAR/AppleARKit/Content/MI_DepthOcclusionOverlay.uexp" 1574
"../../../Engine/Plugins/Runtime/AR/AppleAR/AppleARKit/Content/MI_MatteOcclusionOverlay.uasset" 1575
"../../../Engine/Plugins/Runtime/AR/AppleAR/AppleARKit/Content/MI_MatteOcclusionOverlay.uexp" 1576
"../../../Engine/Plugins/2D/Paper2D/Content/DefaultSpriteMaterial.uasset" 1577
"../../../Engine/Plugins/2D/Paper2D/Content/DefaultSpriteMaterial.uexp" 1578
"../../../Engine/Plugins/2D/Paper2D/Content/MaskedUnlitSpriteMaterial.uasset" 1579
"../../../Engine/Plugins/2D/Paper2D/Content/MaskedUnlitSpriteMaterial.uexp" 1580
"../../../Engine/Plugins/2D/Paper2D/Content/OpaqueUnlitSpriteMaterial.uasset" 1581
"../../../Engine/Plugins/2D/Paper2D/Content/OpaqueUnlitSpriteMaterial.uexp" 1582
"../../../Engine/Plugins/Animation/DeformerGraph/Content/DeformerFunctions/DG_Function_LinearBlendSkin_Morph_Cloth_PositionOnly.uasset" 1583
"../../../Engine/Plugins/Animation/DeformerGraph/Content/DeformerFunctions/DG_Function_LinearBlendSkin_Morph_Cloth_PositionOnly.uexp" 1584
"../../../Engine/Plugins/Animation/DeformerGraph/Content/DeformerFunctions/DG_Function_ComputeNormalsTangents.uasset" 1585
"../../../Engine/Plugins/Animation/DeformerGraph/Content/DeformerFunctions/DG_Function_ComputeNormalsTangents.uexp" 1586
"../../../Engine/Plugins/Animation/DeformerGraph/Content/Deformers/DG_LinearBlendSkin_Morph_Cloth_RecomputeNormals.uasset" 1587
"../../../Engine/Plugins/Animation/DeformerGraph/Content/Deformers/DG_LinearBlendSkin_Morph_Cloth_RecomputeNormals.uexp" 1588
"../../../Engine/Plugins/Animation/DeformerGraph/Content/DeformerFunctions/DG_Function_LinearBlendSkin_Morph_Cloth.uasset" 1589
"../../../Engine/Plugins/Animation/DeformerGraph/Content/DeformerFunctions/DG_Function_LinearBlendSkin_Morph_Cloth.uexp" 1590
"../../../Engine/Plugins/Animation/DeformerGraph/Content/Deformers/DG_LinearBlendSkin_Morph_Cloth.uasset" 1591
"../../../Engine/Plugins/Animation/DeformerGraph/Content/Deformers/DG_LinearBlendSkin_Morph_Cloth.uexp" 1592
"../../../Engine/Content/VREditor/Sounds/UI/Drop_Item_From_ContentBrowser.ubulk" 1593
"../../../Engine/Content/VREditor/Sounds/UI/Drop_Item_From_ContentBrowser.uasset" 1594
"../../../Engine/Content/VREditor/Sounds/UI/Drop_Item_From_ContentBrowser.uexp" 1595
"../../../Engine/Content/VREditor/TransformGizmo/TransformGizmoMaterial_Inst.uasset" 1596
"../../../Engine/Content/VREditor/TransformGizmo/TransformGizmoMaterial_Inst.uexp" 1597
"../../../Engine/Content/VREditor/TransformGizmo/TranslucentTransformGizmoMaterial_Inst.uasset" 1598
"../../../Engine/Content/VREditor/TransformGizmo/TranslucentTransformGizmoMaterial_Inst.uexp" 1599
"../../../Engine/Content/Functions/Engine_MaterialFunctions02/SplitComponents.uasset" 1600
"../../../Engine/Content/Functions/Engine_MaterialFunctions02/SplitComponents.uexp" 1601
"../../../Engine/Content/VREditor/SnapGrid/SnapGridMaterial.uasset" 1602
"../../../Engine/Content/VREditor/SnapGrid/SnapGridMaterial.uexp" 1603
"../../../Engine/Content/VREditor/SnapGrid/SnapGridPlaneMesh.uasset" 1604
"../../../Engine/Content/VREditor/SnapGrid/SnapGridPlaneMesh.uexp" 1605
"../../../Engine/Content/VREditor/Sounds/UI/Gizmo_Handle_Clicked.ubulk" 1606
"../../../Engine/Content/VREditor/Sounds/UI/Gizmo_Handle_Clicked.uasset" 1607
"../../../Engine/Content/VREditor/Sounds/UI/Gizmo_Handle_Clicked.uexp" 1608
"../../../Engine/Content/VREditor/Sounds/UI/Object_PickUp.ubulk" 1609
"../../../Engine/Content/VREditor/Sounds/UI/Object_PickUp.uasset" 1610
"../../../Engine/Content/VREditor/Sounds/UI/Object_PickUp.uexp" 1611
"../../../Engine/Content/VREditor/Sounds/UI/Object_Snaps_To_Another_Actor.ubulk" 1612
"../../../Engine/Content/VREditor/Sounds/UI/Object_Snaps_To_Another_Actor.uasset" 1613
"../../../Engine/Content/VREditor/Sounds/UI/Object_Snaps_To_Another_Actor.uexp" 1614
"../../../Engine/Content/VREditor/Sounds/UI/Object_Snaps_To_Grid.ubulk" 1615
"../../../Engine/Content/VREditor/Sounds/UI/Object_Snaps_To_Grid.uasset" 1616
"../../../Engine/Content/VREditor/Sounds/UI/Object_Snaps_To_Grid.uexp" 1617
"../../../Engine/Content/VREditor/Sounds/UI/Scaling_Down.ubulk" 1618
"../../../Engine/Content/VREditor/Sounds/UI/Scaling_Down.uasset" 1619
"../../../Engine/Content/VREditor/Sounds/UI/Scaling_Down.uexp" 1620
"../../../Engine/Content/VREditor/Sounds/UI/Scaling_Up.ubulk" 1621
"../../../Engine/Content/VREditor/Sounds/UI/Scaling_Up.uasset" 1622
"../../../Engine/Content/VREditor/Sounds/UI/Scaling_Up.uexp" 1623
"../../../Engine/Content/VREditor/Sounds/UI/Selection_Changes.ubulk" 1624
"../../../Engine/Content/VREditor/Sounds/UI/Selection_Changes.uasset" 1625
"../../../Engine/Content/VREditor/Sounds/UI/Selection_Changes.uexp" 1626
"../../../Engine/Content/VREditor/TransformGizmo/PlaneTranslationHandle.uasset" 1627
"../../../Engine/Content/VREditor/TransformGizmo/PlaneTranslationHandle.uexp" 1628
"../../../Engine/Content/VREditor/TransformGizmo/RotationHandleFull.uasset" 1629
"../../../Engine/Content/VREditor/TransformGizmo/RotationHandleFull.uexp" 1630
"../../../Engine/Content/VREditor/TransformGizmo/RotationHandleIndicator.uasset" 1631
"../../../Engine/Content/VREditor/TransformGizmo/RotationHandleIndicator.uexp" 1632
"../../../Engine/Content/VREditor/TransformGizmo/RotationHandleQuarter.uasset" 1633
"../../../Engine/Content/VREditor/TransformGizmo/RotationHandleQuarter.uexp" 1634
"../../../Engine/Content/VREditor/TransformGizmo/StartRotationHandleIndicator.uasset" 1635
"../../../Engine/Content/VREditor/TransformGizmo/StartRotationHandleIndicator.uexp" 1636
"../../../Engine/Content/VREditor/TransformGizmo/TransformGizmoFreeRotation.uasset" 1637
"../../../Engine/Content/VREditor/TransformGizmo/TransformGizmoFreeRotation.uexp" 1638
"../../../Engine/Content/VREditor/TransformGizmo/TranslateArrowHandle.uasset" 1639
"../../../Engine/Content/VREditor/TransformGizmo/TranslateArrowHandle.uexp" 1640
"../../../Engine/Content/VREditor/TransformGizmo/UniformScaleHandle.uasset" 1641
"../../../Engine/Content/VREditor/TransformGizmo/UniformScaleHandle.uexp" 1642
"../../../Engine/Content/BasicShapes/Cylinder.uasset" 1643
"../../../Engine/Content/BasicShapes/Cylinder.uexp" 1644
"../../../Engine/Plugins/Runtime/HairStrands/Content/Materials/NiagaraHairMaterial.uasset" 1645
"../../../Engine/Plugins/Runtime/HairStrands/Content/Materials/NiagaraHairMaterial.uexp" 1646
"../../../Engine/Plugins/Runtime/HairStrands/Content/Emitters/StableSpringsSystem.uasset" 1647
"../../../Engine/Plugins/Runtime/HairStrands/Content/Emitters/StableSpringsSystem.uexp" 1648
"../../../Engine/Plugins/Runtime/HairStrands/Content/Emitters/StableRodsSystem.uasset" 1649
"../../../Engine/Plugins/Runtime/HairStrands/Content/Emitters/StableRodsSystem.uexp" 1650
"C:/Users/whart/OneDrive/Documents/GitHub/Unreal-Engine-C-/Content/UltraDynamicSky/Materials/Weather/Wind_Debris.uasset" 1651
"C:/Users/whart/OneDrive/Documents/GitHub/Unreal-Engine-C-/Content/UltraDynamicSky/Materials/Weather/Wind_Debris.uexp" 1652
"C:/Users/whart/OneDrive/Documents/GitHub/Unreal-Engine-C-/Content/UltraDynamicSky/Textures/Weather/Debris_Twigs_and_Leaves.ubulk" 1653
"C:/Users/whart/OneDrive/Documents/GitHub/Unreal-Engine-C-/Content/UltraDynamicSky/Textures/Weather/Debris_Twigs_and_Leaves.uasset" 1654
"C:/Users/whart/OneDrive/Documents/GitHub/Unreal-Engine-C-/Content/UltraDynamicSky/Textures/Weather/Debris_Twigs_and_Leaves.uexp" 1655
"C:/Users/whart/OneDrive/Documents/GitHub/Unreal-Engine-C-/Content/UltraDynamicSky/Particles/Wind_Debris_DF.uasset" 1656
"C:/Users/whart/OneDrive/Documents/GitHub/Unreal-Engine-C-/Content/UltraDynamicSky/Particles/Wind_Debris_DF.uexp" 1657
"C:/Users/whart/OneDrive/Documents/GitHub/Unreal-Engine-C-/Content/UltraDynamicSky/Materials/Weather/Rain_ParticleMat.uasset" 1658
"C:/Users/whart/OneDrive/Documents/GitHub/Unreal-Engine-C-/Content/UltraDynamicSky/Materials/Weather/Rain_ParticleMat.uexp" 1659
"C:/Users/whart/OneDrive/Documents/GitHub/Unreal-Engine-C-/Content/UltraDynamicSky/Particles/Wind_Debris.uasset" 1660
"C:/Users/whart/OneDrive/Documents/GitHub/Unreal-Engine-C-/Content/UltraDynamicSky/Particles/Wind_Debris.uexp" 1661
"C:/Users/whart/OneDrive/Documents/GitHub/Unreal-Engine-C-/Content/UltraDynamicSky/Particles/UDS_VolumetricClouds_Niagara_Properties.uasset" 1662
"C:/Users/whart/OneDrive/Documents/GitHub/Unreal-Engine-C-/Content/UltraDynamicSky/Particles/UDS_VolumetricClouds_Niagara_Properties.uexp" 1663
"C:/Users/whart/OneDrive/Documents/GitHub/Unreal-Engine-C-/Content/UltraDynamicSky/Textures/Sky/LightRay_Card.uasset" 1664
"C:/Users/whart/OneDrive/Documents/GitHub/Unreal-Engine-C-/Content/UltraDynamicSky/Textures/Sky/LightRay_Card.uexp" 1665
"C:/Users/whart/OneDrive/Documents/GitHub/Unreal-Engine-C-/Content/UltraDynamicSky/Materials/VolumetricCloud_LightRay.uasset" 1666
"C:/Users/whart/OneDrive/Documents/GitHub/Unreal-Engine-C-/Content/UltraDynamicSky/Materials/VolumetricCloud_LightRay.uexp" 1667
"C:/Users/whart/OneDrive/Documents/GitHub/Unreal-Engine-C-/Content/UltraDynamicSky/Particles/VolumetricCloud_LightRays.uasset" 1668
"C:/Users/whart/OneDrive/Documents/GitHub/Unreal-Engine-C-/Content/UltraDynamicSky/Particles/VolumetricCloud_LightRays.uexp" 1669
"C:/Users/whart/OneDrive/Documents/GitHub/Unreal-Engine-C-/Content/UltraDynamicSky/Particles/UDW_Niagara_Parameters.uasset" 1670
"C:/Users/whart/OneDrive/Documents/GitHub/Unreal-Engine-C-/Content/UltraDynamicSky/Particles/UDW_Niagara_Parameters.uexp" 1671
"C:/Users/whart/OneDrive/Documents/GitHub/Unreal-Engine-C-/Content/UltraDynamicSky/Materials/Weather/Snow_ParticleMat.uasset" 1672
"C:/Users/whart/OneDrive/Documents/GitHub/Unreal-Engine-C-/Content/UltraDynamicSky/Materials/Weather/Snow_ParticleMat.uexp" 1673
"C:/Users/whart/OneDrive/Documents/GitHub/Unreal-Engine-C-/Content/UltraDynamicSky/Particles/Snow_DF.uasset" 1674
"C:/Users/whart/OneDrive/Documents/GitHub/Unreal-Engine-C-/Content/UltraDynamicSky/Particles/Snow_DF.uexp" 1675
"C:/Users/whart/OneDrive/Documents/GitHub/Unreal-Engine-C-/Content/UltraDynamicSky/Materials/Weather/Fog_ParticleMat.uasset" 1676
"C:/Users/whart/OneDrive/Documents/GitHub/Unreal-Engine-C-/Content/UltraDynamicSky/Materials/Weather/Fog_ParticleMat.uexp" 1677
"C:/Users/whart/OneDrive/Documents/GitHub/Unreal-Engine-C-/Content/UltraDynamicSky/Materials/Weather/Stuck_Snow_Decal_Mat.uasset" 1678
"C:/Users/whart/OneDrive/Documents/GitHub/Unreal-Engine-C-/Content/UltraDynamicSky/Materials/Weather/Stuck_Snow_Decal_Mat.uexp" 1679
"C:/Users/whart/OneDrive/Documents/GitHub/Unreal-Engine-C-/Content/UltraDynamicSky/Particles/Snow.uasset" 1680
"C:/Users/whart/OneDrive/Documents/GitHub/Unreal-Engine-C-/Content/UltraDynamicSky/Particles/Snow.uexp" 1681
"C:/Users/whart/OneDrive/Documents/GitHub/Unreal-Engine-C-/Content/UltraDynamicSky/Materials/Weather/Splash_Droplet_Particle.uasset" 1682
"C:/Users/whart/OneDrive/Documents/GitHub/Unreal-Engine-C-/Content/UltraDynamicSky/Materials/Weather/Splash_Droplet_Particle.uexp" 1683
"C:/Users/whart/OneDrive/Documents/GitHub/Unreal-Engine-C-/Content/UltraDynamicSky/Materials/Weather/Splash_ParticleMat.uasset" 1684
"C:/Users/whart/OneDrive/Documents/GitHub/Unreal-Engine-C-/Content/UltraDynamicSky/Materials/Weather/Splash_ParticleMat.uexp" 1685
"C:/Users/whart/OneDrive/Documents/GitHub/Unreal-Engine-C-/Content/UltraDynamicSky/Materials/Weather/Rain_Spot_Decal.uasset" 1686
"C:/Users/whart/OneDrive/Documents/GitHub/Unreal-Engine-C-/Content/UltraDynamicSky/Materials/Weather/Rain_Spot_Decal.uexp" 1687
"C:/Users/whart/OneDrive/Documents/GitHub/Unreal-Engine-C-/Content/UltraDynamicSky/Materials/Weather/Rain_Ripple_Decal.uasset" 1688
"C:/Users/whart/OneDrive/Documents/GitHub/Unreal-Engine-C-/Content/UltraDynamicSky/Materials/Weather/Rain_Ripple_Decal.uexp" 1689
"C:/Users/whart/OneDrive/Documents/GitHub/Unreal-Engine-C-/Content/UltraDynamicSky/Particles/Rain_DF.uasset" 1690
"C:/Users/whart/OneDrive/Documents/GitHub/Unreal-Engine-C-/Content/UltraDynamicSky/Particles/Rain_DF.uexp" 1691
"C:/Users/whart/OneDrive/Documents/GitHub/Unreal-Engine-C-/Content/UltraDynamicSky/Particles/Rain.uasset" 1692
"C:/Users/whart/OneDrive/Documents/GitHub/Unreal-Engine-C-/Content/UltraDynamicSky/Particles/Rain.uexp" 1693
"C:/Users/whart/OneDrive/Documents/GitHub/Unreal-Engine-C-/Content/UltraDynamicSky/Materials/Weather/Hide_Weather_Particle_With_Local_Cloud_Coverage.uasset" 1694
"C:/Users/whart/OneDrive/Documents/GitHub/Unreal-Engine-C-/Content/UltraDynamicSky/Materials/Weather/Hide_Weather_Particle_With_Local_Cloud_Coverage.uexp" 1695
"C:/Users/whart/OneDrive/Documents/GitHub/Unreal-Engine-C-/Content/UltraDynamicSky/Materials/Weather/Lightning_Glow.uasset" 1696
"C:/Users/whart/OneDrive/Documents/GitHub/Unreal-Engine-C-/Content/UltraDynamicSky/Materials/Weather/Lightning_Glow.uexp" 1697
"C:/Users/whart/OneDrive/Documents/GitHub/Unreal-Engine-C-/Content/UltraDynamicSky/Materials/Weather/Lightning_Rainfall_Particle.uasset" 1698
"C:/Users/whart/OneDrive/Documents/GitHub/Unreal-Engine-C-/Content/UltraDynamicSky/Materials/Weather/Lightning_Rainfall_Particle.uexp" 1699
"C:/Users/whart/OneDrive/Documents/GitHub/Unreal-Engine-C-/Content/UltraDynamicSky/Textures/Weather/ObscuredLightningSheet.ubulk" 1700
"C:/Users/whart/OneDrive/Documents/GitHub/Unreal-Engine-C-/Content/UltraDynamicSky/Textures/Weather/ObscuredLightningSheet.uasset" 1701
"C:/Users/whart/OneDrive/Documents/GitHub/Unreal-Engine-C-/Content/UltraDynamicSky/Textures/Weather/ObscuredLightningSheet.uexp" 1702
"C:/Users/whart/OneDrive/Documents/GitHub/Unreal-Engine-C-/Content/UltraDynamicSky/Materials/Weather/LightningFlare_ParticleMat.uasset" 1703
"C:/Users/whart/OneDrive/Documents/GitHub/Unreal-Engine-C-/Content/UltraDynamicSky/Materials/Weather/LightningFlare_ParticleMat.uexp" 1704
"C:/Users/whart/OneDrive/Documents/GitHub/Unreal-Engine-C-/Content/UltraDynamicSky/Particles/Obscured_Lightning.uasset" 1705
"C:/Users/whart/OneDrive/Documents/GitHub/Unreal-Engine-C-/Content/UltraDynamicSky/Particles/Obscured_Lightning.uexp" 1706
"C:/Users/whart/OneDrive/Documents/GitHub/Unreal-Engine-C-/Content/UltraDynamicSky/Materials/Weather/Lightning_Light_Rays_Card.uasset" 1707
"C:/Users/whart/OneDrive/Documents/GitHub/Unreal-Engine-C-/Content/UltraDynamicSky/Materials/Weather/Lightning_Light_Rays_Card.uexp" 1708
"C:/Users/whart/OneDrive/Documents/GitHub/Unreal-Engine-C-/Content/UltraDynamicSky/Textures/Weather/Lightning_Bolt.ubulk" 1709
"C:/Users/whart/OneDrive/Documents/GitHub/Unreal-Engine-C-/Content/UltraDynamicSky/Textures/Weather/Lightning_Bolt.uasset" 1710
"C:/Users/whart/OneDrive/Documents/GitHub/Unreal-Engine-C-/Content/UltraDynamicSky/Textures/Weather/Lightning_Bolt.uexp" 1711
"C:/Users/whart/OneDrive/Documents/GitHub/Unreal-Engine-C-/Content/UltraDynamicSky/Materials/Weather/LightningBolt_ParticleMat.uasset" 1712
"C:/Users/whart/OneDrive/Documents/GitHub/Unreal-Engine-C-/Content/UltraDynamicSky/Materials/Weather/LightningBolt_ParticleMat.uexp" 1713
"C:/Users/whart/OneDrive/Documents/GitHub/Unreal-Engine-C-/Content/UltraDynamicSky/Particles/Lightning_Strike.uasset" 1714
"C:/Users/whart/OneDrive/Documents/GitHub/Unreal-Engine-C-/Content/UltraDynamicSky/Particles/Lightning_Strike.uexp" 1715
"C:/Users/whart/OneDrive/Documents/GitHub/Unreal-Engine-C-/Content/UltraDynamicSky/Textures/Weather/Dust_Alpha.ubulk" 1716
"C:/Users/whart/OneDrive/Documents/GitHub/Unreal-Engine-C-/Content/UltraDynamicSky/Textures/Weather/Dust_Alpha.uasset" 1717
"C:/Users/whart/OneDrive/Documents/GitHub/Unreal-Engine-C-/Content/UltraDynamicSky/Textures/Weather/Dust_Alpha.uexp" 1718
"C:/Users/whart/OneDrive/Documents/GitHub/Unreal-Engine-C-/Content/UltraDynamicSky/Materials/Weather/Dust_ParticleMat.uasset" 1719
"C:/Users/whart/OneDrive/Documents/GitHub/Unreal-Engine-C-/Content/UltraDynamicSky/Materials/Weather/Dust_ParticleMat.uexp" 1720
"C:/Users/whart/OneDrive/Documents/GitHub/Unreal-Engine-C-/Content/UltraDynamicSky/Materials/Weather/Dust_Spot_ParticleMat.uasset" 1721
"C:/Users/whart/OneDrive/Documents/GitHub/Unreal-Engine-C-/Content/UltraDynamicSky/Materials/Weather/Dust_Spot_ParticleMat.uexp" 1722
"C:/Users/whart/OneDrive/Documents/GitHub/Unreal-Engine-C-/Content/UltraDynamicSky/Particles/Dust_DF.uasset" 1723
"C:/Users/whart/OneDrive/Documents/GitHub/Unreal-Engine-C-/Content/UltraDynamicSky/Particles/Dust_DF.uexp" 1724
"C:/Users/whart/OneDrive/Documents/GitHub/Unreal-Engine-C-/Content/UltraDynamicSky/Particles/Dust.uasset" 1725
"C:/Users/whart/OneDrive/Documents/GitHub/Unreal-Engine-C-/Content/UltraDynamicSky/Particles/Dust.uexp" 1726
"C:/Users/whart/OneDrive/Documents/GitHub/Unreal-Engine-C-/Content/UltraDynamicSky/Particles/DF_Occlusion_Test.uasset" 1727
"C:/Users/whart/OneDrive/Documents/GitHub/Unreal-Engine-C-/Content/UltraDynamicSky/Particles/DF_Occlusion_Test.uexp" 1728
"C:/Users/whart/OneDrive/Documents/GitHub/Unreal-Engine-C-/Content/UltraDynamicSky/Blueprints/System/Editor_UI/Cloud_Painter/Cloud_Painter_BrushFrame.uasset" 1729
"C:/Users/whart/OneDrive/Documents/GitHub/Unreal-Engine-C-/Content/UltraDynamicSky/Blueprints/System/Editor_UI/Cloud_Painter/Cloud_Painter_BrushFrame.uexp" 1730
"C:/Users/whart/OneDrive/Documents/GitHub/Unreal-Engine-C-/Content/UltraDynamicSky/Blueprints/System/Editor_UI/Cloud_Painter/Cloud_Painter_Brush_Mat.uasset" 1731
"C:/Users/whart/OneDrive/Documents/GitHub/Unreal-Engine-C-/Content/UltraDynamicSky/Blueprints/System/Editor_UI/Cloud_Painter/Cloud_Painter_Brush_Mat.uexp" 1732
"C:/Users/whart/OneDrive/Documents/GitHub/Unreal-Engine-C-/Content/UltraDynamicSky/Blueprints/System/Editor_UI/Cloud_Painter/Cloud_Painter_Brush_Mat_Cursor.uasset" 1733
"C:/Users/whart/OneDrive/Documents/GitHub/Unreal-Engine-C-/Content/UltraDynamicSky/Blueprints/System/Editor_UI/Cloud_Painter/Cloud_Painter_Brush_Mat_Cursor.uexp" 1734
"../../../Engine/Content/Functions/Engine_MaterialFunctions02/Math/CreateThirdOrthogonalVector.uasset" 1735
"../../../Engine/Content/Functions/Engine_MaterialFunctions02/Math/CreateThirdOrthogonalVector.uexp" 1736
"../../../Engine/Content/Functions/Engine_MaterialFunctions01/Coordinates/VirtualPlaneCoordinates.uasset" 1737
"../../../Engine/Content/Functions/Engine_MaterialFunctions01/Coordinates/VirtualPlaneCoordinates.uexp" 1738
"C:/Users/whart/OneDrive/Documents/GitHub/Unreal-Engine-C-/Content/UltraDynamicSky/Blueprints/System/Editor_UI/Cloud_Painter/Cloud_Painter_Capture_Post_Mat.uasset" 1739
"C:/Users/whart/OneDrive/Documents/GitHub/Unreal-Engine-C-/Content/UltraDynamicSky/Blueprints/System/Editor_UI/Cloud_Painter/Cloud_Painter_Capture_Post_Mat.uexp" 1740
"../../../Engine/Content/EngineMaterials/DefaultWhiteGrid.ubulk" 1741
"../../../Engine/Content/EngineMaterials/DefaultWhiteGrid.uasset" 1742
"../../../Engine/Content/EngineMaterials/DefaultWhiteGrid.uexp" 1743
"C:/Users/whart/OneDrive/Documents/GitHub/Unreal-Engine-C-/Content/UltraDynamicSky/Blueprints/System/Editor_UI/Cloud_Painter/Cloud_Painter_Draw_Panel_Mat.uasset" 1744
"C:/Users/whart/OneDrive/Documents/GitHub/Unreal-Engine-C-/Content/UltraDynamicSky/Blueprints/System/Editor_UI/Cloud_Painter/Cloud_Painter_Draw_Panel_Mat.uexp" 1745
"C:/Users/whart/OneDrive/Documents/GitHub/Unreal-Engine-C-/Content/UltraDynamicSky/Blueprints/System/Editor_UI/Cloud_Painter/Cloud_Painter_Settings.uasset" 1746
"C:/Users/whart/OneDrive/Documents/GitHub/Unreal-Engine-C-/Content/UltraDynamicSky/Blueprints/System/Editor_UI/Cloud_Painter/Cloud_Painter_Settings.uexp" 1747
"C:/Users/whart/OneDrive/Documents/GitHub/Unreal-Engine-C-/Content/UltraDynamicSky/Sound/UDS_Weather.uasset" 1748
"C:/Users/whart/OneDrive/Documents/GitHub/Unreal-Engine-C-/Content/UltraDynamicSky/Sound/UDS_Weather.uexp" 1749
"C:/Users/whart/OneDrive/Documents/GitHub/Unreal-Engine-C-/Content/UltraDynamicSky/Sound/Wind/Wind_Whistling.ubulk" 1750
"C:/Users/whart/OneDrive/Documents/GitHub/Unreal-Engine-C-/Content/UltraDynamicSky/Sound/Wind/Wind_Whistling.uasset" 1751
"C:/Users/whart/OneDrive/Documents/GitHub/Unreal-Engine-C-/Content/UltraDynamicSky/Sound/Wind/Wind_Whistling.uexp" 1752
"../../../Engine/Content/EngineSounds/Master.uasset" 1753
"../../../Engine/Content/EngineSounds/Master.uexp" 1754
"../../../Engine/Content/EngineSounds/Normal_Attack.uasset" 1755
"../../../Engine/Content/EngineSounds/Normal_Attack.uexp" 1756
"../../../Engine/Content/EngineSounds/Duck_Normal_Attack_MixMod.uasset" 1757
"../../../Engine/Content/EngineSounds/Duck_Normal_Attack_MixMod.uexp" 1758
"../../../Engine/Content/EngineSounds/Special_Attack_PSM.uasset" 1759
"../../../Engine/Content/EngineSounds/Special_Attack_PSM.uexp" 1760
"../../../Engine/Content/EngineSounds/SFX.uasset" 1761
"../../../Engine/Content/EngineSounds/SFX.uexp" 1762
"C:/Users/whart/OneDrive/Documents/GitHub/Unreal-Engine-C-/Content/UltraDynamicSky/Sound/Distant_Thunder/DistantThunder_1.uasset" 1763
"C:/Users/whart/OneDrive/Documents/GitHub/Unreal-Engine-C-/Content/UltraDynamicSky/Sound/Distant_Thunder/DistantThunder_1.m.ubulk" 1764
"C:/Users/whart/OneDrive/Documents/GitHub/Unreal-Engine-C-/Content/UltraDynamicSky/Sound/Distant_Thunder/DistantThunder_1.uexp" 1765
"C:/Users/whart/OneDrive/Documents/GitHub/Unreal-Engine-C-/Content/UltraDynamicSky/Sound/Distant_Thunder/DistantThunder_2.uasset" 1766
"C:/Users/whart/OneDrive/Documents/GitHub/Unreal-Engine-C-/Content/UltraDynamicSky/Sound/Distant_Thunder/DistantThunder_2.m.ubulk" 1767
"C:/Users/whart/OneDrive/Documents/GitHub/Unreal-Engine-C-/Content/UltraDynamicSky/Sound/Distant_Thunder/DistantThunder_2.uexp" 1768
"C:/Users/whart/OneDrive/Documents/GitHub/Unreal-Engine-C-/Content/UltraDynamicSky/Sound/Distant_Thunder/DistantThunder_3.uasset" 1769
"C:/Users/whart/OneDrive/Documents/GitHub/Unreal-Engine-C-/Content/UltraDynamicSky/Sound/Distant_Thunder/DistantThunder_3.m.ubulk" 1770
"C:/Users/whart/OneDrive/Documents/GitHub/Unreal-Engine-C-/Content/UltraDynamicSky/Sound/Distant_Thunder/DistantThunder_3.uexp" 1771
"C:/Users/whart/OneDrive/Documents/GitHub/Unreal-Engine-C-/Content/UltraDynamicSky/Sound/Distant_Thunder/DistantThunder_4.uasset" 1772
"C:/Users/whart/OneDrive/Documents/GitHub/Unreal-Engine-C-/Content/UltraDynamicSky/Sound/Distant_Thunder/DistantThunder_4.m.ubulk" 1773
"C:/Users/whart/OneDrive/Documents/GitHub/Unreal-Engine-C-/Content/UltraDynamicSky/Sound/Distant_Thunder/DistantThunder_4.uexp" 1774
"C:/Users/whart/OneDrive/Documents/GitHub/Unreal-Engine-C-/Content/UltraDynamicSky/Sound/Distant_Thunder/DistantThunder_5.uasset" 1775
"C:/Users/whart/OneDrive/Documents/GitHub/Unreal-Engine-C-/Content/UltraDynamicSky/Sound/Distant_Thunder/DistantThunder_5.m.ubulk" 1776
"C:/Users/whart/OneDrive/Documents/GitHub/Unreal-Engine-C-/Content/UltraDynamicSky/Sound/Distant_Thunder/DistantThunder_5.uexp" 1777
"C:/Users/whart/OneDrive/Documents/GitHub/Unreal-Engine-C-/Content/UltraDynamicSky/Sound/Distant_Thunder/DistantThunder_6.uasset" 1778
"C:/Users/whart/OneDrive/Documents/GitHub/Unreal-Engine-C-/Content/UltraDynamicSky/Sound/Distant_Thunder/DistantThunder_6.m.ubulk" 1779
"C:/Users/whart/OneDrive/Documents/GitHub/Unreal-Engine-C-/Content/UltraDynamicSky/Sound/Distant_Thunder/DistantThunder_6.uexp" 1780
"C:/Users/whart/OneDrive/Documents/GitHub/Unreal-Engine-C-/Content/UltraDynamicSky/Sound/Distant_Thunder/DistantThunder_7.uasset" 1781
"C:/Users/whart/OneDrive/Documents/GitHub/Unreal-Engine-C-/Content/UltraDynamicSky/Sound/Distant_Thunder/DistantThunder_7.m.ubulk" 1782
"C:/Users/whart/OneDrive/Documents/GitHub/Unreal-Engine-C-/Content/UltraDynamicSky/Sound/Distant_Thunder/DistantThunder_7.uexp" 1783
"C:/Users/whart/OneDrive/Documents/GitHub/Unreal-Engine-C-/Content/UltraDynamicSky/Sound/Distant_Thunder/DistantThunder_8.uasset" 1784
"C:/Users/whart/OneDrive/Documents/GitHub/Unreal-Engine-C-/Content/UltraDynamicSky/Sound/Distant_Thunder/DistantThunder_8.m.ubulk" 1785
"C:/Users/whart/OneDrive/Documents/GitHub/Unreal-Engine-C-/Content/UltraDynamicSky/Sound/Distant_Thunder/DistantThunder_8.uexp" 1786
"C:/Users/whart/OneDrive/Documents/GitHub/Unreal-Engine-C-/Content/UltraDynamicSky/Sound/Distant_Thunder/DistantThunder_9.uasset" 1787
"C:/Users/whart/OneDrive/Documents/GitHub/Unreal-Engine-C-/Content/UltraDynamicSky/Sound/Distant_Thunder/DistantThunder_9.m.ubulk" 1788
"C:/Users/whart/OneDrive/Documents/GitHub/Unreal-Engine-C-/Content/UltraDynamicSky/Sound/Distant_Thunder/DistantThunder_9.uexp" 1789
"C:/Users/whart/OneDrive/Documents/GitHub/Unreal-Engine-C-/Content/UltraDynamicSky/Sound/Distant_Thunder/DistantThunder_10.uasset" 1790
"C:/Users/whart/OneDrive/Documents/GitHub/Unreal-Engine-C-/Content/UltraDynamicSky/Sound/Distant_Thunder/DistantThunder_10.m.ubulk" 1791
"C:/Users/whart/OneDrive/Documents/GitHub/Unreal-Engine-C-/Content/UltraDynamicSky/Sound/Distant_Thunder/DistantThunder_10.uexp" 1792
"C:/Users/whart/OneDrive/Documents/GitHub/Unreal-Engine-C-/Content/UltraDynamicSky/Sound/Distant_Thunder/DistantThunder_11.uasset" 1793
"C:/Users/whart/OneDrive/Documents/GitHub/Unreal-Engine-C-/Content/UltraDynamicSky/Sound/Distant_Thunder/DistantThunder_11.m.ubulk" 1794
"C:/Users/whart/OneDrive/Documents/GitHub/Unreal-Engine-C-/Content/UltraDynamicSky/Sound/Distant_Thunder/DistantThunder_11.uexp" 1795
"C:/Users/whart/OneDrive/Documents/GitHub/Unreal-Engine-C-/Content/UltraDynamicSky/Sound/MetaSounds/UDS_Distant_Thunder_Loop.uasset" 1796
"C:/Users/whart/OneDrive/Documents/GitHub/Unreal-Engine-C-/Content/UltraDynamicSky/Sound/MetaSounds/UDS_Distant_Thunder_Loop.uexp" 1797
"C:/Users/whart/OneDrive/Documents/GitHub/Unreal-Engine-C-/Content/UltraDynamicSky/Sound/Close_Thunder/CloseThunder_1.ubulk" 1798
"C:/Users/whart/OneDrive/Documents/GitHub/Unreal-Engine-C-/Content/UltraDynamicSky/Sound/Close_Thunder/CloseThunder_1.uasset" 1799
"C:/Users/whart/OneDrive/Documents/GitHub/Unreal-Engine-C-/Content/UltraDynamicSky/Sound/Close_Thunder/CloseThunder_1.uexp" 1800
"C:/Users/whart/OneDrive/Documents/GitHub/Unreal-Engine-C-/Content/UltraDynamicSky/Sound/Close_Thunder/CloseThunder_2.ubulk" 1801
"C:/Users/whart/OneDrive/Documents/GitHub/Unreal-Engine-C-/Content/UltraDynamicSky/Sound/Close_Thunder/CloseThunder_2.uasset" 1802
"C:/Users/whart/OneDrive/Documents/GitHub/Unreal-Engine-C-/Content/UltraDynamicSky/Sound/Close_Thunder/CloseThunder_2.uexp" 1803
"C:/Users/whart/OneDrive/Documents/GitHub/Unreal-Engine-C-/Content/UltraDynamicSky/Sound/Close_Thunder/CloseThunder_3.ubulk" 1804
"C:/Users/whart/OneDrive/Documents/GitHub/Unreal-Engine-C-/Content/UltraDynamicSky/Sound/Close_Thunder/CloseThunder_3.uasset" 1805
"C:/Users/whart/OneDrive/Documents/GitHub/Unreal-Engine-C-/Content/UltraDynamicSky/Sound/Close_Thunder/CloseThunder_3.uexp" 1806
"C:/Users/whart/OneDrive/Documents/GitHub/Unreal-Engine-C-/Content/UltraDynamicSky/Sound/Close_Thunder/CloseThunder_4.ubulk" 1807
"C:/Users/whart/OneDrive/Documents/GitHub/Unreal-Engine-C-/Content/UltraDynamicSky/Sound/Close_Thunder/CloseThunder_4.uasset" 1808
"C:/Users/whart/OneDrive/Documents/GitHub/Unreal-Engine-C-/Content/UltraDynamicSky/Sound/Close_Thunder/CloseThunder_4.uexp" 1809
"C:/Users/whart/OneDrive/Documents/GitHub/Unreal-Engine-C-/Content/UltraDynamicSky/Sound/Close_Thunder/CloseThunder_5.ubulk" 1810
"C:/Users/whart/OneDrive/Documents/GitHub/Unreal-Engine-C-/Content/UltraDynamicSky/Sound/Close_Thunder/CloseThunder_5.uasset" 1811
"C:/Users/whart/OneDrive/Documents/GitHub/Unreal-Engine-C-/Content/UltraDynamicSky/Sound/Close_Thunder/CloseThunder_5.uexp" 1812
"C:/Users/whart/OneDrive/Documents/GitHub/Unreal-Engine-C-/Content/UltraDynamicSky/Sound/Close_Thunder/CloseThunder_6.ubulk" 1813
"C:/Users/whart/OneDrive/Documents/GitHub/Unreal-Engine-C-/Content/UltraDynamicSky/Sound/Close_Thunder/CloseThunder_6.uasset" 1814
"C:/Users/whart/OneDrive/Documents/GitHub/Unreal-Engine-C-/Content/UltraDynamicSky/Sound/Close_Thunder/CloseThunder_6.uexp" 1815
"C:/Users/whart/OneDrive/Documents/GitHub/Unreal-Engine-C-/Content/UltraDynamicSky/Sound/MetaSounds/UDS_Close_Thunder.uasset" 1816
"C:/Users/whart/OneDrive/Documents/GitHub/Unreal-Engine-C-/Content/UltraDynamicSky/Sound/MetaSounds/UDS_Close_Thunder.uexp" 1817
"C:/Users/whart/OneDrive/Documents/GitHub/Unreal-Engine-C-/Content/UltraDynamicSky/Sound/MetaSounds/UDS_Global_WeatherSounds.uasset" 1818
"C:/Users/whart/OneDrive/Documents/GitHub/Unreal-Engine-C-/Content/UltraDynamicSky/Sound/MetaSounds/UDS_Global_WeatherSounds.uexp" 1819
"C:/Users/whart/OneDrive/Documents/GitHub/Unreal-Engine-C-/Content/UltraDynamicSky/Sound/Wind/BrownianNoise_1.uasset" 1820
"C:/Users/whart/OneDrive/Documents/GitHub/Unreal-Engine-C-/Content/UltraDynamicSky/Sound/Wind/BrownianNoise_1.m.ubulk" 1821
"C:/Users/whart/OneDrive/Documents/GitHub/Unreal-Engine-C-/Content/UltraDynamicSky/Sound/Wind/BrownianNoise_1.uexp" 1822
"C:/Users/whart/OneDrive/Documents/GitHub/Unreal-Engine-C-/Content/UltraDynamicSky/Sound/Wind/BrownianNoise_2.uasset" 1823
"C:/Users/whart/OneDrive/Documents/GitHub/Unreal-Engine-C-/Content/UltraDynamicSky/Sound/Wind/BrownianNoise_2.m.ubulk" 1824
"C:/Users/whart/OneDrive/Documents/GitHub/Unreal-Engine-C-/Content/UltraDynamicSky/Sound/Wind/BrownianNoise_2.uexp" 1825
"C:/Users/whart/OneDrive/Documents/GitHub/Unreal-Engine-C-/Content/UltraDynamicSky/Sound/Wind/BrownianNoise_3.uasset" 1826
"C:/Users/whart/OneDrive/Documents/GitHub/Unreal-Engine-C-/Content/UltraDynamicSky/Sound/Wind/BrownianNoise_3.m.ubulk" 1827
"C:/Users/whart/OneDrive/Documents/GitHub/Unreal-Engine-C-/Content/UltraDynamicSky/Sound/Wind/BrownianNoise_3.uexp" 1828
"C:/Users/whart/OneDrive/Documents/GitHub/Unreal-Engine-C-/Content/UltraDynamicSky/Sound/Wind/BrownianNoise_4.uasset" 1829
"C:/Users/whart/OneDrive/Documents/GitHub/Unreal-Engine-C-/Content/UltraDynamicSky/Sound/Wind/BrownianNoise_4.m.ubulk" 1830
"C:/Users/whart/OneDrive/Documents/GitHub/Unreal-Engine-C-/Content/UltraDynamicSky/Sound/Wind/BrownianNoise_4.uexp" 1831
"C:/Users/whart/OneDrive/Documents/GitHub/Unreal-Engine-C-/Content/UltraDynamicSky/Sound/MetaSounds/UDS_Wind_Loop.uasset" 1832
"C:/Users/whart/OneDrive/Documents/GitHub/Unreal-Engine-C-/Content/UltraDynamicSky/Sound/MetaSounds/UDS_Wind_Loop.uexp" 1833
"C:/Users/whart/OneDrive/Documents/GitHub/Unreal-Engine-C-/Content/UltraDynamicSky/Sound/MetaSounds/UDS_Stereo_Panning_and_Occlusion.uasset" 1834
"C:/Users/whart/OneDrive/Documents/GitHub/Unreal-Engine-C-/Content/UltraDynamicSky/Sound/MetaSounds/UDS_Stereo_Panning_and_Occlusion.uexp" 1835
"C:/Users/whart/OneDrive/Documents/GitHub/Unreal-Engine-C-/Content/UltraDynamicSky/Sound/Rain/RainHit_1.ubulk" 1836
"C:/Users/whart/OneDrive/Documents/GitHub/Unreal-Engine-C-/Content/UltraDynamicSky/Sound/Rain/RainHit_1.uasset" 1837
"C:/Users/whart/OneDrive/Documents/GitHub/Unreal-Engine-C-/Content/UltraDynamicSky/Sound/Rain/RainHit_1.uexp" 1838
"C:/Users/whart/OneDrive/Documents/GitHub/Unreal-Engine-C-/Content/UltraDynamicSky/Sound/Rain/RainHit_2.ubulk" 1839
"C:/Users/whart/OneDrive/Documents/GitHub/Unreal-Engine-C-/Content/UltraDynamicSky/Sound/Rain/RainHit_2.uasset" 1840
"C:/Users/whart/OneDrive/Documents/GitHub/Unreal-Engine-C-/Content/UltraDynamicSky/Sound/Rain/RainHit_2.uexp" 1841
"C:/Users/whart/OneDrive/Documents/GitHub/Unreal-Engine-C-/Content/UltraDynamicSky/Sound/Rain/RainHit_3.ubulk" 1842
"C:/Users/whart/OneDrive/Documents/GitHub/Unreal-Engine-C-/Content/UltraDynamicSky/Sound/Rain/RainHit_3.uasset" 1843
"C:/Users/whart/OneDrive/Documents/GitHub/Unreal-Engine-C-/Content/UltraDynamicSky/Sound/Rain/RainHit_3.uexp" 1844
"C:/Users/whart/OneDrive/Documents/GitHub/Unreal-Engine-C-/Content/UltraDynamicSky/Sound/Rain/MediumRain_1.uasset" 1845
"C:/Users/whart/OneDrive/Documents/GitHub/Unreal-Engine-C-/Content/UltraDynamicSky/Sound/Rain/MediumRain_1.m.ubulk" 1846
"C:/Users/whart/OneDrive/Documents/GitHub/Unreal-Engine-C-/Content/UltraDynamicSky/Sound/Rain/MediumRain_1.uexp" 1847
"C:/Users/whart/OneDrive/Documents/GitHub/Unreal-Engine-C-/Content/UltraDynamicSky/Sound/Rain/MediumRain_2.uasset" 1848
"C:/Users/whart/OneDrive/Documents/GitHub/Unreal-Engine-C-/Content/UltraDynamicSky/Sound/Rain/MediumRain_2.m.ubulk" 1849
"C:/Users/whart/OneDrive/Documents/GitHub/Unreal-Engine-C-/Content/UltraDynamicSky/Sound/Rain/MediumRain_2.uexp" 1850
"C:/Users/whart/OneDrive/Documents/GitHub/Unreal-Engine-C-/Content/UltraDynamicSky/Sound/Rain/MediumRain_3.uasset" 1851
"C:/Users/whart/OneDrive/Documents/GitHub/Unreal-Engine-C-/Content/UltraDynamicSky/Sound/Rain/MediumRain_3.m.ubulk" 1852
"C:/Users/whart/OneDrive/Documents/GitHub/Unreal-Engine-C-/Content/UltraDynamicSky/Sound/Rain/MediumRain_3.uexp" 1853
"C:/Users/whart/OneDrive/Documents/GitHub/Unreal-Engine-C-/Content/UltraDynamicSky/Sound/Rain/MediumRain_4.uasset" 1854
"C:/Users/whart/OneDrive/Documents/GitHub/Unreal-Engine-C-/Content/UltraDynamicSky/Sound/Rain/MediumRain_4.m.ubulk" 1855
"C:/Users/whart/OneDrive/Documents/GitHub/Unreal-Engine-C-/Content/UltraDynamicSky/Sound/Rain/MediumRain_4.uexp" 1856
"C:/Users/whart/OneDrive/Documents/GitHub/Unreal-Engine-C-/Content/UltraDynamicSky/Sound/Rain/LightRain_1.uasset" 1857
"C:/Users/whart/OneDrive/Documents/GitHub/Unreal-Engine-C-/Content/UltraDynamicSky/Sound/Rain/LightRain_1.m.ubulk" 1858
"C:/Users/whart/OneDrive/Documents/GitHub/Unreal-Engine-C-/Content/UltraDynamicSky/Sound/Rain/LightRain_1.uexp" 1859
"C:/Users/whart/OneDrive/Documents/GitHub/Unreal-Engine-C-/Content/UltraDynamicSky/Sound/Rain/LightRain_2.ubulk" 1860
"C:/Users/whart/OneDrive/Documents/GitHub/Unreal-Engine-C-/Content/UltraDynamicSky/Sound/Rain/LightRain_2.uasset" 1861
"C:/Users/whart/OneDrive/Documents/GitHub/Unreal-Engine-C-/Content/UltraDynamicSky/Sound/Rain/LightRain_2.uexp" 1862
"C:/Users/whart/OneDrive/Documents/GitHub/Unreal-Engine-C-/Content/UltraDynamicSky/Sound/Rain/LightRain_3.uasset" 1863
"C:/Users/whart/OneDrive/Documents/GitHub/Unreal-Engine-C-/Content/UltraDynamicSky/Sound/Rain/LightRain_3.m.ubulk" 1864
"C:/Users/whart/OneDrive/Documents/GitHub/Unreal-Engine-C-/Content/UltraDynamicSky/Sound/Rain/LightRain_3.uexp" 1865
"C:/Users/whart/OneDrive/Documents/GitHub/Unreal-Engine-C-/Content/UltraDynamicSky/Sound/Rain/LightRain_4.uasset" 1866
"C:/Users/whart/OneDrive/Documents/GitHub/Unreal-Engine-C-/Content/UltraDynamicSky/Sound/Rain/LightRain_4.m.ubulk" 1867
"C:/Users/whart/OneDrive/Documents/GitHub/Unreal-Engine-C-/Content/UltraDynamicSky/Sound/Rain/LightRain_4.uexp" 1868
"C:/Users/whart/OneDrive/Documents/GitHub/Unreal-Engine-C-/Content/UltraDynamicSky/Sound/MetaSounds/UDS_Rain_Loop.uasset" 1869
"C:/Users/whart/OneDrive/Documents/GitHub/Unreal-Engine-C-/Content/UltraDynamicSky/Sound/MetaSounds/UDS_Rain_Loop.uexp" 1870
"C:/Users/whart/OneDrive/Documents/GitHub/Unreal-Engine-C-/Content/UltraDynamicSky/Sound/MetaSounds/UDS_Directional_WeatherSounds.uasset" 1871
"C:/Users/whart/OneDrive/Documents/GitHub/Unreal-Engine-C-/Content/UltraDynamicSky/Sound/MetaSounds/UDS_Directional_WeatherSounds.uexp" 1872
"C:/Users/whart/OneDrive/Documents/GitHub/Unreal-Engine-C-/Content/UltraDynamicSky/Blueprints/System/Editor_UI/Weather_Mask_Brush_Painter/WeatherMaskBrushPainter_Settings.uasset" 1873
"C:/Users/whart/OneDrive/Documents/GitHub/Unreal-Engine-C-/Content/UltraDynamicSky/Blueprints/System/Editor_UI/Weather_Mask_Brush_Painter/WeatherMaskBrushPainter_Settings.uexp" 1874
"C:/Users/whart/OneDrive/Documents/GitHub/Unreal-Engine-C-/Content/UltraDynamicSky/Blueprints/System/Editor_UI/Weather_Mask_Brush_Painter/WeatherMaskPainter_PreviewMat.uasset" 1875
"C:/Users/whart/OneDrive/Documents/GitHub/Unreal-Engine-C-/Content/UltraDynamicSky/Blueprints/System/Editor_UI/Weather_Mask_Brush_Painter/WeatherMaskPainter_PreviewMat.uexp" 1876
"C:/Users/whart/OneDrive/Documents/GitHub/Unreal-Engine-C-/Content/UltraDynamicSky/Textures/Tools/Static_Clouds_Authoring_Target.uasset" 1877
"C:/Users/whart/OneDrive/Documents/GitHub/Unreal-Engine-C-/Content/UltraDynamicSky/Textures/Tools/Static_Clouds_Authoring_Target.uexp" 1878
"C:/Users/whart/OneDrive/Documents/GitHub/Unreal-Engine-C-/Content/UltraDynamicSky/Materials/Tools/Static_Clouds_Tool_Composite.uasset" 1879
"C:/Users/whart/OneDrive/Documents/GitHub/Unreal-Engine-C-/Content/UltraDynamicSky/Materials/Tools/Static_Clouds_Tool_Composite.uexp" 1880
"C:/Users/whart/OneDrive/Documents/GitHub/Unreal-Engine-C-/Content/UltraDynamicSky/Materials/Tools/Static_Clouds_Cubemap_Transform.uasset" 1881
"C:/Users/whart/OneDrive/Documents/GitHub/Unreal-Engine-C-/Content/UltraDynamicSky/Materials/Tools/Static_Clouds_Cubemap_Transform.uexp" 1882
"C:/Users/whart/OneDrive/Documents/GitHub/Unreal-Engine-C-/Content/FemaleCharacter/Common/Common/Animation/Retargeting/IK_MetaHuman_f_srt_nrw.uasset" 1883
"C:/Users/whart/OneDrive/Documents/GitHub/Unreal-Engine-C-/Content/FemaleCharacter/Common/Common/Animation/Retargeting/IK_MetaHuman_f_srt_nrw.uexp" 1884
"../../../Engine/Content/EditorResources/BadBlueprintSprite.ubulk" 1885
"../../../Engine/Content/EditorResources/BadBlueprintSprite.uasset" 1886
"../../../Engine/Content/EditorResources/BadBlueprintSprite.uexp" 1887
"C:/Users/whart/OneDrive/Documents/GitHub/Unreal-Engine-C-/Content/Levels/MainMenu.uexp" 1888
"C:/Users/whart/OneDrive/Documents/GitHub/Unreal-Engine-C-/Content/Levels/MainMenu.umap" 1889
"../../../Engine/Content/EngineMaterials/DefaultPhysicalMaterial.uasset" 1890
"../../../Engine/Content/EngineMaterials/DefaultPhysicalMaterial.uexp" 1891
"../../../Engine/Content/EngineResources/LandscapeVisibilityLayerInfo.uasset" 1892
"../../../Engine/Content/EngineResources/LandscapeVisibilityLayerInfo.uexp" 1893
"C:/Users/whart/OneDrive/Documents/GitHub/Unreal-Engine-C-/Content/SFX/WindAmbience.ubulk" 1894
"C:/Users/whart/OneDrive/Documents/GitHub/Unreal-Engine-C-/Content/SFX/WindAmbience.uasset" 1895
"C:/Users/whart/OneDrive/Documents/GitHub/Unreal-Engine-C-/Content/SFX/WindAmbience.uexp" 1896
"C:/Users/whart/OneDrive/Documents/GitHub/Unreal-Engine-C-/Content/SFX/Calm__Quiet__Birds__Chirp__Light_Wind__Distant_Music__Spring_02__1_.ubulk" 1897
"C:/Users/whart/OneDrive/Documents/GitHub/Unreal-Engine-C-/Content/SFX/Calm__Quiet__Birds__Chirp__Light_Wind__Distant_Music__Spring_02__1_.uasset" 1898
"C:/Users/whart/OneDrive/Documents/GitHub/Unreal-Engine-C-/Content/SFX/Calm__Quiet__Birds__Chirp__Light_Wind__Distant_Music__Spring_02__1_.uexp" 1899
"C:/Users/whart/OneDrive/Documents/GitHub/Unreal-Engine-C-/Content/UI/WBP_Blackscreen.uasset" 1900
"C:/Users/whart/OneDrive/Documents/GitHub/Unreal-Engine-C-/Content/UI/WBP_Blackscreen.uexp" 1901
"../../../Engine/Plugins/FX/Niagara/Content/Enums/ENiagaraMeshTransforms.uasset" 1902
"../../../Engine/Plugins/FX/Niagara/Content/Enums/ENiagaraMeshTransforms.uexp" 1903
"../../../Engine/Plugins/FX/Niagara/Content/Enums/Transforms/ENiagara_MeshOrientationOptions.uasset" 1904
"../../../Engine/Plugins/FX/Niagara/Content/Enums/Transforms/ENiagara_MeshOrientationOptions.uexp" 1905
"C:/Users/whart/OneDrive/Documents/GitHub/Unreal-Engine-C-/Content/Assets/Portals/SM_SphereMask.uasset" 1906
"C:/Users/whart/OneDrive/Documents/GitHub/Unreal-Engine-C-/Content/Assets/Portals/SM_SphereMask.uexp" 1907
"../../../Engine/Content/MapTemplates/TilingNoise05.ubulk" 1908
"../../../Engine/Content/MapTemplates/TilingNoise05.uasset" 1909
"../../../Engine/Content/MapTemplates/TilingNoise05.uexp" 1910
"../../../Engine/Content/Tutorial/SubEditors/TutorialAssets/T_soft_smoke.ubulk" 1911
"../../../Engine/Content/Tutorial/SubEditors/TutorialAssets/T_soft_smoke.uasset" 1912
"../../../Engine/Content/Tutorial/SubEditors/TutorialAssets/T_soft_smoke.uexp" 1913
"../../../Engine/Content/Functions/Engine_MaterialFunctions01/Texturing/TriplanarCameraVector.uasset" 1914
"../../../Engine/Content/Functions/Engine_MaterialFunctions01/Texturing/TriplanarCameraVector.uexp" 1915
"C:/Users/whart/OneDrive/Documents/GitHub/Unreal-Engine-C-/Content/Assets/Portals/M_Portal.uasset" 1916
"C:/Users/whart/OneDrive/Documents/GitHub/Unreal-Engine-C-/Content/Assets/Portals/M_Portal.uexp" 1917
"C:/Users/whart/OneDrive/Documents/GitHub/Unreal-Engine-C-/Content/Assets/Portals/Portal.uasset" 1918
"C:/Users/whart/OneDrive/Documents/GitHub/Unreal-Engine-C-/Content/Assets/Portals/Portal.uexp" 1919
"C:/Users/whart/OneDrive/Documents/GitHub/Unreal-Engine-C-/Content/Player/Portal/BP_Portal.uasset" 1920
"C:/Users/whart/OneDrive/Documents/GitHub/Unreal-Engine-C-/Content/Player/Portal/BP_Portal.uexp" 1921
"C:/Users/whart/OneDrive/Documents/GitHub/Unreal-Engine-C-/Content/Player/Blueprints/GuideColor.uasset" 1922
"C:/Users/whart/OneDrive/Documents/GitHub/Unreal-Engine-C-/Content/Player/Blueprints/GuideColor.uexp" 1923
"C:/Users/whart/OneDrive/Documents/GitHub/Unreal-Engine-C-/Content/Player/Blueprints/testmat.uasset" 1924
"C:/Users/whart/OneDrive/Documents/GitHub/Unreal-Engine-C-/Content/Player/Blueprints/testmat.uexp" 1925
"../../../Engine/Content/Functions/Engine_MaterialFunctions01/Gradient/LinearGradient.uasset" 1926
"../../../Engine/Content/Functions/Engine_MaterialFunctions01/Gradient/LinearGradient.uexp" 1927
"../../../Engine/Content/Functions/Engine_MaterialFunctions01/ImageAdjustment/CheapContrast.uasset" 1928
"../../../Engine/Content/Functions/Engine_MaterialFunctions01/ImageAdjustment/CheapContrast.uexp" 1929
"C:/Users/whart/OneDrive/Documents/GitHub/Unreal-Engine-C-/Content/Assets/EnvironmentAssets/Textures/General/T_GridChecker_A.ubulk" 1930
"C:/Users/whart/OneDrive/Documents/GitHub/Unreal-Engine-C-/Content/Assets/EnvironmentAssets/Textures/General/T_GridChecker_A.uasset" 1931
"C:/Users/whart/OneDrive/Documents/GitHub/Unreal-Engine-C-/Content/Assets/EnvironmentAssets/Textures/General/T_GridChecker_A.uexp" 1932
"C:/Users/whart/OneDrive/Documents/GitHub/Unreal-Engine-C-/Content/Assets/EnvironmentAssets/Materials/General/MF_ProcGrid.uasset" 1933
"C:/Users/whart/OneDrive/Documents/GitHub/Unreal-Engine-C-/Content/Assets/EnvironmentAssets/Materials/General/MF_ProcGrid.uexp" 1934
"C:/Users/whart/OneDrive/Documents/GitHub/Unreal-Engine-C-/Content/Assets/EnvironmentAssets/Materials/General/M_PrototypeGrid.uasset" 1935
"C:/Users/whart/OneDrive/Documents/GitHub/Unreal-Engine-C-/Content/Assets/EnvironmentAssets/Materials/General/M_PrototypeGrid.uexp" 1936
"C:/Users/whart/OneDrive/Documents/GitHub/Unreal-Engine-C-/Content/Assets/EnvironmentAssets/Materials/General/MI_PrototypeGrid_Gray.uasset" 1937
"C:/Users/whart/OneDrive/Documents/GitHub/Unreal-Engine-C-/Content/Assets/EnvironmentAssets/Materials/General/MI_PrototypeGrid_Gray.uexp" 1938
"C:/Users/whart/OneDrive/Documents/GitHub/Unreal-Engine-C-/Content/Assets/EnvironmentAssets/Meshes/SM_Cube.uasset" 1939
"C:/Users/whart/OneDrive/Documents/GitHub/Unreal-Engine-C-/Content/Assets/EnvironmentAssets/Meshes/SM_Cube.uexp" 1940
"C:/Users/whart/OneDrive/Documents/GitHub/Unreal-Engine-C-/Content/EnvironmentAssets/Assets/MeditationBlock.uasset" 1941
"C:/Users/whart/OneDrive/Documents/GitHub/Unreal-Engine-C-/Content/EnvironmentAssets/Assets/MeditationBlock.uexp" 1942
"../../../Engine/Content/EditorMaterials/WidgetMaterial_Current.uasset" 1943
"../../../Engine/Content/EditorMaterials/WidgetMaterial_Current.uexp" 1944
"C:/Users/whart/OneDrive/Documents/GitHub/Unreal-Engine-C-/Content/EnvironmentAssets/Assets/Stretching_Block.uasset" 1945
"C:/Users/whart/OneDrive/Documents/GitHub/Unreal-Engine-C-/Content/EnvironmentAssets/Assets/Stretching_Block.uexp" 1946
"C:/Users/whart/OneDrive/Documents/GitHub/Unreal-Engine-C-/Content/Levels/Forest_BuiltData.ubulk" 1947
"C:/Users/whart/OneDrive/Documents/GitHub/Unreal-Engine-C-/Content/Levels/Forest_BuiltData.uasset" 1948
"C:/Users/whart/OneDrive/Documents/GitHub/Unreal-Engine-C-/Content/Levels/Forest_BuiltData.uexp" 1949
"C:/Users/whart/OneDrive/Documents/GitHub/Unreal-Engine-C-/Content/EasyFog/Textures/Fog/T_mountainFog_01_mask.uasset" 1950
"C:/Users/whart/OneDrive/Documents/GitHub/Unreal-Engine-C-/Content/EasyFog/Textures/Fog/T_mountainFog_01_mask.uexp" 1951
"C:/Users/whart/OneDrive/Documents/GitHub/Unreal-Engine-C-/Content/EasyFog/Textures/Fog/T_normalProxy_N.uasset" 1952
"C:/Users/whart/OneDrive/Documents/GitHub/Unreal-Engine-C-/Content/EasyFog/Textures/Fog/T_normalProxy_N.uexp" 1953
"C:/Users/whart/OneDrive/Documents/GitHub/Unreal-Engine-C-/Content/EasyFog/Textures/Fog/T_smoothCloudsNoise_02_D.ubulk" 1954
"C:/Users/whart/OneDrive/Documents/GitHub/Unreal-Engine-C-/Content/EasyFog/Textures/Fog/T_smoothCloudsNoise_02_D.uasset" 1955
"C:/Users/whart/OneDrive/Documents/GitHub/Unreal-Engine-C-/Content/EasyFog/Textures/Fog/T_smoothCloudsNoise_02_D.uexp" 1956
"C:/Users/whart/OneDrive/Documents/GitHub/Unreal-Engine-C-/Content/UI/WBP_NavToggle.uasset" 1957
"C:/Users/whart/OneDrive/Documents/GitHub/Unreal-Engine-C-/Content/UI/WBP_NavToggle.uexp" 1958
"C:/Users/whart/OneDrive/Documents/GitHub/Unreal-Engine-C-/Content/UI/UIAssets/Stretching_placeholder.ubulk" 1959
"C:/Users/whart/OneDrive/Documents/GitHub/Unreal-Engine-C-/Content/UI/UIAssets/Stretching_placeholder.uasset" 1960
"C:/Users/whart/OneDrive/Documents/GitHub/Unreal-Engine-C-/Content/UI/UIAssets/Stretching_placeholder.uexp" 1961
"C:/Users/whart/OneDrive/Documents/GitHub/Unreal-Engine-C-/Content/UI/UIAssets/meditation_Placeholder.uasset" 1962
"C:/Users/whart/OneDrive/Documents/GitHub/Unreal-Engine-C-/Content/UI/UIAssets/meditation_Placeholder.uexp" 1963
"C:/Users/whart/OneDrive/Documents/GitHub/Unreal-Engine-C-/Content/UI/UIAssets/deepbreathing_placeholder.ubulk" 1964
"C:/Users/whart/OneDrive/Documents/GitHub/Unreal-Engine-C-/Content/UI/UIAssets/deepbreathing_placeholder.uasset" 1965
"C:/Users/whart/OneDrive/Documents/GitHub/Unreal-Engine-C-/Content/UI/UIAssets/deepbreathing_placeholder.uexp" 1966
"C:/Users/whart/OneDrive/Documents/GitHub/Unreal-Engine-C-/Content/UI/Activities/WBP_Interaction.uasset" 1967
"C:/Users/whart/OneDrive/Documents/GitHub/Unreal-Engine-C-/Content/UI/Activities/WBP_Interaction.uexp" 1968
"C:/Users/whart/OneDrive/Documents/GitHub/Unreal-Engine-C-/Content/UI/WBP_Mobile_Menu.uasset" 1969
"C:/Users/whart/OneDrive/Documents/GitHub/Unreal-Engine-C-/Content/UI/WBP_Mobile_Menu.uexp" 1970
"../../../Engine/Content/Functions/Engine_MaterialFunctions02/Math/Pi.uasset" 1971
"../../../Engine/Content/Functions/Engine_MaterialFunctions02/Math/Pi.uexp" 1972
"../../../Engine/Content/Functions/Engine_MaterialFunctions02/Math/TimeWithSpeedVariable.uasset" 1973
"../../../Engine/Content/Functions/Engine_MaterialFunctions02/Math/TimeWithSpeedVariable.uexp" 1974
"../../../Engine/Content/Functions/Engine_MaterialFunctions02/Lerp_Multiple_Float.uasset" 1975
"../../../Engine/Content/Functions/Engine_MaterialFunctions02/Lerp_Multiple_Float.uexp" 1976
"../../../Engine/Content/Functions/Engine_MaterialFunctions02/SmoothStep.uasset" 1977
"../../../Engine/Content/Functions/Engine_MaterialFunctions02/SmoothStep.uexp" 1978
"C:/Users/whart/OneDrive/Documents/GitHub/Unreal-Engine-C-/Content/FemaleCharacter/Common/Textures/T_Black_Linear.uasset" 1979
"C:/Users/whart/OneDrive/Documents/GitHub/Unreal-Engine-C-/Content/FemaleCharacter/Common/Textures/T_Black_Linear.uexp" 1980
"C:/Users/whart/OneDrive/Documents/GitHub/Unreal-Engine-C-/Content/FemaleCharacter/Common/Materials/MF_YCbCrAdjustments_BoostRedness.uasset" 1981
"C:/Users/whart/OneDrive/Documents/GitHub/Unreal-Engine-C-/Content/FemaleCharacter/Common/Materials/MF_YCbCrAdjustments_BoostRedness.uexp" 1982
"C:/Users/whart/OneDrive/Documents/GitHub/Unreal-Engine-C-/Content/FemaleCharacter/Common/Materials/MF_YCbCr2RGB.uasset" 1983
"C:/Users/whart/OneDrive/Documents/GitHub/Unreal-Engine-C-/Content/FemaleCharacter/Common/Materials/MF_YCbCr2RGB.uexp" 1984
"C:/Users/whart/OneDrive/Documents/GitHub/Unreal-Engine-C-/Content/FemaleCharacter/Common/Materials/MF_Variation.uasset" 1985
"C:/Users/whart/OneDrive/Documents/GitHub/Unreal-Engine-C-/Content/FemaleCharacter/Common/Materials/MF_Variation.uexp" 1986
"C:/Users/whart/OneDrive/Documents/GitHub/Unreal-Engine-C-/Content/FemaleCharacter/Common/Materials/MF_RGB2YCbCr.uasset" 1987
"C:/Users/whart/OneDrive/Documents/GitHub/Unreal-Engine-C-/Content/FemaleCharacter/Common/Materials/MF_RGB2YCbCr.uexp" 1988
"C:/Users/whart/OneDrive/Documents/GitHub/Unreal-Engine-C-/Content/FemaleCharacter/Common/Materials/MF_RedHairBoost.uasset" 1989
"C:/Users/whart/OneDrive/Documents/GitHub/Unreal-Engine-C-/Content/FemaleCharacter/Common/Materials/MF_RedHairBoost.uexp" 1990
"C:/Users/whart/OneDrive/Documents/GitHub/Unreal-Engine-C-/Content/FemaleCharacter/Common/Materials/MF_Hair_Color.uasset" 1991
"C:/Users/whart/OneDrive/Documents/GitHub/Unreal-Engine-C-/Content/FemaleCharacter/Common/Materials/MF_Hair_Color.uexp" 1992
"C:/Users/whart/OneDrive/Documents/GitHub/Unreal-Engine-C-/Content/FemaleCharacter/Common/Materials/MF_Hair_SecondaryColors.uasset" 1993
"C:/Users/whart/OneDrive/Documents/GitHub/Unreal-Engine-C-/Content/FemaleCharacter/Common/Materials/MF_Hair_SecondaryColors.uexp" 1994
"C:/Users/whart/OneDrive/Documents/GitHub/Unreal-Engine-C-/Content/FemaleCharacter/Common/Materials/MF_Hair_SaltAndPeper.uasset" 1995
"C:/Users/whart/OneDrive/Documents/GitHub/Unreal-Engine-C-/Content/FemaleCharacter/Common/Materials/MF_Hair_SaltAndPeper.uexp" 1996
"C:/Users/whart/OneDrive/Documents/GitHub/Unreal-Engine-C-/Content/FemaleCharacter/Common/Materials/MF_Hair_ColorBlending.uasset" 1997
"C:/Users/whart/OneDrive/Documents/GitHub/Unreal-Engine-C-/Content/FemaleCharacter/Common/Materials/MF_Hair_ColorBlending.uexp" 1998
"C:/Users/whart/OneDrive/Documents/GitHub/Unreal-Engine-C-/Content/FemaleCharacter/Common/Materials/Textures/TilingNoise05.ubulk" 1999
"C:/Users/whart/OneDrive/Documents/GitHub/Unreal-Engine-C-/Content/FemaleCharacter/Common/Materials/Textures/TilingNoise05.uasset" 2000
"C:/Users/whart/OneDrive/Documents/GitHub/Unreal-Engine-C-/Content/FemaleCharacter/Common/Materials/Textures/TilingNoise05.uexp" 2001
"C:/Users/whart/OneDrive/Documents/GitHub/Unreal-Engine-C-/Content/FemaleCharacter/Common/Materials/MF_HairAnisotropic.uasset" 2002
"C:/Users/whart/OneDrive/Documents/GitHub/Unreal-Engine-C-/Content/FemaleCharacter/Common/Materials/MF_HairAnisotropic.uexp" 2003
"C:/Users/whart/OneDrive/Documents/GitHub/Unreal-Engine-C-/Content/FemaleCharacter/Common/Materials/M_hair_v4.uasset" 2004
"C:/Users/whart/OneDrive/Documents/GitHub/Unreal-Engine-C-/Content/FemaleCharacter/Common/Materials/M_hair_v4.uexp" 2005
"C:/Users/whart/OneDrive/Documents/GitHub/Unreal-Engine-C-/Content/FemaleCharacter/Common/Materials/MI_Hair.uasset" 2006
"C:/Users/whart/OneDrive/Documents/GitHub/Unreal-Engine-C-/Content/FemaleCharacter/Common/Materials/MI_Hair.uexp" 2007
"C:/Users/whart/OneDrive/Documents/GitHub/Unreal-Engine-C-/Content/FemaleCharacter/Common/Materials/T_Black_Linear.uasset" 2008
"C:/Users/whart/OneDrive/Documents/GitHub/Unreal-Engine-C-/Content/FemaleCharacter/Common/Materials/T_Black_Linear.uexp" 2009
"C:/Users/whart/OneDrive/Documents/GitHub/Unreal-Engine-C-/Content/FemaleCharacter/Common/Materials/MI_Hair_Helmet.uasset" 2010
"C:/Users/whart/OneDrive/Documents/GitHub/Unreal-Engine-C-/Content/FemaleCharacter/Common/Materials/MI_Hair_Helmet.uexp" 2011
"C:/Users/whart/OneDrive/Documents/GitHub/Unreal-Engine-C-/Content/FemaleCharacter/Common/Materials/MI_Hair_Cards.uasset" 2012
"C:/Users/whart/OneDrive/Documents/GitHub/Unreal-Engine-C-/Content/FemaleCharacter/Common/Materials/MI_Hair_Cards.uexp" 2013
"C:/Users/whart/OneDrive/Documents/GitHub/Unreal-Engine-C-/Content/FemaleCharacter/Common/FemaleHair/Textures/Hair_S_Updo_CardsAtlas_Tangent.ubulk" 2014
"C:/Users/whart/OneDrive/Documents/GitHub/Unreal-Engine-C-/Content/FemaleCharacter/Common/FemaleHair/Textures/Hair_S_Updo_CardsAtlas_Tangent.uasset" 2015
"C:/Users/whart/OneDrive/Documents/GitHub/Unreal-Engine-C-/Content/FemaleCharacter/Common/FemaleHair/Textures/Hair_S_Updo_CardsAtlas_Tangent.uexp" 2016
"C:/Users/whart/OneDrive/Documents/GitHub/Unreal-Engine-C-/Content/FemaleCharacter/Common/FemaleHair/Textures/Hair_S_Updo_CardsAtlas_Attribute.ubulk" 2017
"C:/Users/whart/OneDrive/Documents/GitHub/Unreal-Engine-C-/Content/FemaleCharacter/Common/FemaleHair/Textures/Hair_S_Updo_CardsAtlas_Attribute.uasset" 2018
"C:/Users/whart/OneDrive/Documents/GitHub/Unreal-Engine-C-/Content/FemaleCharacter/Common/FemaleHair/Textures/Hair_S_Updo_CardsAtlas_Attribute.uexp" 2019
"C:/Users/whart/OneDrive/Documents/GitHub/Unreal-Engine-C-/Content/FemaleCharacter/Lucille/FemaleHair/Helmets/Hair_S_Updo_Helmet_LOD7.uasset" 2020
"C:/Users/whart/OneDrive/Documents/GitHub/Unreal-Engine-C-/Content/FemaleCharacter/Lucille/FemaleHair/Helmets/Hair_S_Updo_Helmet_LOD7.uexp" 2021
"C:/Users/whart/OneDrive/Documents/GitHub/Unreal-Engine-C-/Content/FemaleCharacter/Lucille/FemaleHair/Helmets/Hair_S_Updo_Helmet_LOD5.uasset" 2022
"C:/Users/whart/OneDrive/Documents/GitHub/Unreal-Engine-C-/Content/FemaleCharacter/Lucille/FemaleHair/Helmets/Hair_S_Updo_Helmet_LOD5.uexp" 2023
"C:/Users/whart/OneDrive/Documents/GitHub/Unreal-Engine-C-/Content/FemaleCharacter/Lucille/FemaleHair/Hair/Hair_S_Updo_CardsMesh_Group1_LOD3.uasset" 2024
"C:/Users/whart/OneDrive/Documents/GitHub/Unreal-Engine-C-/Content/FemaleCharacter/Lucille/FemaleHair/Hair/Hair_S_Updo_CardsMesh_Group1_LOD3.uexp" 2025
"C:/Users/whart/OneDrive/Documents/GitHub/Unreal-Engine-C-/Content/FemaleCharacter/Lucille/FemaleHair/Hair/Hair_S_Updo_CardsMesh_Group0_LOD3.uasset" 2026
"C:/Users/whart/OneDrive/Documents/GitHub/Unreal-Engine-C-/Content/FemaleCharacter/Lucille/FemaleHair/Hair/Hair_S_Updo_CardsMesh_Group0_LOD3.uexp" 2027
"C:/Users/whart/OneDrive/Documents/GitHub/Unreal-Engine-C-/Content/FemaleCharacter/Common/FemaleHair/Textures/Helmets/Hair_S_Updo_TangentStrandU.ubulk" 2028
"C:/Users/whart/OneDrive/Documents/GitHub/Unreal-Engine-C-/Content/FemaleCharacter/Common/FemaleHair/Textures/Helmets/Hair_S_Updo_TangentStrandU.uasset" 2029
"C:/Users/whart/OneDrive/Documents/GitHub/Unreal-Engine-C-/Content/FemaleCharacter/Common/FemaleHair/Textures/Helmets/Hair_S_Updo_TangentStrandU.uexp" 2030
"C:/Users/whart/OneDrive/Documents/GitHub/Unreal-Engine-C-/Content/FemaleCharacter/Common/FemaleHair/Textures/Helmets/Hair_S_Updo_RootUVSeedCoverage.ubulk" 2031
"C:/Users/whart/OneDrive/Documents/GitHub/Unreal-Engine-C-/Content/FemaleCharacter/Common/FemaleHair/Textures/Helmets/Hair_S_Updo_RootUVSeedCoverage.uasset" 2032
"C:/Users/whart/OneDrive/Documents/GitHub/Unreal-Engine-C-/Content/FemaleCharacter/Common/FemaleHair/Textures/Helmets/Hair_S_Updo_RootUVSeedCoverage.uexp" 2033
"C:/Users/whart/OneDrive/Documents/GitHub/Unreal-Engine-C-/Content/FemaleCharacter/Common/FemaleHair/Textures/Helmets/Hair_S_Updo_ColorXYDepthGroupID.ubulk" 2034
"C:/Users/whart/OneDrive/Documents/GitHub/Unreal-Engine-C-/Content/FemaleCharacter/Common/FemaleHair/Textures/Helmets/Hair_S_Updo_ColorXYDepthGroupID.uasset" 2035
"C:/Users/whart/OneDrive/Documents/GitHub/Unreal-Engine-C-/Content/FemaleCharacter/Common/FemaleHair/Textures/Helmets/Hair_S_Updo_ColorXYDepthGroupID.uexp" 2036
"C:/Users/whart/OneDrive/Documents/GitHub/Unreal-Engine-C-/Content/Assets/CharacterAssets/MetaHuman_Selecton/Hair/Hair8/Hair_S_Updo.ubulk" 2037
"C:/Users/whart/OneDrive/Documents/GitHub/Unreal-Engine-C-/Content/Assets/CharacterAssets/MetaHuman_Selecton/Hair/Hair8/Hair_S_Updo.uasset" 2038
"C:/Users/whart/OneDrive/Documents/GitHub/Unreal-Engine-C-/Content/Assets/CharacterAssets/MetaHuman_Selecton/Hair/Hair8/Hair_S_Updo.uexp" 2039
"C:/Users/whart/OneDrive/Documents/GitHub/Unreal-Engine-C-/Content/FemaleCharacter/Common/Blanks/T_Default_NormalMap.uasset" 2040
"C:/Users/whart/OneDrive/Documents/GitHub/Unreal-Engine-C-/Content/FemaleCharacter/Common/Blanks/T_Default_NormalMap.uexp" 2041
"C:/Users/whart/OneDrive/Documents/GitHub/Unreal-Engine-C-/Content/FemaleCharacter/Common/Blanks/T_Default_Masks_SpecRoughMetal.uasset" 2042
"C:/Users/whart/OneDrive/Documents/GitHub/Unreal-Engine-C-/Content/FemaleCharacter/Common/Blanks/T_Default_Masks_SpecRoughMetal.uexp" 2043
"C:/Users/whart/OneDrive/Documents/GitHub/Unreal-Engine-C-/Content/FemaleCharacter/Common/Blanks/T_Default_BaseColor_White.uasset" 2044
"C:/Users/whart/OneDrive/Documents/GitHub/Unreal-Engine-C-/Content/FemaleCharacter/Common/Blanks/T_Default_BaseColor_White.uexp" 2045
"C:/Users/whart/OneDrive/Documents/GitHub/Unreal-Engine-C-/Content/FemaleCharacter/Common/Shared/Materials/M_MetaHumanFabric_Simplified.uasset" 2046
"C:/Users/whart/OneDrive/Documents/GitHub/Unreal-Engine-C-/Content/FemaleCharacter/Common/Shared/Materials/M_MetaHumanFabric_Simplified.uexp" 2047
"C:/Users/whart/OneDrive/Documents/GitHub/Unreal-Engine-C-/Content/FemaleCharacter/Common/Shared/Materials/MI_Fabric_Torso_Simplified.uasset" 2048
"C:/Users/whart/OneDrive/Documents/GitHub/Unreal-Engine-C-/Content/FemaleCharacter/Common/Shared/Materials/MI_Fabric_Torso_Simplified.uexp" 2049
"C:/Users/whart/OneDrive/Documents/GitHub/Unreal-Engine-C-/Content/FemaleCharacter/Lucille/Body/Textures/T_Torso_BaseColor.ubulk" 2050
"C:/Users/whart/OneDrive/Documents/GitHub/Unreal-Engine-C-/Content/FemaleCharacter/Lucille/Body/Textures/T_Torso_BaseColor.uasset" 2051
"C:/Users/whart/OneDrive/Documents/GitHub/Unreal-Engine-C-/Content/FemaleCharacter/Lucille/Body/Textures/T_Torso_BaseColor.uexp" 2052
"C:/Users/whart/OneDrive/Documents/GitHub/Unreal-Engine-C-/Content/FemaleCharacter/Lucille/Body/Textures/T_Torso_Normal.ubulk" 2053
"C:/Users/whart/OneDrive/Documents/GitHub/Unreal-Engine-C-/Content/FemaleCharacter/Lucille/Body/Textures/T_Torso_Normal.uasset" 2054
"C:/Users/whart/OneDrive/Documents/GitHub/Unreal-Engine-C-/Content/FemaleCharacter/Lucille/Body/Textures/T_Torso_Normal.uexp" 2055
"C:/Users/whart/OneDrive/Documents/GitHub/Unreal-Engine-C-/Content/FemaleCharacter/Lucille/Body/Textures/T_Torso_Specular.ubulk" 2056
"C:/Users/whart/OneDrive/Documents/GitHub/Unreal-Engine-C-/Content/FemaleCharacter/Lucille/Body/Textures/T_Torso_Specular.uasset" 2057
"C:/Users/whart/OneDrive/Documents/GitHub/Unreal-Engine-C-/Content/FemaleCharacter/Lucille/Body/Textures/T_Torso_Specular.uexp" 2058
"C:/Users/whart/OneDrive/Documents/GitHub/Unreal-Engine-C-/Content/FemaleCharacter/Lucille/Shared/Materials/MI_Fabric_Torso_Simplified.uasset" 2059
"C:/Users/whart/OneDrive/Documents/GitHub/Unreal-Engine-C-/Content/FemaleCharacter/Lucille/Shared/Materials/MI_Fabric_Torso_Simplified.uexp" 2060
"C:/Users/whart/OneDrive/Documents/GitHub/Unreal-Engine-C-/Content/FemaleCharacter/Common/Shared/Materials/MI_Fabric_Legs_Simplified.uasset" 2061
"C:/Users/whart/OneDrive/Documents/GitHub/Unreal-Engine-C-/Content/FemaleCharacter/Common/Shared/Materials/MI_Fabric_Legs_Simplified.uexp" 2062
"C:/Users/whart/OneDrive/Documents/GitHub/Unreal-Engine-C-/Content/FemaleCharacter/Lucille/Body/Textures/T_Legs_BaseColor.ubulk" 2063
"C:/Users/whart/OneDrive/Documents/GitHub/Unreal-Engine-C-/Content/FemaleCharacter/Lucille/Body/Textures/T_Legs_BaseColor.uasset" 2064
"C:/Users/whart/OneDrive/Documents/GitHub/Unreal-Engine-C-/Content/FemaleCharacter/Lucille/Body/Textures/T_Legs_BaseColor.uexp" 2065
"C:/Users/whart/OneDrive/Documents/GitHub/Unreal-Engine-C-/Content/FemaleCharacter/Lucille/Body/Textures/T_Legs_Normal.ubulk" 2066
"C:/Users/whart/OneDrive/Documents/GitHub/Unreal-Engine-C-/Content/FemaleCharacter/Lucille/Body/Textures/T_Legs_Normal.uasset" 2067
"C:/Users/whart/OneDrive/Documents/GitHub/Unreal-Engine-C-/Content/FemaleCharacter/Lucille/Body/Textures/T_Legs_Normal.uexp" 2068
"C:/Users/whart/OneDrive/Documents/GitHub/Unreal-Engine-C-/Content/FemaleCharacter/Lucille/Body/Textures/T_Legs_Specular.ubulk" 2069
"C:/Users/whart/OneDrive/Documents/GitHub/Unreal-Engine-C-/Content/FemaleCharacter/Lucille/Body/Textures/T_Legs_Specular.uasset" 2070
"C:/Users/whart/OneDrive/Documents/GitHub/Unreal-Engine-C-/Content/FemaleCharacter/Lucille/Body/Textures/T_Legs_Specular.uexp" 2071
"C:/Users/whart/OneDrive/Documents/GitHub/Unreal-Engine-C-/Content/FemaleCharacter/Lucille/Shared/Materials/MI_Fabric_Legs_Simplified.uasset" 2072
"C:/Users/whart/OneDrive/Documents/GitHub/Unreal-Engine-C-/Content/FemaleCharacter/Lucille/Shared/Materials/MI_Fabric_Legs_Simplified.uexp" 2073
"C:/Users/whart/OneDrive/Documents/GitHub/Unreal-Engine-C-/Content/FemaleCharacter/Common/Shared/Materials/MI_Fabric_Feet_Simplified.uasset" 2074
"C:/Users/whart/OneDrive/Documents/GitHub/Unreal-Engine-C-/Content/FemaleCharacter/Common/Shared/Materials/MI_Fabric_Feet_Simplified.uexp" 2075
"C:/Users/whart/OneDrive/Documents/GitHub/Unreal-Engine-C-/Content/FemaleCharacter/Lucille/Body/Textures/T_Feet_BaseColor.ubulk" 2076
"C:/Users/whart/OneDrive/Documents/GitHub/Unreal-Engine-C-/Content/FemaleCharacter/Lucille/Body/Textures/T_Feet_BaseColor.uasset" 2077
"C:/Users/whart/OneDrive/Documents/GitHub/Unreal-Engine-C-/Content/FemaleCharacter/Lucille/Body/Textures/T_Feet_BaseColor.uexp" 2078
"C:/Users/whart/OneDrive/Documents/GitHub/Unreal-Engine-C-/Content/FemaleCharacter/Lucille/Body/Textures/T_Feet_Normal.ubulk" 2079
"C:/Users/whart/OneDrive/Documents/GitHub/Unreal-Engine-C-/Content/FemaleCharacter/Lucille/Body/Textures/T_Feet_Normal.uasset" 2080
"C:/Users/whart/OneDrive/Documents/GitHub/Unreal-Engine-C-/Content/FemaleCharacter/Lucille/Body/Textures/T_Feet_Normal.uexp" 2081
"C:/Users/whart/OneDrive/Documents/GitHub/Unreal-Engine-C-/Content/FemaleCharacter/Lucille/Body/Textures/T_Feet_Specular.ubulk" 2082
"C:/Users/whart/OneDrive/Documents/GitHub/Unreal-Engine-C-/Content/FemaleCharacter/Lucille/Body/Textures/T_Feet_Specular.uasset" 2083
"C:/Users/whart/OneDrive/Documents/GitHub/Unreal-Engine-C-/Content/FemaleCharacter/Lucille/Body/Textures/T_Feet_Specular.uexp" 2084
"C:/Users/whart/OneDrive/Documents/GitHub/Unreal-Engine-C-/Content/FemaleCharacter/Lucille/Shared/Materials/MI_Fabric_Feet_Simplified.uasset" 2085
"C:/Users/whart/OneDrive/Documents/GitHub/Unreal-Engine-C-/Content/FemaleCharacter/Lucille/Shared/Materials/MI_Fabric_Feet_Simplified.uexp" 2086
"C:/Users/whart/OneDrive/Documents/GitHub/Unreal-Engine-C-/Content/FemaleCharacter/Common/Materials/HighlightsTextures/HighlightMask_strips.ubulk" 2087
"C:/Users/whart/OneDrive/Documents/GitHub/Unreal-Engine-C-/Content/FemaleCharacter/Common/Materials/HighlightsTextures/HighlightMask_strips.uasset" 2088
"C:/Users/whart/OneDrive/Documents/GitHub/Unreal-Engine-C-/Content/FemaleCharacter/Common/Materials/HighlightsTextures/HighlightMask_strips.uexp" 2089
"C:/Users/whart/OneDrive/Documents/GitHub/Unreal-Engine-C-/Content/FemaleCharacter/Lucille/Materials/MI_Hair_Helmet.uasset" 2090
"C:/Users/whart/OneDrive/Documents/GitHub/Unreal-Engine-C-/Content/FemaleCharacter/Lucille/Materials/MI_Hair_Helmet.uexp" 2091
"C:/Users/whart/OneDrive/Documents/GitHub/Unreal-Engine-C-/Content/FemaleCharacter/Lucille/Materials/MI_Hair_Cards.uasset" 2092
"C:/Users/whart/OneDrive/Documents/GitHub/Unreal-Engine-C-/Content/FemaleCharacter/Lucille/Materials/MI_Hair_Cards.uexp" 2093
"C:/Users/whart/OneDrive/Documents/GitHub/Unreal-Engine-C-/Content/FemaleCharacter/Lucille/Materials/MI_Hair1.uasset" 2094
"C:/Users/whart/OneDrive/Documents/GitHub/Unreal-Engine-C-/Content/FemaleCharacter/Lucille/Materials/MI_Hair1.uexp" 2095
"C:/Users/whart/OneDrive/Documents/GitHub/Unreal-Engine-C-/Content/FemaleCharacter/Lucille/Materials/MI_Hair.uasset" 2096
"C:/Users/whart/OneDrive/Documents/GitHub/Unreal-Engine-C-/Content/FemaleCharacter/Lucille/Materials/MI_Hair.uexp" 2097
"C:/Users/whart/OneDrive/Documents/GitHub/Unreal-Engine-C-/Content/FemaleCharacter/Common/Materials/M_Facial_Hair.uasset" 2098
"C:/Users/whart/OneDrive/Documents/GitHub/Unreal-Engine-C-/Content/FemaleCharacter/Common/Materials/M_Facial_Hair.uexp" 2099
"C:/Users/whart/OneDrive/Documents/GitHub/Unreal-Engine-C-/Content/FemaleCharacter/Common/Materials/MI_Facial_Hair.uasset" 2100
"C:/Users/whart/OneDrive/Documents/GitHub/Unreal-Engine-C-/Content/FemaleCharacter/Common/Materials/MI_Facial_Hair.uexp" 2101
"C:/Users/whart/OneDrive/Documents/GitHub/Unreal-Engine-C-/Content/FemaleCharacter/Lucille/Materials/MI_Facial_Hair.uasset" 2102
"C:/Users/whart/OneDrive/Documents/GitHub/Unreal-Engine-C-/Content/FemaleCharacter/Lucille/Materials/MI_Facial_Hair.uexp" 2103
"C:/Users/whart/OneDrive/Documents/GitHub/Unreal-Engine-C-/Content/FemaleCharacter/Common/MaleHair/Textures/Eyelashes_S_Thin_Coverage.ubulk" 2104
"C:/Users/whart/OneDrive/Documents/GitHub/Unreal-Engine-C-/Content/FemaleCharacter/Common/MaleHair/Textures/Eyelashes_S_Thin_Coverage.uasset" 2105
"C:/Users/whart/OneDrive/Documents/GitHub/Unreal-Engine-C-/Content/FemaleCharacter/Common/MaleHair/Textures/Eyelashes_S_Thin_Coverage.uexp" 2106
"C:/Users/whart/OneDrive/Documents/GitHub/Unreal-Engine-C-/Content/FemaleCharacter/Common/Materials/M_Eyelashes_Cards.uasset" 2107
"C:/Users/whart/OneDrive/Documents/GitHub/Unreal-Engine-C-/Content/FemaleCharacter/Common/Materials/M_Eyelashes_Cards.uexp" 2108
"C:/Users/whart/OneDrive/Documents/GitHub/Unreal-Engine-C-/Content/FemaleCharacter/Common/Materials/M_EyeLash_HigherLODs_Inst.uasset" 2109
"C:/Users/whart/OneDrive/Documents/GitHub/Unreal-Engine-C-/Content/FemaleCharacter/Common/Materials/M_EyeLash_HigherLODs_Inst.uexp" 2110
"C:/Users/whart/OneDrive/Documents/GitHub/Unreal-Engine-C-/Content/FemaleCharacter/Lucille/Materials/M_EyeLash_HigherLODs_Inst.uasset" 2111
"C:/Users/whart/OneDrive/Documents/GitHub/Unreal-Engine-C-/Content/FemaleCharacter/Lucille/Materials/M_EyeLash_HigherLODs_Inst.uexp" 2112
"C:/Users/whart/OneDrive/Documents/GitHub/Unreal-Engine-C-/Content/FemaleCharacter/Common/Face/Face_Archetype_Skeleton.uasset" 2113
"C:/Users/whart/OneDrive/Documents/GitHub/Unreal-Engine-C-/Content/FemaleCharacter/Common/Face/Face_Archetype_Skeleton.uexp" 2114
"C:/Users/whart/OneDrive/Documents/GitHub/Unreal-Engine-C-/Content/FemaleCharacter/Common/Face/Neck_CtrlRig.uasset" 2115
"C:/Users/whart/OneDrive/Documents/GitHub/Unreal-Engine-C-/Content/FemaleCharacter/Common/Face/Neck_CtrlRig.uexp" 2116
"C:/Users/whart/OneDrive/Documents/GitHub/Unreal-Engine-C-/Content/FemaleCharacter/Common/Controls/MHGizmoLibrary.uasset" 2117
"C:/Users/whart/OneDrive/Documents/GitHub/Unreal-Engine-C-/Content/FemaleCharacter/Common/Controls/MHGizmoLibrary.uexp" 2118
"C:/Users/whart/OneDrive/Documents/GitHub/Unreal-Engine-C-/Content/FemaleCharacter/Common/Face/HeadMovementIK_Proc_CtrlRig.uasset" 2119
"C:/Users/whart/OneDrive/Documents/GitHub/Unreal-Engine-C-/Content/FemaleCharacter/Common/Face/HeadMovementIK_Proc_CtrlRig.uexp" 2120
"C:/Users/whart/OneDrive/Documents/GitHub/Unreal-Engine-C-/Content/FemaleCharacter/Common/Face/Face_PostProcess_AnimBP.uasset" 2121
"C:/Users/whart/OneDrive/Documents/GitHub/Unreal-Engine-C-/Content/FemaleCharacter/Common/Face/Face_PostProcess_AnimBP.uexp" 2122
"C:/Users/whart/OneDrive/Documents/GitHub/Unreal-Engine-C-/Content/FemaleCharacter/Lucille/Face/ABP_Lucille_FaceMesh_PostProcess.uasset" 2123
"C:/Users/whart/OneDrive/Documents/GitHub/Unreal-Engine-C-/Content/FemaleCharacter/Lucille/Face/ABP_Lucille_FaceMesh_PostProcess.uexp" 2124
"../../../Engine/Content/Functions/Engine_MaterialFunctions03/Blends/Blend_Lighten.uasset" 2125
"../../../Engine/Content/Functions/Engine_MaterialFunctions03/Blends/Blend_Lighten.uexp" 2126
"C:/Users/whart/OneDrive/Documents/GitHub/Unreal-Engine-C-/Content/FemaleCharacter/Common/Face/Textures/Simplified/T_Flat_BentNormalAO.uasset" 2127
"C:/Users/whart/OneDrive/Documents/GitHub/Unreal-Engine-C-/Content/FemaleCharacter/Common/Face/Textures/Simplified/T_Flat_BentNormalAO.uexp" 2128
"C:/Users/whart/OneDrive/Documents/GitHub/Unreal-Engine-C-/Content/FemaleCharacter/Common/Face/Textures/Simplified/T_Teeth_mouthOcc.ubulk" 2129
"C:/Users/whart/OneDrive/Documents/GitHub/Unreal-Engine-C-/Content/FemaleCharacter/Common/Face/Textures/Simplified/T_Teeth_mouthOcc.uasset" 2130
"C:/Users/whart/OneDrive/Documents/GitHub/Unreal-Engine-C-/Content/FemaleCharacter/Common/Face/Textures/Simplified/T_Teeth_mouthOcc.uexp" 2131
"C:/Users/whart/OneDrive/Documents/GitHub/Unreal-Engine-C-/Content/FemaleCharacter/Common/Face/Textures/T_SkinMicroNormal001.ubulk" 2132
"C:/Users/whart/OneDrive/Documents/GitHub/Unreal-Engine-C-/Content/FemaleCharacter/Common/Face/Textures/T_SkinMicroNormal001.uasset" 2133
"C:/Users/whart/OneDrive/Documents/GitHub/Unreal-Engine-C-/Content/FemaleCharacter/Common/Face/Textures/T_SkinMicroNormal001.uexp" 2134
"C:/Users/whart/OneDrive/Documents/GitHub/Unreal-Engine-C-/Content/FemaleCharacter/Common/Face/MaterialFunctions/Head/MF_High_MaskDelta01_Simplified.uasset" 2135
"C:/Users/whart/OneDrive/Documents/GitHub/Unreal-Engine-C-/Content/FemaleCharacter/Common/Face/MaterialFunctions/Head/MF_High_MaskDelta01_Simplified.uexp" 2136
"C:/Users/whart/OneDrive/Documents/GitHub/Unreal-Engine-C-/Content/FemaleCharacter/Common/Face/Textures/Simplified/AnimMasks/T_High_FaceWM13_AnimMask01.ubulk" 2137
"C:/Users/whart/OneDrive/Documents/GitHub/Unreal-Engine-C-/Content/FemaleCharacter/Common/Face/Textures/Simplified/AnimMasks/T_High_FaceWM13_AnimMask01.uasset" 2138
"C:/Users/whart/OneDrive/Documents/GitHub/Unreal-Engine-C-/Content/FemaleCharacter/Common/Face/Textures/Simplified/AnimMasks/T_High_FaceWM13_AnimMask01.uexp" 2139
"C:/Users/whart/OneDrive/Documents/GitHub/Unreal-Engine-C-/Content/FemaleCharacter/Common/Face/Textures/Simplified/AnimMasks/T_High_FaceWM1_AnimMask01.ubulk" 2140
"C:/Users/whart/OneDrive/Documents/GitHub/Unreal-Engine-C-/Content/FemaleCharacter/Common/Face/Textures/Simplified/AnimMasks/T_High_FaceWM1_AnimMask01.uasset" 2141
"C:/Users/whart/OneDrive/Documents/GitHub/Unreal-Engine-C-/Content/FemaleCharacter/Common/Face/Textures/Simplified/AnimMasks/T_High_FaceWM1_AnimMask01.uexp" 2142
"C:/Users/whart/OneDrive/Documents/GitHub/Unreal-Engine-C-/Content/FemaleCharacter/Common/Face/Textures/Simplified/AnimMasks/T_High_FaceWM1_AnimMask02.ubulk" 2143
"C:/Users/whart/OneDrive/Documents/GitHub/Unreal-Engine-C-/Content/FemaleCharacter/Common/Face/Textures/Simplified/AnimMasks/T_High_FaceWM1_AnimMask02.uasset" 2144
"C:/Users/whart/OneDrive/Documents/GitHub/Unreal-Engine-C-/Content/FemaleCharacter/Common/Face/Textures/Simplified/AnimMasks/T_High_FaceWM1_AnimMask02.uexp" 2145
"C:/Users/whart/OneDrive/Documents/GitHub/Unreal-Engine-C-/Content/FemaleCharacter/Common/Face/Textures/Simplified/AnimMasks/T_High_FaceWM1_AnimMask03.ubulk" 2146
"C:/Users/whart/OneDrive/Documents/GitHub/Unreal-Engine-C-/Content/FemaleCharacter/Common/Face/Textures/Simplified/AnimMasks/T_High_FaceWM1_AnimMask03.uasset" 2147
"C:/Users/whart/OneDrive/Documents/GitHub/Unreal-Engine-C-/Content/FemaleCharacter/Common/Face/Textures/Simplified/AnimMasks/T_High_FaceWM1_AnimMask03.uexp" 2148
"C:/Users/whart/OneDrive/Documents/GitHub/Unreal-Engine-C-/Content/FemaleCharacter/Common/Face/Textures/Simplified/AnimMasks/T_High_FaceWM1_AnimMask04.ubulk" 2149
"C:/Users/whart/OneDrive/Documents/GitHub/Unreal-Engine-C-/Content/FemaleCharacter/Common/Face/Textures/Simplified/AnimMasks/T_High_FaceWM1_AnimMask04.uasset" 2150
"C:/Users/whart/OneDrive/Documents/GitHub/Unreal-Engine-C-/Content/FemaleCharacter/Common/Face/Textures/Simplified/AnimMasks/T_High_FaceWM1_AnimMask04.uexp" 2151
"C:/Users/whart/OneDrive/Documents/GitHub/Unreal-Engine-C-/Content/FemaleCharacter/Common/Face/MaterialFunctions/Head/MF_High_HeadMask01_Simplified.uasset" 2152
"C:/Users/whart/OneDrive/Documents/GitHub/Unreal-Engine-C-/Content/FemaleCharacter/Common/Face/MaterialFunctions/Head/MF_High_HeadMask01_Simplified.uexp" 2153
"C:/Users/whart/OneDrive/Documents/GitHub/Unreal-Engine-C-/Content/FemaleCharacter/Common/Face/MaterialFunctions/Head/MF_High_MaskDelta02_Simplified.uasset" 2154
"C:/Users/whart/OneDrive/Documents/GitHub/Unreal-Engine-C-/Content/FemaleCharacter/Common/Face/MaterialFunctions/Head/MF_High_MaskDelta02_Simplified.uexp" 2155
"C:/Users/whart/OneDrive/Documents/GitHub/Unreal-Engine-C-/Content/FemaleCharacter/Common/Face/Textures/Simplified/AnimMasks/T_High_FaceWM2_AnimMask01.ubulk" 2156
"C:/Users/whart/OneDrive/Documents/GitHub/Unreal-Engine-C-/Content/FemaleCharacter/Common/Face/Textures/Simplified/AnimMasks/T_High_FaceWM2_AnimMask01.uasset" 2157
"C:/Users/whart/OneDrive/Documents/GitHub/Unreal-Engine-C-/Content/FemaleCharacter/Common/Face/Textures/Simplified/AnimMasks/T_High_FaceWM2_AnimMask01.uexp" 2158
"C:/Users/whart/OneDrive/Documents/GitHub/Unreal-Engine-C-/Content/FemaleCharacter/Common/Face/Textures/Simplified/AnimMasks/T_High_FaceWM2_AnimMask02.ubulk" 2159
"C:/Users/whart/OneDrive/Documents/GitHub/Unreal-Engine-C-/Content/FemaleCharacter/Common/Face/Textures/Simplified/AnimMasks/T_High_FaceWM2_AnimMask02.uasset" 2160
"C:/Users/whart/OneDrive/Documents/GitHub/Unreal-Engine-C-/Content/FemaleCharacter/Common/Face/Textures/Simplified/AnimMasks/T_High_FaceWM2_AnimMask02.uexp" 2161
"C:/Users/whart/OneDrive/Documents/GitHub/Unreal-Engine-C-/Content/FemaleCharacter/Common/Face/Textures/Simplified/AnimMasks/T_High_FaceWM2_AnimMask03.ubulk" 2162
"C:/Users/whart/OneDrive/Documents/GitHub/Unreal-Engine-C-/Content/FemaleCharacter/Common/Face/Textures/Simplified/AnimMasks/T_High_FaceWM2_AnimMask03.uasset" 2163
"C:/Users/whart/OneDrive/Documents/GitHub/Unreal-Engine-C-/Content/FemaleCharacter/Common/Face/Textures/Simplified/AnimMasks/T_High_FaceWM2_AnimMask03.uexp" 2164
"C:/Users/whart/OneDrive/Documents/GitHub/Unreal-Engine-C-/Content/FemaleCharacter/Common/Face/MaterialFunctions/Head/MF_High_HeadMask02_Simplified.uasset" 2165
"C:/Users/whart/OneDrive/Documents/GitHub/Unreal-Engine-C-/Content/FemaleCharacter/Common/Face/MaterialFunctions/Head/MF_High_HeadMask02_Simplified.uexp" 2166
"C:/Users/whart/OneDrive/Documents/GitHub/Unreal-Engine-C-/Content/FemaleCharacter/Common/Face/MaterialFunctions/Head/MF_High_MaskDelta03_Simplified.uasset" 2167
"C:/Users/whart/OneDrive/Documents/GitHub/Unreal-Engine-C-/Content/FemaleCharacter/Common/Face/MaterialFunctions/Head/MF_High_MaskDelta03_Simplified.uexp" 2168
"C:/Users/whart/OneDrive/Documents/GitHub/Unreal-Engine-C-/Content/FemaleCharacter/Common/Face/Textures/Simplified/AnimMasks/T_High_FaceWM3_AnimMask01.ubulk" 2169
"C:/Users/whart/OneDrive/Documents/GitHub/Unreal-Engine-C-/Content/FemaleCharacter/Common/Face/Textures/Simplified/AnimMasks/T_High_FaceWM3_AnimMask01.uasset" 2170
"C:/Users/whart/OneDrive/Documents/GitHub/Unreal-Engine-C-/Content/FemaleCharacter/Common/Face/Textures/Simplified/AnimMasks/T_High_FaceWM3_AnimMask01.uexp" 2171
"C:/Users/whart/OneDrive/Documents/GitHub/Unreal-Engine-C-/Content/FemaleCharacter/Common/Face/Textures/Simplified/AnimMasks/T_High_FaceWM3_AnimMask02.ubulk" 2172
"C:/Users/whart/OneDrive/Documents/GitHub/Unreal-Engine-C-/Content/FemaleCharacter/Common/Face/Textures/Simplified/AnimMasks/T_High_FaceWM3_AnimMask02.uasset" 2173
"C:/Users/whart/OneDrive/Documents/GitHub/Unreal-Engine-C-/Content/FemaleCharacter/Common/Face/Textures/Simplified/AnimMasks/T_High_FaceWM3_AnimMask02.uexp" 2174
"C:/Users/whart/OneDrive/Documents/GitHub/Unreal-Engine-C-/Content/FemaleCharacter/Common/Face/MaterialFunctions/Head/MF_High_HeadMask03_Simplified.uasset" 2175
"C:/Users/whart/OneDrive/Documents/GitHub/Unreal-Engine-C-/Content/FemaleCharacter/Common/Face/MaterialFunctions/Head/MF_High_HeadMask03_Simplified.uexp" 2176
"C:/Users/whart/OneDrive/Documents/GitHub/Unreal-Engine-C-/Content/FemaleCharacter/Common/Face/MaterialFunctions/Head/MF_High_AnimatedMaps_Simplified.uasset" 2177
"C:/Users/whart/OneDrive/Documents/GitHub/Unreal-Engine-C-/Content/FemaleCharacter/Common/Face/MaterialFunctions/Head/MF_High_AnimatedMaps_Simplified.uexp" 2178
"C:/Users/whart/OneDrive/Documents/GitHub/Unreal-Engine-C-/Content/FemaleCharacter/Common/Face/SubsurfaceProfiles/SSP_Head.uasset" 2179
"C:/Users/whart/OneDrive/Documents/GitHub/Unreal-Engine-C-/Content/FemaleCharacter/Common/Face/SubsurfaceProfiles/SSP_Head.uexp" 2180
"C:/Users/whart/OneDrive/Documents/GitHub/Unreal-Engine-C-/Content/FemaleCharacter/Common/Shared/Materials/M_MetaHumanSkin_Simplified.uasset" 2181
"C:/Users/whart/OneDrive/Documents/GitHub/Unreal-Engine-C-/Content/FemaleCharacter/Common/Shared/Materials/M_MetaHumanSkin_Simplified.uexp" 2182
"C:/Users/whart/OneDrive/Documents/GitHub/Unreal-Engine-C-/Content/FemaleCharacter/Common/Face/Textures/Simplified/T_Teeth_BaseColor_Baked.ubulk" 2183
"C:/Users/whart/OneDrive/Documents/GitHub/Unreal-Engine-C-/Content/FemaleCharacter/Common/Face/Textures/Simplified/T_Teeth_BaseColor_Baked.uasset" 2184
"C:/Users/whart/OneDrive/Documents/GitHub/Unreal-Engine-C-/Content/FemaleCharacter/Common/Face/Textures/Simplified/T_Teeth_BaseColor_Baked.uexp" 2185
"C:/Users/whart/OneDrive/Documents/GitHub/Unreal-Engine-C-/Content/FemaleCharacter/Common/Face/Textures/Simplified/T_Teeth_Normal_Baked.ubulk" 2186
"C:/Users/whart/OneDrive/Documents/GitHub/Unreal-Engine-C-/Content/FemaleCharacter/Common/Face/Textures/Simplified/T_Teeth_Normal_Baked.uasset" 2187
"C:/Users/whart/OneDrive/Documents/GitHub/Unreal-Engine-C-/Content/FemaleCharacter/Common/Face/Textures/Simplified/T_Teeth_Normal_Baked.uexp" 2188
"C:/Users/whart/OneDrive/Documents/GitHub/Unreal-Engine-C-/Content/FemaleCharacter/Common/Face/Textures/Simplified/T_Teeth_Specular_Baked.ubulk" 2189
"C:/Users/whart/OneDrive/Documents/GitHub/Unreal-Engine-C-/Content/FemaleCharacter/Common/Face/Textures/Simplified/T_Teeth_Specular_Baked.uasset" 2190
"C:/Users/whart/OneDrive/Documents/GitHub/Unreal-Engine-C-/Content/FemaleCharacter/Common/Face/Textures/Simplified/T_Teeth_Specular_Baked.uexp" 2191
"C:/Users/whart/OneDrive/Documents/GitHub/Unreal-Engine-C-/Content/FemaleCharacter/Common/Face/Materials/MI_Teeth_Simplified.uasset" 2192
"C:/Users/whart/OneDrive/Documents/GitHub/Unreal-Engine-C-/Content/FemaleCharacter/Common/Face/Materials/MI_Teeth_Simplified.uexp" 2193
"C:/Users/whart/OneDrive/Documents/GitHub/Unreal-Engine-C-/Content/FemaleCharacter/Lucille/Face/Materials/MI_Teeth_Simplified.uasset" 2194
"C:/Users/whart/OneDrive/Documents/GitHub/Unreal-Engine-C-/Content/FemaleCharacter/Lucille/Face/Materials/MI_Teeth_Simplified.uexp" 2195
"../../../Engine/Content/Functions/Engine_MaterialFunctions01/Density/ExponentialDensity.uasset" 2196
"../../../Engine/Content/Functions/Engine_MaterialFunctions01/Density/ExponentialDensity.uexp" 2197
"../../../Engine/Content/Functions/Engine_MaterialFunctions01/Gradient/RadialGradientExponential.uasset" 2198
"../../../Engine/Content/Functions/Engine_MaterialFunctions01/Gradient/RadialGradientExponential.uexp" 2199
"C:/Users/whart/OneDrive/Documents/GitHub/Unreal-Engine-C-/Content/FemaleCharacter/Common/Face/Textures/T_sclera_tint_picker.ubulk" 2200
"C:/Users/whart/OneDrive/Documents/GitHub/Unreal-Engine-C-/Content/FemaleCharacter/Common/Face/Textures/T_sclera_tint_picker.uasset" 2201
"C:/Users/whart/OneDrive/Documents/GitHub/Unreal-Engine-C-/Content/FemaleCharacter/Common/Face/Textures/T_sclera_tint_picker.uexp" 2202
"C:/Users/whart/OneDrive/Documents/GitHub/Unreal-Engine-C-/Content/FemaleCharacter/Common/Face/Textures/T_iris_color_picker.ubulk" 2203
"C:/Users/whart/OneDrive/Documents/GitHub/Unreal-Engine-C-/Content/FemaleCharacter/Common/Face/Textures/T_iris_color_picker.uasset" 2204
"C:/Users/whart/OneDrive/Documents/GitHub/Unreal-Engine-C-/Content/FemaleCharacter/Common/Face/Textures/T_iris_color_picker.uexp" 2205
"C:/Users/whart/OneDrive/Documents/GitHub/Unreal-Engine-C-/Content/FemaleCharacter/Common/Face/Textures/Simplified/T_Veins_D_Alt.ubulk" 2206
"C:/Users/whart/OneDrive/Documents/GitHub/Unreal-Engine-C-/Content/FemaleCharacter/Common/Face/Textures/Simplified/T_Veins_D_Alt.uasset" 2207
"C:/Users/whart/OneDrive/Documents/GitHub/Unreal-Engine-C-/Content/FemaleCharacter/Common/Face/Textures/Simplified/T_Veins_D_Alt.uexp" 2208
"C:/Users/whart/OneDrive/Documents/GitHub/Unreal-Engine-C-/Content/FemaleCharacter/Common/Face/Textures/Simplified/T_Shared_Eye_Normal.ubulk" 2209
"C:/Users/whart/OneDrive/Documents/GitHub/Unreal-Engine-C-/Content/FemaleCharacter/Common/Face/Textures/Simplified/T_Shared_Eye_Normal.uasset" 2210
"C:/Users/whart/OneDrive/Documents/GitHub/Unreal-Engine-C-/Content/FemaleCharacter/Common/Face/Textures/Simplified/T_Shared_Eye_Normal.uexp" 2211
"C:/Users/whart/OneDrive/Documents/GitHub/Unreal-Engine-C-/Content/FemaleCharacter/Common/Face/Textures/Simplified/T_Shared_Eye_AO.ubulk" 2212
"C:/Users/whart/OneDrive/Documents/GitHub/Unreal-Engine-C-/Content/FemaleCharacter/Common/Face/Textures/Simplified/T_Shared_Eye_AO.uasset" 2213
"C:/Users/whart/OneDrive/Documents/GitHub/Unreal-Engine-C-/Content/FemaleCharacter/Common/Face/Textures/Simplified/T_Shared_Eye_AO.uexp" 2214
"C:/Users/whart/OneDrive/Documents/GitHub/Unreal-Engine-C-/Content/FemaleCharacter/Common/Face/Textures/Simplified/T_Iris_A_H_Alt.ubulk" 2215
"C:/Users/whart/OneDrive/Documents/GitHub/Unreal-Engine-C-/Content/FemaleCharacter/Common/Face/Textures/Simplified/T_Iris_A_H_Alt.uasset" 2216
"C:/Users/whart/OneDrive/Documents/GitHub/Unreal-Engine-C-/Content/FemaleCharacter/Common/Face/Textures/Simplified/T_Iris_A_H_Alt.uexp" 2217
"C:/Users/whart/OneDrive/Documents/GitHub/Unreal-Engine-C-/Content/FemaleCharacter/Common/Face/Textures/Simplified/T_Eye_N_Low.ubulk" 2218
"C:/Users/whart/OneDrive/Documents/GitHub/Unreal-Engine-C-/Content/FemaleCharacter/Common/Face/Textures/Simplified/T_Eye_N_Low.uasset" 2219
"C:/Users/whart/OneDrive/Documents/GitHub/Unreal-Engine-C-/Content/FemaleCharacter/Common/Face/Textures/Simplified/T_Eye_N_Low.uexp" 2220
"C:/Users/whart/OneDrive/Documents/GitHub/Unreal-Engine-C-/Content/FemaleCharacter/Common/Face/MaterialFunctions/Eye/MF_Eye_Refraction_Simplified.uasset" 2221
"C:/Users/whart/OneDrive/Documents/GitHub/Unreal-Engine-C-/Content/FemaleCharacter/Common/Face/MaterialFunctions/Eye/MF_Eye_Refraction_Simplified.uexp" 2222
"C:/Users/whart/OneDrive/Documents/GitHub/Unreal-Engine-C-/Content/FemaleCharacter/Common/Face/Materials/M_MetaHumanEye_Simplified.uasset" 2223
"C:/Users/whart/OneDrive/Documents/GitHub/Unreal-Engine-C-/Content/FemaleCharacter/Common/Face/Materials/M_MetaHumanEye_Simplified.uexp" 2224
"C:/Users/whart/OneDrive/Documents/GitHub/Unreal-Engine-C-/Content/FemaleCharacter/Common/Face/Materials/MI_MetaHumanEye_Simplified.uasset" 2225
"C:/Users/whart/OneDrive/Documents/GitHub/Unreal-Engine-C-/Content/FemaleCharacter/Common/Face/Materials/MI_MetaHumanEye_Simplified.uexp" 2226
"C:/Users/whart/OneDrive/Documents/GitHub/Unreal-Engine-C-/Content/FemaleCharacter/Lucille/Face/Materials/MI_MetaHumanEye_Simplified.uasset" 2227
"C:/Users/whart/OneDrive/Documents/GitHub/Unreal-Engine-C-/Content/FemaleCharacter/Lucille/Face/Materials/MI_MetaHumanEye_Simplified.uexp" 2228
"C:/Users/whart/OneDrive/Documents/GitHub/Unreal-Engine-C-/Content/FemaleCharacter/Common/Face/Textures/Simplified/T_MH_BentNormal_Reduced_AO.ubulk" 2229
"C:/Users/whart/OneDrive/Documents/GitHub/Unreal-Engine-C-/Content/FemaleCharacter/Common/Face/Textures/Simplified/T_MH_BentNormal_Reduced_AO.uasset" 2230
"C:/Users/whart/OneDrive/Documents/GitHub/Unreal-Engine-C-/Content/FemaleCharacter/Common/Face/Textures/Simplified/T_MH_BentNormal_Reduced_AO.uexp" 2231
"C:/Users/whart/OneDrive/Documents/GitHub/Unreal-Engine-C-/Content/FemaleCharacter/Common/Face/Materials/MI_HeadSynthesized_Simplified_LOD1.uasset" 2232
"C:/Users/whart/OneDrive/Documents/GitHub/Unreal-Engine-C-/Content/FemaleCharacter/Common/Face/Materials/MI_HeadSynthesized_Simplified_LOD1.uexp" 2233
"C:/Users/whart/OneDrive/Documents/GitHub/Unreal-Engine-C-/Content/FemaleCharacter/Common/Face/Materials/MI_HeadSynthesized_Simplified_LOD3.uasset" 2234
"C:/Users/whart/OneDrive/Documents/GitHub/Unreal-Engine-C-/Content/FemaleCharacter/Common/Face/Materials/MI_HeadSynthesized_Simplified_LOD3.uexp" 2235
"C:/Users/whart/OneDrive/Documents/GitHub/Unreal-Engine-C-/Content/FemaleCharacter/Lucille/Face/Textures/T_HeadLOD3_Specular.ubulk" 2236
"C:/Users/whart/OneDrive/Documents/GitHub/Unreal-Engine-C-/Content/FemaleCharacter/Lucille/Face/Textures/T_HeadLOD3_Specular.uasset" 2237
"C:/Users/whart/OneDrive/Documents/GitHub/Unreal-Engine-C-/Content/FemaleCharacter/Lucille/Face/Textures/T_HeadLOD3_Specular.uexp" 2238
"C:/Users/whart/OneDrive/Documents/GitHub/Unreal-Engine-C-/Content/FemaleCharacter/Lucille/Face/Textures/T_HeadLOD3_Normal.ubulk" 2239
"C:/Users/whart/OneDrive/Documents/GitHub/Unreal-Engine-C-/Content/FemaleCharacter/Lucille/Face/Textures/T_HeadLOD3_Normal.uasset" 2240
"C:/Users/whart/OneDrive/Documents/GitHub/Unreal-Engine-C-/Content/FemaleCharacter/Lucille/Face/Textures/T_HeadLOD3_Normal.uexp" 2241
"C:/Users/whart/OneDrive/Documents/GitHub/Unreal-Engine-C-/Content/FemaleCharacter/Lucille/Face/Textures/T_HeadLOD3_BaseColor.ubulk" 2242
"C:/Users/whart/OneDrive/Documents/GitHub/Unreal-Engine-C-/Content/FemaleCharacter/Lucille/Face/Textures/T_HeadLOD3_BaseColor.uasset" 2243
"C:/Users/whart/OneDrive/Documents/GitHub/Unreal-Engine-C-/Content/FemaleCharacter/Lucille/Face/Textures/T_HeadLOD3_BaseColor.uexp" 2244
"C:/Users/whart/OneDrive/Documents/GitHub/Unreal-Engine-C-/Content/FemaleCharacter/Lucille/Face/Materials/MI_HeadSynthesized_Simplified_LOD3.uasset" 2245
"C:/Users/whart/OneDrive/Documents/GitHub/Unreal-Engine-C-/Content/FemaleCharacter/Lucille/Face/Materials/MI_HeadSynthesized_Simplified_LOD3.uexp" 2246
"C:/Users/whart/OneDrive/Documents/GitHub/Unreal-Engine-C-/Content/FemaleCharacter/Lucille/Face/Textures/T_HeadLOD5_Specular.ubulk" 2247
"C:/Users/whart/OneDrive/Documents/GitHub/Unreal-Engine-C-/Content/FemaleCharacter/Lucille/Face/Textures/T_HeadLOD5_Specular.uasset" 2248
"C:/Users/whart/OneDrive/Documents/GitHub/Unreal-Engine-C-/Content/FemaleCharacter/Lucille/Face/Textures/T_HeadLOD5_Specular.uexp" 2249
"C:/Users/whart/OneDrive/Documents/GitHub/Unreal-Engine-C-/Content/FemaleCharacter/Lucille/Face/Textures/T_HeadLOD5_Normal.ubulk" 2250
"C:/Users/whart/OneDrive/Documents/GitHub/Unreal-Engine-C-/Content/FemaleCharacter/Lucille/Face/Textures/T_HeadLOD5_Normal.uasset" 2251
"C:/Users/whart/OneDrive/Documents/GitHub/Unreal-Engine-C-/Content/FemaleCharacter/Lucille/Face/Textures/T_HeadLOD5_Normal.uexp" 2252
"C:/Users/whart/OneDrive/Documents/GitHub/Unreal-Engine-C-/Content/FemaleCharacter/Lucille/Face/Textures/T_HeadLOD5_BaseColor.ubulk" 2253
"C:/Users/whart/OneDrive/Documents/GitHub/Unreal-Engine-C-/Content/FemaleCharacter/Lucille/Face/Textures/T_HeadLOD5_BaseColor.uasset" 2254
"C:/Users/whart/OneDrive/Documents/GitHub/Unreal-Engine-C-/Content/FemaleCharacter/Lucille/Face/Textures/T_HeadLOD5_BaseColor.uexp" 2255
"C:/Users/whart/OneDrive/Documents/GitHub/Unreal-Engine-C-/Content/FemaleCharacter/Lucille/Face/Materials/MI_HeadSynthesized_Simplified_LOD5.uasset" 2256
"C:/Users/whart/OneDrive/Documents/GitHub/Unreal-Engine-C-/Content/FemaleCharacter/Lucille/Face/Materials/MI_HeadSynthesized_Simplified_LOD5.uexp" 2257
"C:/Users/whart/OneDrive/Documents/GitHub/Unreal-Engine-C-/Content/FemaleCharacter/Common/Face/Face_Archetype_Physics.uasset" 2258
"C:/Users/whart/OneDrive/Documents/GitHub/Unreal-Engine-C-/Content/FemaleCharacter/Common/Face/Face_Archetype_Physics.uexp" 2259
"C:/Users/whart/OneDrive/Documents/GitHub/Unreal-Engine-C-/Content/FemaleCharacter/Common/Face/Textures/T_lacrimal_n.ubulk" 2260
"C:/Users/whart/OneDrive/Documents/GitHub/Unreal-Engine-C-/Content/FemaleCharacter/Common/Face/Textures/T_lacrimal_n.uasset" 2261
"C:/Users/whart/OneDrive/Documents/GitHub/Unreal-Engine-C-/Content/FemaleCharacter/Common/Face/Textures/T_lacrimal_n.uexp" 2262
"C:/Users/whart/OneDrive/Documents/GitHub/Unreal-Engine-C-/Content/FemaleCharacter/Common/Face/Textures/T_lacrimal_h.ubulk" 2263
"C:/Users/whart/OneDrive/Documents/GitHub/Unreal-Engine-C-/Content/FemaleCharacter/Common/Face/Textures/T_lacrimal_h.uasset" 2264
"C:/Users/whart/OneDrive/Documents/GitHub/Unreal-Engine-C-/Content/FemaleCharacter/Common/Face/Textures/T_lacrimal_h.uexp" 2265
"C:/Users/whart/OneDrive/Documents/GitHub/Unreal-Engine-C-/Content/FemaleCharacter/Common/Face/Materials/M_lacrimal_fluid.uasset" 2266
"C:/Users/whart/OneDrive/Documents/GitHub/Unreal-Engine-C-/Content/FemaleCharacter/Common/Face/Materials/M_lacrimal_fluid.uexp" 2267
"C:/Users/whart/OneDrive/Documents/GitHub/Unreal-Engine-C-/Content/FemaleCharacter/Common/Face/Materials/MI_lacrimal_fluid_Inst.uasset" 2268
"C:/Users/whart/OneDrive/Documents/GitHub/Unreal-Engine-C-/Content/FemaleCharacter/Common/Face/Materials/MI_lacrimal_fluid_Inst.uexp" 2269
"C:/Users/whart/OneDrive/Documents/GitHub/Unreal-Engine-C-/Content/FemaleCharacter/Common/Face/MaterialFunctions/MF_PathTracingQualitySwitch.uasset" 2270
"C:/Users/whart/OneDrive/Documents/GitHub/Unreal-Engine-C-/Content/FemaleCharacter/Common/Face/MaterialFunctions/MF_PathTracingQualitySwitch.uexp" 2271
"C:/Users/whart/OneDrive/Documents/GitHub/Unreal-Engine-C-/Content/FemaleCharacter/Common/Face/Materials/M_EyeOcclusion.uasset" 2272
"C:/Users/whart/OneDrive/Documents/GitHub/Unreal-Engine-C-/Content/FemaleCharacter/Common/Face/Materials/M_EyeOcclusion.uexp" 2273
"C:/Users/whart/OneDrive/Documents/GitHub/Unreal-Engine-C-/Content/FemaleCharacter/Common/Face/Materials/MI_EyeOcclusion_Inst.uasset" 2274
"C:/Users/whart/OneDrive/Documents/GitHub/Unreal-Engine-C-/Content/FemaleCharacter/Common/Face/Materials/MI_EyeOcclusion_Inst.uexp" 2275
"C:/Users/whart/OneDrive/Documents/GitHub/Unreal-Engine-C-/Content/FemaleCharacter/Common/Common/Face_Archetype_LODSettings_Medium.uasset" 2276
"C:/Users/whart/OneDrive/Documents/GitHub/Unreal-Engine-C-/Content/FemaleCharacter/Common/Common/Face_Archetype_LODSettings_Medium.uexp" 2277
"C:/Users/whart/OneDrive/Documents/GitHub/Unreal-Engine-C-/Content/FemaleCharacter/Lucille/Face/Lucille_FaceMesh.uasset" 2278
"C:/Users/whart/OneDrive/Documents/GitHub/Unreal-Engine-C-/Content/FemaleCharacter/Lucille/Face/Lucille_FaceMesh.uexp" 2279
"C:/Users/whart/OneDrive/Documents/GitHub/Unreal-Engine-C-/Content/Assets/CharacterAssets/MetaHuman_Selecton/Hair/Hair8/Hair_S_Updo_Binding.ubulk" 2280
"C:/Users/whart/OneDrive/Documents/GitHub/Unreal-Engine-C-/Content/Assets/CharacterAssets/MetaHuman_Selecton/Hair/Hair8/Hair_S_Updo_Binding.uasset" 2281
"C:/Users/whart/OneDrive/Documents/GitHub/Unreal-Engine-C-/Content/Assets/CharacterAssets/MetaHuman_Selecton/Hair/Hair8/Hair_S_Updo_Binding.uexp" 2282
"../../../Engine/Content/Animation/DefaultVariableFrameStrippingSettings.uasset" 2283
"../../../Engine/Content/Animation/DefaultVariableFrameStrippingSettings.uexp" 2284
"../../../Engine/Content/Animation/DefaultRecorderBoneCompression.uasset" 2285
"../../../Engine/Content/Animation/DefaultRecorderBoneCompression.uexp" 2286
"../../../Engine/Content/Animation/DefaultAnimCurveCompressionSettings.uasset" 2287
"../../../Engine/Content/Animation/DefaultAnimCurveCompressionSettings.uexp" 2288
"C:/Users/whart/OneDrive/Documents/GitHub/Unreal-Engine-C-/Content/FemaleCharacter/Common/Common/Mocap/mh_arkit_mapping_anim.uasset" 2289
"C:/Users/whart/OneDrive/Documents/GitHub/Unreal-Engine-C-/Content/FemaleCharacter/Common/Common/Mocap/mh_arkit_mapping_anim.uexp" 2290
"C:/Users/whart/OneDrive/Documents/GitHub/Unreal-Engine-C-/Content/FemaleCharacter/Common/Common/Mocap/mh_arkit_mapping_pose.uasset" 2291
"C:/Users/whart/OneDrive/Documents/GitHub/Unreal-Engine-C-/Content/FemaleCharacter/Common/Common/Mocap/mh_arkit_mapping_pose.uexp" 2292
"C:/Users/whart/OneDrive/Documents/GitHub/Unreal-Engine-C-/Content/FemaleCharacter/Common/Face/Face_AnimBP.uasset" 2293
"C:/Users/whart/OneDrive/Documents/GitHub/Unreal-Engine-C-/Content/FemaleCharacter/Common/Face/Face_AnimBP.uexp" 2294
"C:/Users/whart/OneDrive/Documents/GitHub/Unreal-Engine-C-/Content/FemaleCharacter/Common/Common/MetaHuman_Clothing_LODSettings_Medium.uasset" 2295
"C:/Users/whart/OneDrive/Documents/GitHub/Unreal-Engine-C-/Content/FemaleCharacter/Common/Common/MetaHuman_Clothing_LODSettings_Medium.uexp" 2296
"C:/Users/whart/OneDrive/Documents/GitHub/Unreal-Engine-C-/Content/FemaleCharacter/Common/Female/Short/NormalWeight/Bottoms/Jeans/f_srt_nrw_btm_jeans_slm_Medium.uasset" 2297
"C:/Users/whart/OneDrive/Documents/GitHub/Unreal-Engine-C-/Content/FemaleCharacter/Common/Female/Short/NormalWeight/Bottoms/Jeans/f_srt_nrw_btm_jeans_slm_Medium.uexp" 2298
"C:/Users/whart/OneDrive/Documents/GitHub/Unreal-Engine-C-/Content/FemaleCharacter/Common/Female/Short/NormalWeight/Shoes/CasualSneakers/f_srt_nrw_shs_casualsneakers_PhysicsAsset.uasset" 2299
"C:/Users/whart/OneDrive/Documents/GitHub/Unreal-Engine-C-/Content/FemaleCharacter/Common/Female/Short/NormalWeight/Shoes/CasualSneakers/f_srt_nrw_shs_casualsneakers_PhysicsAsset.uexp" 2300
"C:/Users/whart/OneDrive/Documents/GitHub/Unreal-Engine-C-/Content/FemaleCharacter/Common/Female/Medium/NormalWeight/Shoes/CasualSneakers/mh_casualsneakers_Skeleton.uasset" 2301
"C:/Users/whart/OneDrive/Documents/GitHub/Unreal-Engine-C-/Content/FemaleCharacter/Common/Female/Medium/NormalWeight/Shoes/CasualSneakers/mh_casualsneakers_Skeleton.uexp" 2302
"../../../Engine/Plugins/Animation/ControlRig/Content/Controls/DefaultGizmoLibraryNormalized.uasset" 2303
"../../../Engine/Plugins/Animation/ControlRig/Content/Controls/DefaultGizmoLibraryNormalized.uexp" 2304
"C:/Users/whart/OneDrive/Documents/GitHub/Unreal-Engine-C-/Content/FemaleCharacter/Common/Shared/Animation/CR_PlaceHolder.uasset" 2305
"C:/Users/whart/OneDrive/Documents/GitHub/Unreal-Engine-C-/Content/FemaleCharacter/Common/Shared/Animation/CR_PlaceHolder.uexp" 2306
"C:/Users/whart/OneDrive/Documents/GitHub/Unreal-Engine-C-/Content/FemaleCharacter/Common/Shared/Animation/ABP_Clothing_PostProcess.uasset" 2307
"C:/Users/whart/OneDrive/Documents/GitHub/Unreal-Engine-C-/Content/FemaleCharacter/Common/Shared/Animation/ABP_Clothing_PostProcess.uexp" 2308
"C:/Users/whart/OneDrive/Documents/GitHub/Unreal-Engine-C-/Content/FemaleCharacter/Common/Female/Medium/NormalWeight/Shoes/CasualSneakers/mh_ShoeTongue_CtrlRig.uasset" 2309
"C:/Users/whart/OneDrive/Documents/GitHub/Unreal-Engine-C-/Content/FemaleCharacter/Common/Female/Medium/NormalWeight/Shoes/CasualSneakers/mh_ShoeTongue_CtrlRig.uexp" 2310
"C:/Users/whart/OneDrive/Documents/GitHub/Unreal-Engine-C-/Content/FemaleCharacter/Common/Female/Medium/NormalWeight/Shoes/CasualSneakers/mh_casualsneakers_Skeleton_ABP_Medium.uasset" 2311
"C:/Users/whart/OneDrive/Documents/GitHub/Unreal-Engine-C-/Content/FemaleCharacter/Common/Female/Medium/NormalWeight/Shoes/CasualSneakers/mh_casualsneakers_Skeleton_ABP_Medium.uexp" 2312
"C:/Users/whart/OneDrive/Documents/GitHub/Unreal-Engine-C-/Content/FemaleCharacter/Common/Female/Short/NormalWeight/Shoes/CasualSneakers/f_srt_nrw_shs_casualsneakers_Medium.uasset" 2313
"C:/Users/whart/OneDrive/Documents/GitHub/Unreal-Engine-C-/Content/FemaleCharacter/Common/Female/Short/NormalWeight/Shoes/CasualSneakers/f_srt_nrw_shs_casualsneakers_Medium.uexp" 2314
"C:/Users/whart/OneDrive/Documents/GitHub/Unreal-Engine-C-/Content/FemaleCharacter/Common/Female/Short/NormalWeight/Tops/Shirt/f_srt_nrw_top_shirt_nrm_Skeleton.uasset" 2315
"C:/Users/whart/OneDrive/Documents/GitHub/Unreal-Engine-C-/Content/FemaleCharacter/Common/Female/Short/NormalWeight/Tops/Shirt/f_srt_nrw_top_shirt_nrm_Skeleton.uexp" 2316
"C:/Users/whart/OneDrive/Documents/GitHub/Unreal-Engine-C-/Content/FemaleCharacter/Common/Female/Short/NormalWeight/Tops/Shirt/f_srt_nrw_top_shirt_nrm_PhysicsAsset.uasset" 2317
"C:/Users/whart/OneDrive/Documents/GitHub/Unreal-Engine-C-/Content/FemaleCharacter/Common/Female/Short/NormalWeight/Tops/Shirt/f_srt_nrw_top_shirt_nrm_PhysicsAsset.uexp" 2318
"C:/Users/whart/OneDrive/Documents/GitHub/Unreal-Engine-C-/Content/FemaleCharacter/Common/Female/Short/NormalWeight/Tops/Shirt/f_srt_nrw_top_shirt_nrm_Medium.uasset" 2319
"C:/Users/whart/OneDrive/Documents/GitHub/Unreal-Engine-C-/Content/FemaleCharacter/Common/Female/Short/NormalWeight/Tops/Shirt/f_srt_nrw_top_shirt_nrm_Medium.uexp" 2320
"C:/Users/whart/OneDrive/Documents/GitHub/Unreal-Engine-C-/Content/FemaleCharacter/Common/Body/Materials/MI_BodySynthesized_Simplified.uasset" 2321
"C:/Users/whart/OneDrive/Documents/GitHub/Unreal-Engine-C-/Content/FemaleCharacter/Common/Body/Materials/MI_BodySynthesized_Simplified.uexp" 2322
"C:/Users/whart/OneDrive/Documents/GitHub/Unreal-Engine-C-/Content/FemaleCharacter/Lucille/Body/Textures/T_Body_Specular.ubulk" 2323
"C:/Users/whart/OneDrive/Documents/GitHub/Unreal-Engine-C-/Content/FemaleCharacter/Lucille/Body/Textures/T_Body_Specular.uasset" 2324
"C:/Users/whart/OneDrive/Documents/GitHub/Unreal-Engine-C-/Content/FemaleCharacter/Lucille/Body/Textures/T_Body_Specular.uexp" 2325
"C:/Users/whart/OneDrive/Documents/GitHub/Unreal-Engine-C-/Content/FemaleCharacter/Lucille/Body/Textures/T_Body_Normal.ubulk" 2326
"C:/Users/whart/OneDrive/Documents/GitHub/Unreal-Engine-C-/Content/FemaleCharacter/Lucille/Body/Textures/T_Body_Normal.uasset" 2327
"C:/Users/whart/OneDrive/Documents/GitHub/Unreal-Engine-C-/Content/FemaleCharacter/Lucille/Body/Textures/T_Body_Normal.uexp" 2328
"C:/Users/whart/OneDrive/Documents/GitHub/Unreal-Engine-C-/Content/FemaleCharacter/Lucille/Body/Textures/T_Body_BaseColor.ubulk" 2329
"C:/Users/whart/OneDrive/Documents/GitHub/Unreal-Engine-C-/Content/FemaleCharacter/Lucille/Body/Textures/T_Body_BaseColor.uasset" 2330
"C:/Users/whart/OneDrive/Documents/GitHub/Unreal-Engine-C-/Content/FemaleCharacter/Lucille/Body/Textures/T_Body_BaseColor.uexp" 2331
"C:/Users/whart/OneDrive/Documents/GitHub/Unreal-Engine-C-/Content/FemaleCharacter/Lucille/Body/Materials/MI_BodySynthesized_Simplified.uasset" 2332
"C:/Users/whart/OneDrive/Documents/GitHub/Unreal-Engine-C-/Content/FemaleCharacter/Lucille/Body/Materials/MI_BodySynthesized_Simplified.uexp" 2333
"C:/Users/whart/OneDrive/Documents/GitHub/Unreal-Engine-C-/Content/FemaleCharacter/Common/Common/MetaHuman_LODSettings_Medium.uasset" 2334
"C:/Users/whart/OneDrive/Documents/GitHub/Unreal-Engine-C-/Content/FemaleCharacter/Common/Common/MetaHuman_LODSettings_Medium.uexp" 2335
"C:/Users/whart/OneDrive/Documents/GitHub/Unreal-Engine-C-/Content/FemaleCharacter/Common/Common/metahuman_proc_ControlRig.uasset" 2336
"C:/Users/whart/OneDrive/Documents/GitHub/Unreal-Engine-C-/Content/FemaleCharacter/Common/Common/metahuman_proc_ControlRig.uexp" 2337
"../../../Engine/Content/Animation/DefaultAnimBoneCompressionSettings.uasset" 2338
"../../../Engine/Content/Animation/DefaultAnimBoneCompressionSettings.uexp" 2339
"C:/Users/whart/OneDrive/Documents/GitHub/Unreal-Engine-C-/Content/FemaleCharacter/Common/Female/Short/NormalWeight/Poses/f_srt_nrw_upperarm_r_anim.uasset" 2340
"C:/Users/whart/OneDrive/Documents/GitHub/Unreal-Engine-C-/Content/FemaleCharacter/Common/Female/Short/NormalWeight/Poses/f_srt_nrw_upperarm_r_anim.m.ubulk" 2341
"C:/Users/whart/OneDrive/Documents/GitHub/Unreal-Engine-C-/Content/FemaleCharacter/Common/Female/Short/NormalWeight/Poses/f_srt_nrw_upperarm_r_anim.uexp" 2342
"C:/Users/whart/OneDrive/Documents/GitHub/Unreal-Engine-C-/Content/FemaleCharacter/Common/Female/Short/NormalWeight/Poses/f_srt_nrw_upperarm_r_pose.uasset" 2343
"C:/Users/whart/OneDrive/Documents/GitHub/Unreal-Engine-C-/Content/FemaleCharacter/Common/Female/Short/NormalWeight/Poses/f_srt_nrw_upperarm_r_pose.uexp" 2344
"C:/Users/whart/OneDrive/Documents/GitHub/Unreal-Engine-C-/Content/FemaleCharacter/Common/Female/Short/NormalWeight/Poses/f_srt_nrw_upperarm_l_anim.uasset" 2345
"C:/Users/whart/OneDrive/Documents/GitHub/Unreal-Engine-C-/Content/FemaleCharacter/Common/Female/Short/NormalWeight/Poses/f_srt_nrw_upperarm_l_anim.m.ubulk" 2346
"C:/Users/whart/OneDrive/Documents/GitHub/Unreal-Engine-C-/Content/FemaleCharacter/Common/Female/Short/NormalWeight/Poses/f_srt_nrw_upperarm_l_anim.uexp" 2347
"C:/Users/whart/OneDrive/Documents/GitHub/Unreal-Engine-C-/Content/FemaleCharacter/Common/Female/Short/NormalWeight/Poses/f_srt_nrw_upperarm_l_pose.uasset" 2348
"C:/Users/whart/OneDrive/Documents/GitHub/Unreal-Engine-C-/Content/FemaleCharacter/Common/Female/Short/NormalWeight/Poses/f_srt_nrw_upperarm_l_pose.uexp" 2349
"C:/Users/whart/OneDrive/Documents/GitHub/Unreal-Engine-C-/Content/FemaleCharacter/Common/Female/Short/NormalWeight/Poses/f_srt_nrw_thumb_03_r_anim.uasset" 2350
"C:/Users/whart/OneDrive/Documents/GitHub/Unreal-Engine-C-/Content/FemaleCharacter/Common/Female/Short/NormalWeight/Poses/f_srt_nrw_thumb_03_r_anim.m.ubulk" 2351
"C:/Users/whart/OneDrive/Documents/GitHub/Unreal-Engine-C-/Content/FemaleCharacter/Common/Female/Short/NormalWeight/Poses/f_srt_nrw_thumb_03_r_anim.uexp" 2352
"C:/Users/whart/OneDrive/Documents/GitHub/Unreal-Engine-C-/Content/FemaleCharacter/Common/Female/Short/NormalWeight/Poses/f_srt_nrw_thumb_03_r_pose.uasset" 2353
"C:/Users/whart/OneDrive/Documents/GitHub/Unreal-Engine-C-/Content/FemaleCharacter/Common/Female/Short/NormalWeight/Poses/f_srt_nrw_thumb_03_r_pose.uexp" 2354
"C:/Users/whart/OneDrive/Documents/GitHub/Unreal-Engine-C-/Content/FemaleCharacter/Common/Female/Short/NormalWeight/Poses/f_srt_nrw_thumb_03_l_anim.uasset" 2355
"C:/Users/whart/OneDrive/Documents/GitHub/Unreal-Engine-C-/Content/FemaleCharacter/Common/Female/Short/NormalWeight/Poses/f_srt_nrw_thumb_03_l_anim.m.ubulk" 2356
"C:/Users/whart/OneDrive/Documents/GitHub/Unreal-Engine-C-/Content/FemaleCharacter/Common/Female/Short/NormalWeight/Poses/f_srt_nrw_thumb_03_l_anim.uexp" 2357
"C:/Users/whart/OneDrive/Documents/GitHub/Unreal-Engine-C-/Content/FemaleCharacter/Common/Female/Short/NormalWeight/Poses/f_srt_nrw_thumb_03_l_pose.uasset" 2358
"C:/Users/whart/OneDrive/Documents/GitHub/Unreal-Engine-C-/Content/FemaleCharacter/Common/Female/Short/NormalWeight/Poses/f_srt_nrw_thumb_03_l_pose.uexp" 2359
"C:/Users/whart/OneDrive/Documents/GitHub/Unreal-Engine-C-/Content/FemaleCharacter/Common/Female/Short/NormalWeight/Poses/f_srt_nrw_thumb_02_r_anim.uasset" 2360
"C:/Users/whart/OneDrive/Documents/GitHub/Unreal-Engine-C-/Content/FemaleCharacter/Common/Female/Short/NormalWeight/Poses/f_srt_nrw_thumb_02_r_anim.m.ubulk" 2361
"C:/Users/whart/OneDrive/Documents/GitHub/Unreal-Engine-C-/Content/FemaleCharacter/Common/Female/Short/NormalWeight/Poses/f_srt_nrw_thumb_02_r_anim.uexp" 2362
"C:/Users/whart/OneDrive/Documents/GitHub/Unreal-Engine-C-/Content/FemaleCharacter/Common/Female/Short/NormalWeight/Poses/f_srt_nrw_thumb_02_r_pose.uasset" 2363
"C:/Users/whart/OneDrive/Documents/GitHub/Unreal-Engine-C-/Content/FemaleCharacter/Common/Female/Short/NormalWeight/Poses/f_srt_nrw_thumb_02_r_pose.uexp" 2364
"C:/Users/whart/OneDrive/Documents/GitHub/Unreal-Engine-C-/Content/FemaleCharacter/Common/Female/Short/NormalWeight/Poses/f_srt_nrw_thumb_02_l_anim.uasset" 2365
"C:/Users/whart/OneDrive/Documents/GitHub/Unreal-Engine-C-/Content/FemaleCharacter/Common/Female/Short/NormalWeight/Poses/f_srt_nrw_thumb_02_l_anim.m.ubulk" 2366
"C:/Users/whart/OneDrive/Documents/GitHub/Unreal-Engine-C-/Content/FemaleCharacter/Common/Female/Short/NormalWeight/Poses/f_srt_nrw_thumb_02_l_anim.uexp" 2367
"C:/Users/whart/OneDrive/Documents/GitHub/Unreal-Engine-C-/Content/FemaleCharacter/Common/Female/Short/NormalWeight/Poses/f_srt_nrw_thumb_02_l_pose.uasset" 2368
"C:/Users/whart/OneDrive/Documents/GitHub/Unreal-Engine-C-/Content/FemaleCharacter/Common/Female/Short/NormalWeight/Poses/f_srt_nrw_thumb_02_l_pose.uexp" 2369
"C:/Users/whart/OneDrive/Documents/GitHub/Unreal-Engine-C-/Content/FemaleCharacter/Common/Female/Short/NormalWeight/Poses/f_srt_nrw_thumb_01_r_anim.uasset" 2370
"C:/Users/whart/OneDrive/Documents/GitHub/Unreal-Engine-C-/Content/FemaleCharacter/Common/Female/Short/NormalWeight/Poses/f_srt_nrw_thumb_01_r_anim.m.ubulk" 2371
"C:/Users/whart/OneDrive/Documents/GitHub/Unreal-Engine-C-/Content/FemaleCharacter/Common/Female/Short/NormalWeight/Poses/f_srt_nrw_thumb_01_r_anim.uexp" 2372
"C:/Users/whart/OneDrive/Documents/GitHub/Unreal-Engine-C-/Content/FemaleCharacter/Common/Female/Short/NormalWeight/Poses/f_srt_nrw_thumb_01_r_pose.uasset" 2373
"C:/Users/whart/OneDrive/Documents/GitHub/Unreal-Engine-C-/Content/FemaleCharacter/Common/Female/Short/NormalWeight/Poses/f_srt_nrw_thumb_01_r_pose.uexp" 2374
"C:/Users/whart/OneDrive/Documents/GitHub/Unreal-Engine-C-/Content/FemaleCharacter/Common/Female/Short/NormalWeight/Poses/f_srt_nrw_thumb_01_l_anim.uasset" 2375
"C:/Users/whart/OneDrive/Documents/GitHub/Unreal-Engine-C-/Content/FemaleCharacter/Common/Female/Short/NormalWeight/Poses/f_srt_nrw_thumb_01_l_anim.m.ubulk" 2376
"C:/Users/whart/OneDrive/Documents/GitHub/Unreal-Engine-C-/Content/FemaleCharacter/Common/Female/Short/NormalWeight/Poses/f_srt_nrw_thumb_01_l_anim.uexp" 2377
"C:/Users/whart/OneDrive/Documents/GitHub/Unreal-Engine-C-/Content/FemaleCharacter/Common/Female/Short/NormalWeight/Poses/f_srt_nrw_thumb_01_l_pose.uasset" 2378
"C:/Users/whart/OneDrive/Documents/GitHub/Unreal-Engine-C-/Content/FemaleCharacter/Common/Female/Short/NormalWeight/Poses/f_srt_nrw_thumb_01_l_pose.uexp" 2379
"C:/Users/whart/OneDrive/Documents/GitHub/Unreal-Engine-C-/Content/FemaleCharacter/Common/Female/Short/NormalWeight/Poses/f_srt_nrw_thigh_r_anim.uasset" 2380
"C:/Users/whart/OneDrive/Documents/GitHub/Unreal-Engine-C-/Content/FemaleCharacter/Common/Female/Short/NormalWeight/Poses/f_srt_nrw_thigh_r_anim.m.ubulk" 2381
"C:/Users/whart/OneDrive/Documents/GitHub/Unreal-Engine-C-/Content/FemaleCharacter/Common/Female/Short/NormalWeight/Poses/f_srt_nrw_thigh_r_anim.uexp" 2382
"C:/Users/whart/OneDrive/Documents/GitHub/Unreal-Engine-C-/Content/FemaleCharacter/Common/Female/Short/NormalWeight/Poses/f_srt_nrw_thigh_r_pose.uasset" 2383
"C:/Users/whart/OneDrive/Documents/GitHub/Unreal-Engine-C-/Content/FemaleCharacter/Common/Female/Short/NormalWeight/Poses/f_srt_nrw_thigh_r_pose.uexp" 2384
"C:/Users/whart/OneDrive/Documents/GitHub/Unreal-Engine-C-/Content/FemaleCharacter/Common/Female/Short/NormalWeight/Poses/f_srt_nrw_thigh_l_anim.uasset" 2385
"C:/Users/whart/OneDrive/Documents/GitHub/Unreal-Engine-C-/Content/FemaleCharacter/Common/Female/Short/NormalWeight/Poses/f_srt_nrw_thigh_l_anim.m.ubulk" 2386
"C:/Users/whart/OneDrive/Documents/GitHub/Unreal-Engine-C-/Content/FemaleCharacter/Common/Female/Short/NormalWeight/Poses/f_srt_nrw_thigh_l_anim.uexp" 2387
"C:/Users/whart/OneDrive/Documents/GitHub/Unreal-Engine-C-/Content/FemaleCharacter/Common/Female/Short/NormalWeight/Poses/f_srt_nrw_thigh_l_pose.uasset" 2388
"C:/Users/whart/OneDrive/Documents/GitHub/Unreal-Engine-C-/Content/FemaleCharacter/Common/Female/Short/NormalWeight/Poses/f_srt_nrw_thigh_l_pose.uexp" 2389
"C:/Users/whart/OneDrive/Documents/GitHub/Unreal-Engine-C-/Content/FemaleCharacter/Common/Female/Short/NormalWeight/Poses/f_srt_nrw_ring_03_r_anim.uasset" 2390
"C:/Users/whart/OneDrive/Documents/GitHub/Unreal-Engine-C-/Content/FemaleCharacter/Common/Female/Short/NormalWeight/Poses/f_srt_nrw_ring_03_r_anim.m.ubulk" 2391
"C:/Users/whart/OneDrive/Documents/GitHub/Unreal-Engine-C-/Content/FemaleCharacter/Common/Female/Short/NormalWeight/Poses/f_srt_nrw_ring_03_r_anim.uexp" 2392
"C:/Users/whart/OneDrive/Documents/GitHub/Unreal-Engine-C-/Content/FemaleCharacter/Common/Female/Short/NormalWeight/Poses/f_srt_nrw_ring_03_r_pose.uasset" 2393
"C:/Users/whart/OneDrive/Documents/GitHub/Unreal-Engine-C-/Content/FemaleCharacter/Common/Female/Short/NormalWeight/Poses/f_srt_nrw_ring_03_r_pose.uexp" 2394
"C:/Users/whart/OneDrive/Documents/GitHub/Unreal-Engine-C-/Content/FemaleCharacter/Common/Female/Short/NormalWeight/Poses/f_srt_nrw_ring_03_l_anim.uasset" 2395
"C:/Users/whart/OneDrive/Documents/GitHub/Unreal-Engine-C-/Content/FemaleCharacter/Common/Female/Short/NormalWeight/Poses/f_srt_nrw_ring_03_l_anim.m.ubulk" 2396
"C:/Users/whart/OneDrive/Documents/GitHub/Unreal-Engine-C-/Content/FemaleCharacter/Common/Female/Short/NormalWeight/Poses/f_srt_nrw_ring_03_l_anim.uexp" 2397
"C:/Users/whart/OneDrive/Documents/GitHub/Unreal-Engine-C-/Content/FemaleCharacter/Common/Female/Short/NormalWeight/Poses/f_srt_nrw_ring_03_l_pose.uasset" 2398
"C:/Users/whart/OneDrive/Documents/GitHub/Unreal-Engine-C-/Content/FemaleCharacter/Common/Female/Short/NormalWeight/Poses/f_srt_nrw_ring_03_l_pose.uexp" 2399
"C:/Users/whart/OneDrive/Documents/GitHub/Unreal-Engine-C-/Content/FemaleCharacter/Common/Female/Short/NormalWeight/Poses/f_srt_nrw_ring_02_r_anim.uasset" 2400
"C:/Users/whart/OneDrive/Documents/GitHub/Unreal-Engine-C-/Content/FemaleCharacter/Common/Female/Short/NormalWeight/Poses/f_srt_nrw_ring_02_r_anim.m.ubulk" 2401
"C:/Users/whart/OneDrive/Documents/GitHub/Unreal-Engine-C-/Content/FemaleCharacter/Common/Female/Short/NormalWeight/Poses/f_srt_nrw_ring_02_r_anim.uexp" 2402
"C:/Users/whart/OneDrive/Documents/GitHub/Unreal-Engine-C-/Content/FemaleCharacter/Common/Female/Short/NormalWeight/Poses/f_srt_nrw_ring_02_r_pose.uasset" 2403
"C:/Users/whart/OneDrive/Documents/GitHub/Unreal-Engine-C-/Content/FemaleCharacter/Common/Female/Short/NormalWeight/Poses/f_srt_nrw_ring_02_r_pose.uexp" 2404
"C:/Users/whart/OneDrive/Documents/GitHub/Unreal-Engine-C-/Content/FemaleCharacter/Common/Female/Short/NormalWeight/Poses/f_srt_nrw_ring_02_l_anim.uasset" 2405
"C:/Users/whart/OneDrive/Documents/GitHub/Unreal-Engine-C-/Content/FemaleCharacter/Common/Female/Short/NormalWeight/Poses/f_srt_nrw_ring_02_l_anim.m.ubulk" 2406
"C:/Users/whart/OneDrive/Documents/GitHub/Unreal-Engine-C-/Content/FemaleCharacter/Common/Female/Short/NormalWeight/Poses/f_srt_nrw_ring_02_l_anim.uexp" 2407
"C:/Users/whart/OneDrive/Documents/GitHub/Unreal-Engine-C-/Content/FemaleCharacter/Common/Female/Short/NormalWeight/Poses/f_srt_nrw_ring_02_l_pose.uasset" 2408
"C:/Users/whart/OneDrive/Documents/GitHub/Unreal-Engine-C-/Content/FemaleCharacter/Common/Female/Short/NormalWeight/Poses/f_srt_nrw_ring_02_l_pose.uexp" 2409
"C:/Users/whart/OneDrive/Documents/GitHub/Unreal-Engine-C-/Content/FemaleCharacter/Common/Female/Short/NormalWeight/Poses/f_srt_nrw_ring_01_r_anim.uasset" 2410
"C:/Users/whart/OneDrive/Documents/GitHub/Unreal-Engine-C-/Content/FemaleCharacter/Common/Female/Short/NormalWeight/Poses/f_srt_nrw_ring_01_r_anim.m.ubulk" 2411
"C:/Users/whart/OneDrive/Documents/GitHub/Unreal-Engine-C-/Content/FemaleCharacter/Common/Female/Short/NormalWeight/Poses/f_srt_nrw_ring_01_r_anim.uexp" 2412
"C:/Users/whart/OneDrive/Documents/GitHub/Unreal-Engine-C-/Content/FemaleCharacter/Common/Female/Short/NormalWeight/Poses/f_srt_nrw_ring_01_r_pose.uasset" 2413
"C:/Users/whart/OneDrive/Documents/GitHub/Unreal-Engine-C-/Content/FemaleCharacter/Common/Female/Short/NormalWeight/Poses/f_srt_nrw_ring_01_r_pose.uexp" 2414
"C:/Users/whart/OneDrive/Documents/GitHub/Unreal-Engine-C-/Content/FemaleCharacter/Common/Female/Short/NormalWeight/Poses/f_srt_nrw_ring_01_l_anim.uasset" 2415
"C:/Users/whart/OneDrive/Documents/GitHub/Unreal-Engine-C-/Content/FemaleCharacter/Common/Female/Short/NormalWeight/Poses/f_srt_nrw_ring_01_l_anim.m.ubulk" 2416
"C:/Users/whart/OneDrive/Documents/GitHub/Unreal-Engine-C-/Content/FemaleCharacter/Common/Female/Short/NormalWeight/Poses/f_srt_nrw_ring_01_l_anim.uexp" 2417
"C:/Users/whart/OneDrive/Documents/GitHub/Unreal-Engine-C-/Content/FemaleCharacter/Common/Female/Short/NormalWeight/Poses/f_srt_nrw_ring_01_l_pose.uasset" 2418
"C:/Users/whart/OneDrive/Documents/GitHub/Unreal-Engine-C-/Content/FemaleCharacter/Common/Female/Short/NormalWeight/Poses/f_srt_nrw_ring_01_l_pose.uexp" 2419
"C:/Users/whart/OneDrive/Documents/GitHub/Unreal-Engine-C-/Content/FemaleCharacter/Common/Female/Short/NormalWeight/Poses/f_srt_nrw_pinky_03_r_anim.uasset" 2420
"C:/Users/whart/OneDrive/Documents/GitHub/Unreal-Engine-C-/Content/FemaleCharacter/Common/Female/Short/NormalWeight/Poses/f_srt_nrw_pinky_03_r_anim.m.ubulk" 2421
"C:/Users/whart/OneDrive/Documents/GitHub/Unreal-Engine-C-/Content/FemaleCharacter/Common/Female/Short/NormalWeight/Poses/f_srt_nrw_pinky_03_r_anim.uexp" 2422
"C:/Users/whart/OneDrive/Documents/GitHub/Unreal-Engine-C-/Content/FemaleCharacter/Common/Female/Short/NormalWeight/Poses/f_srt_nrw_pinky_03_r_pose.uasset" 2423
"C:/Users/whart/OneDrive/Documents/GitHub/Unreal-Engine-C-/Content/FemaleCharacter/Common/Female/Short/NormalWeight/Poses/f_srt_nrw_pinky_03_r_pose.uexp" 2424
"C:/Users/whart/OneDrive/Documents/GitHub/Unreal-Engine-C-/Content/FemaleCharacter/Common/Female/Short/NormalWeight/Poses/f_srt_nrw_pinky_03_l_anim.uasset" 2425
"C:/Users/whart/OneDrive/Documents/GitHub/Unreal-Engine-C-/Content/FemaleCharacter/Common/Female/Short/NormalWeight/Poses/f_srt_nrw_pinky_03_l_anim.m.ubulk" 2426
"C:/Users/whart/OneDrive/Documents/GitHub/Unreal-Engine-C-/Content/FemaleCharacter/Common/Female/Short/NormalWeight/Poses/f_srt_nrw_pinky_03_l_anim.uexp" 2427
"C:/Users/whart/OneDrive/Documents/GitHub/Unreal-Engine-C-/Content/FemaleCharacter/Common/Female/Short/NormalWeight/Poses/f_srt_nrw_pinky_03_l_pose.uasset" 2428
"C:/Users/whart/OneDrive/Documents/GitHub/Unreal-Engine-C-/Content/FemaleCharacter/Common/Female/Short/NormalWeight/Poses/f_srt_nrw_pinky_03_l_pose.uexp" 2429
"C:/Users/whart/OneDrive/Documents/GitHub/Unreal-Engine-C-/Content/FemaleCharacter/Common/Female/Short/NormalWeight/Poses/f_srt_nrw_pinky_02_r_anim.uasset" 2430
"C:/Users/whart/OneDrive/Documents/GitHub/Unreal-Engine-C-/Content/FemaleCharacter/Common/Female/Short/NormalWeight/Poses/f_srt_nrw_pinky_02_r_anim.m.ubulk" 2431
"C:/Users/whart/OneDrive/Documents/GitHub/Unreal-Engine-C-/Content/FemaleCharacter/Common/Female/Short/NormalWeight/Poses/f_srt_nrw_pinky_02_r_anim.uexp" 2432
"C:/Users/whart/OneDrive/Documents/GitHub/Unreal-Engine-C-/Content/FemaleCharacter/Common/Female/Short/NormalWeight/Poses/f_srt_nrw_pinky_02_r_pose.uasset" 2433
"C:/Users/whart/OneDrive/Documents/GitHub/Unreal-Engine-C-/Content/FemaleCharacter/Common/Female/Short/NormalWeight/Poses/f_srt_nrw_pinky_02_r_pose.uexp" 2434
"C:/Users/whart/OneDrive/Documents/GitHub/Unreal-Engine-C-/Content/FemaleCharacter/Common/Female/Short/NormalWeight/Poses/f_srt_nrw_pinky_02_l_anim.uasset" 2435
"C:/Users/whart/OneDrive/Documents/GitHub/Unreal-Engine-C-/Content/FemaleCharacter/Common/Female/Short/NormalWeight/Poses/f_srt_nrw_pinky_02_l_anim.m.ubulk" 2436
"C:/Users/whart/OneDrive/Documents/GitHub/Unreal-Engine-C-/Content/FemaleCharacter/Common/Female/Short/NormalWeight/Poses/f_srt_nrw_pinky_02_l_anim.uexp" 2437
"C:/Users/whart/OneDrive/Documents/GitHub/Unreal-Engine-C-/Content/FemaleCharacter/Common/Female/Short/NormalWeight/Poses/f_srt_nrw_pinky_02_l_pose.uasset" 2438
"C:/Users/whart/OneDrive/Documents/GitHub/Unreal-Engine-C-/Content/FemaleCharacter/Common/Female/Short/NormalWeight/Poses/f_srt_nrw_pinky_02_l_pose.uexp" 2439
"C:/Users/whart/OneDrive/Documents/GitHub/Unreal-Engine-C-/Content/FemaleCharacter/Common/Female/Short/NormalWeight/Poses/f_srt_nrw_pinky_01_r_anim.uasset" 2440
"C:/Users/whart/OneDrive/Documents/GitHub/Unreal-Engine-C-/Content/FemaleCharacter/Common/Female/Short/NormalWeight/Poses/f_srt_nrw_pinky_01_r_anim.m.ubulk" 2441
"C:/Users/whart/OneDrive/Documents/GitHub/Unreal-Engine-C-/Content/FemaleCharacter/Common/Female/Short/NormalWeight/Poses/f_srt_nrw_pinky_01_r_anim.uexp" 2442
"C:/Users/whart/OneDrive/Documents/GitHub/Unreal-Engine-C-/Content/FemaleCharacter/Common/Female/Short/NormalWeight/Poses/f_srt_nrw_pinky_01_r_pose.uasset" 2443
"C:/Users/whart/OneDrive/Documents/GitHub/Unreal-Engine-C-/Content/FemaleCharacter/Common/Female/Short/NormalWeight/Poses/f_srt_nrw_pinky_01_r_pose.uexp" 2444
"C:/Users/whart/OneDrive/Documents/GitHub/Unreal-Engine-C-/Content/FemaleCharacter/Common/Female/Short/NormalWeight/Poses/f_srt_nrw_pinky_01_l_anim.uasset" 2445
"C:/Users/whart/OneDrive/Documents/GitHub/Unreal-Engine-C-/Content/FemaleCharacter/Common/Female/Short/NormalWeight/Poses/f_srt_nrw_pinky_01_l_anim.m.ubulk" 2446
"C:/Users/whart/OneDrive/Documents/GitHub/Unreal-Engine-C-/Content/FemaleCharacter/Common/Female/Short/NormalWeight/Poses/f_srt_nrw_pinky_01_l_anim.uexp" 2447
"C:/Users/whart/OneDrive/Documents/GitHub/Unreal-Engine-C-/Content/FemaleCharacter/Common/Female/Short/NormalWeight/Poses/f_srt_nrw_pinky_01_l_pose.uasset" 2448
"C:/Users/whart/OneDrive/Documents/GitHub/Unreal-Engine-C-/Content/FemaleCharacter/Common/Female/Short/NormalWeight/Poses/f_srt_nrw_pinky_01_l_pose.uexp" 2449
"C:/Users/whart/OneDrive/Documents/GitHub/Unreal-Engine-C-/Content/FemaleCharacter/Common/Female/Short/NormalWeight/Poses/f_srt_nrw_middle_03_r_anim.uasset" 2450
"C:/Users/whart/OneDrive/Documents/GitHub/Unreal-Engine-C-/Content/FemaleCharacter/Common/Female/Short/NormalWeight/Poses/f_srt_nrw_middle_03_r_anim.m.ubulk" 2451
"C:/Users/whart/OneDrive/Documents/GitHub/Unreal-Engine-C-/Content/FemaleCharacter/Common/Female/Short/NormalWeight/Poses/f_srt_nrw_middle_03_r_anim.uexp" 2452
"C:/Users/whart/OneDrive/Documents/GitHub/Unreal-Engine-C-/Content/FemaleCharacter/Common/Female/Short/NormalWeight/Poses/f_srt_nrw_middle_03_r_pose.uasset" 2453
"C:/Users/whart/OneDrive/Documents/GitHub/Unreal-Engine-C-/Content/FemaleCharacter/Common/Female/Short/NormalWeight/Poses/f_srt_nrw_middle_03_r_pose.uexp" 2454
"C:/Users/whart/OneDrive/Documents/GitHub/Unreal-Engine-C-/Content/FemaleCharacter/Common/Female/Short/NormalWeight/Poses/f_srt_nrw_middle_03_l_anim.uasset" 2455
"C:/Users/whart/OneDrive/Documents/GitHub/Unreal-Engine-C-/Content/FemaleCharacter/Common/Female/Short/NormalWeight/Poses/f_srt_nrw_middle_03_l_anim.m.ubulk" 2456
"C:/Users/whart/OneDrive/Documents/GitHub/Unreal-Engine-C-/Content/FemaleCharacter/Common/Female/Short/NormalWeight/Poses/f_srt_nrw_middle_03_l_anim.uexp" 2457
"C:/Users/whart/OneDrive/Documents/GitHub/Unreal-Engine-C-/Content/FemaleCharacter/Common/Female/Short/NormalWeight/Poses/f_srt_nrw_middle_03_l_pose.uasset" 2458
"C:/Users/whart/OneDrive/Documents/GitHub/Unreal-Engine-C-/Content/FemaleCharacter/Common/Female/Short/NormalWeight/Poses/f_srt_nrw_middle_03_l_pose.uexp" 2459
"C:/Users/whart/OneDrive/Documents/GitHub/Unreal-Engine-C-/Content/FemaleCharacter/Common/Female/Short/NormalWeight/Poses/f_srt_nrw_middle_02_r_anim.uasset" 2460
"C:/Users/whart/OneDrive/Documents/GitHub/Unreal-Engine-C-/Content/FemaleCharacter/Common/Female/Short/NormalWeight/Poses/f_srt_nrw_middle_02_r_anim.m.ubulk" 2461
"C:/Users/whart/OneDrive/Documents/GitHub/Unreal-Engine-C-/Content/FemaleCharacter/Common/Female/Short/NormalWeight/Poses/f_srt_nrw_middle_02_r_anim.uexp" 2462
"C:/Users/whart/OneDrive/Documents/GitHub/Unreal-Engine-C-/Content/FemaleCharacter/Common/Female/Short/NormalWeight/Poses/f_srt_nrw_middle_02_r_pose.uasset" 2463
"C:/Users/whart/OneDrive/Documents/GitHub/Unreal-Engine-C-/Content/FemaleCharacter/Common/Female/Short/NormalWeight/Poses/f_srt_nrw_middle_02_r_pose.uexp" 2464
"C:/Users/whart/OneDrive/Documents/GitHub/Unreal-Engine-C-/Content/FemaleCharacter/Common/Female/Short/NormalWeight/Poses/f_srt_nrw_middle_02_l_anim.uasset" 2465
"C:/Users/whart/OneDrive/Documents/GitHub/Unreal-Engine-C-/Content/FemaleCharacter/Common/Female/Short/NormalWeight/Poses/f_srt_nrw_middle_02_l_anim.m.ubulk" 2466
"C:/Users/whart/OneDrive/Documents/GitHub/Unreal-Engine-C-/Content/FemaleCharacter/Common/Female/Short/NormalWeight/Poses/f_srt_nrw_middle_02_l_anim.uexp" 2467
"C:/Users/whart/OneDrive/Documents/GitHub/Unreal-Engine-C-/Content/FemaleCharacter/Common/Female/Short/NormalWeight/Poses/f_srt_nrw_middle_02_l_pose.uasset" 2468
"C:/Users/whart/OneDrive/Documents/GitHub/Unreal-Engine-C-/Content/FemaleCharacter/Common/Female/Short/NormalWeight/Poses/f_srt_nrw_middle_02_l_pose.uexp" 2469
"C:/Users/whart/OneDrive/Documents/GitHub/Unreal-Engine-C-/Content/FemaleCharacter/Common/Female/Short/NormalWeight/Poses/f_srt_nrw_middle_01_r_anim.uasset" 2470
"C:/Users/whart/OneDrive/Documents/GitHub/Unreal-Engine-C-/Content/FemaleCharacter/Common/Female/Short/NormalWeight/Poses/f_srt_nrw_middle_01_r_anim.m.ubulk" 2471
"C:/Users/whart/OneDrive/Documents/GitHub/Unreal-Engine-C-/Content/FemaleCharacter/Common/Female/Short/NormalWeight/Poses/f_srt_nrw_middle_01_r_anim.uexp" 2472
"C:/Users/whart/OneDrive/Documents/GitHub/Unreal-Engine-C-/Content/FemaleCharacter/Common/Female/Short/NormalWeight/Poses/f_srt_nrw_middle_01_r_pose.uasset" 2473
"C:/Users/whart/OneDrive/Documents/GitHub/Unreal-Engine-C-/Content/FemaleCharacter/Common/Female/Short/NormalWeight/Poses/f_srt_nrw_middle_01_r_pose.uexp" 2474
"C:/Users/whart/OneDrive/Documents/GitHub/Unreal-Engine-C-/Content/FemaleCharacter/Common/Female/Short/NormalWeight/Poses/f_srt_nrw_middle_01_l_anim.uasset" 2475
"C:/Users/whart/OneDrive/Documents/GitHub/Unreal-Engine-C-/Content/FemaleCharacter/Common/Female/Short/NormalWeight/Poses/f_srt_nrw_middle_01_l_anim.m.ubulk" 2476
"C:/Users/whart/OneDrive/Documents/GitHub/Unreal-Engine-C-/Content/FemaleCharacter/Common/Female/Short/NormalWeight/Poses/f_srt_nrw_middle_01_l_anim.uexp" 2477
"C:/Users/whart/OneDrive/Documents/GitHub/Unreal-Engine-C-/Content/FemaleCharacter/Common/Female/Short/NormalWeight/Poses/f_srt_nrw_middle_01_l_pose.uasset" 2478
"C:/Users/whart/OneDrive/Documents/GitHub/Unreal-Engine-C-/Content/FemaleCharacter/Common/Female/Short/NormalWeight/Poses/f_srt_nrw_middle_01_l_pose.uexp" 2479
"C:/Users/whart/OneDrive/Documents/GitHub/Unreal-Engine-C-/Content/FemaleCharacter/Common/Female/Short/NormalWeight/Poses/f_srt_nrw_lowerarm_r_anim.uasset" 2480
"C:/Users/whart/OneDrive/Documents/GitHub/Unreal-Engine-C-/Content/FemaleCharacter/Common/Female/Short/NormalWeight/Poses/f_srt_nrw_lowerarm_r_anim.m.ubulk" 2481
"C:/Users/whart/OneDrive/Documents/GitHub/Unreal-Engine-C-/Content/FemaleCharacter/Common/Female/Short/NormalWeight/Poses/f_srt_nrw_lowerarm_r_anim.uexp" 2482
"C:/Users/whart/OneDrive/Documents/GitHub/Unreal-Engine-C-/Content/FemaleCharacter/Common/Female/Short/NormalWeight/Poses/f_srt_nrw_lowerarm_r_pose.uasset" 2483
"C:/Users/whart/OneDrive/Documents/GitHub/Unreal-Engine-C-/Content/FemaleCharacter/Common/Female/Short/NormalWeight/Poses/f_srt_nrw_lowerarm_r_pose.uexp" 2484
"C:/Users/whart/OneDrive/Documents/GitHub/Unreal-Engine-C-/Content/FemaleCharacter/Common/Female/Short/NormalWeight/Poses/f_srt_nrw_lowerarm_l_anim.uasset" 2485
"C:/Users/whart/OneDrive/Documents/GitHub/Unreal-Engine-C-/Content/FemaleCharacter/Common/Female/Short/NormalWeight/Poses/f_srt_nrw_lowerarm_l_anim.m.ubulk" 2486
"C:/Users/whart/OneDrive/Documents/GitHub/Unreal-Engine-C-/Content/FemaleCharacter/Common/Female/Short/NormalWeight/Poses/f_srt_nrw_lowerarm_l_anim.uexp" 2487
"C:/Users/whart/OneDrive/Documents/GitHub/Unreal-Engine-C-/Content/FemaleCharacter/Common/Female/Short/NormalWeight/Poses/f_srt_nrw_lowerarm_l_pose.uasset" 2488
"C:/Users/whart/OneDrive/Documents/GitHub/Unreal-Engine-C-/Content/FemaleCharacter/Common/Female/Short/NormalWeight/Poses/f_srt_nrw_lowerarm_l_pose.uexp" 2489
"C:/Users/whart/OneDrive/Documents/GitHub/Unreal-Engine-C-/Content/FemaleCharacter/Common/Female/Short/NormalWeight/Poses/f_srt_nrw_index_03_r_anim.uasset" 2490
"C:/Users/whart/OneDrive/Documents/GitHub/Unreal-Engine-C-/Content/FemaleCharacter/Common/Female/Short/NormalWeight/Poses/f_srt_nrw_index_03_r_anim.m.ubulk" 2491
"C:/Users/whart/OneDrive/Documents/GitHub/Unreal-Engine-C-/Content/FemaleCharacter/Common/Female/Short/NormalWeight/Poses/f_srt_nrw_index_03_r_anim.uexp" 2492
"C:/Users/whart/OneDrive/Documents/GitHub/Unreal-Engine-C-/Content/FemaleCharacter/Common/Female/Short/NormalWeight/Poses/f_srt_nrw_index_03_r_pose.uasset" 2493
"C:/Users/whart/OneDrive/Documents/GitHub/Unreal-Engine-C-/Content/FemaleCharacter/Common/Female/Short/NormalWeight/Poses/f_srt_nrw_index_03_r_pose.uexp" 2494
"C:/Users/whart/OneDrive/Documents/GitHub/Unreal-Engine-C-/Content/FemaleCharacter/Common/Female/Short/NormalWeight/Poses/f_srt_nrw_index_03_l_anim.uasset" 2495
"C:/Users/whart/OneDrive/Documents/GitHub/Unreal-Engine-C-/Content/FemaleCharacter/Common/Female/Short/NormalWeight/Poses/f_srt_nrw_index_03_l_anim.m.ubulk" 2496
"C:/Users/whart/OneDrive/Documents/GitHub/Unreal-Engine-C-/Content/FemaleCharacter/Common/Female/Short/NormalWeight/Poses/f_srt_nrw_index_03_l_anim.uexp" 2497
"C:/Users/whart/OneDrive/Documents/GitHub/Unreal-Engine-C-/Content/FemaleCharacter/Common/Female/Short/NormalWeight/Poses/f_srt_nrw_index_03_l_pose.uasset" 2498
"C:/Users/whart/OneDrive/Documents/GitHub/Unreal-Engine-C-/Content/FemaleCharacter/Common/Female/Short/NormalWeight/Poses/f_srt_nrw_index_03_l_pose.uexp" 2499
"C:/Users/whart/OneDrive/Documents/GitHub/Unreal-Engine-C-/Content/FemaleCharacter/Common/Female/Short/NormalWeight/Poses/f_srt_nrw_index_02_r_anim.uasset" 2500
"C:/Users/whart/OneDrive/Documents/GitHub/Unreal-Engine-C-/Content/FemaleCharacter/Common/Female/Short/NormalWeight/Poses/f_srt_nrw_index_02_r_anim.m.ubulk" 2501
"C:/Users/whart/OneDrive/Documents/GitHub/Unreal-Engine-C-/Content/FemaleCharacter/Common/Female/Short/NormalWeight/Poses/f_srt_nrw_index_02_r_anim.uexp" 2502
"C:/Users/whart/OneDrive/Documents/GitHub/Unreal-Engine-C-/Content/FemaleCharacter/Common/Female/Short/NormalWeight/Poses/f_srt_nrw_index_02_r_pose.uasset" 2503
"C:/Users/whart/OneDrive/Documents/GitHub/Unreal-Engine-C-/Content/FemaleCharacter/Common/Female/Short/NormalWeight/Poses/f_srt_nrw_index_02_r_pose.uexp" 2504
"C:/Users/whart/OneDrive/Documents/GitHub/Unreal-Engine-C-/Content/FemaleCharacter/Common/Female/Short/NormalWeight/Poses/f_srt_nrw_index_02_l_anim.uasset" 2505
"C:/Users/whart/OneDrive/Documents/GitHub/Unreal-Engine-C-/Content/FemaleCharacter/Common/Female/Short/NormalWeight/Poses/f_srt_nrw_index_02_l_anim.m.ubulk" 2506
"C:/Users/whart/OneDrive/Documents/GitHub/Unreal-Engine-C-/Content/FemaleCharacter/Common/Female/Short/NormalWeight/Poses/f_srt_nrw_index_02_l_anim.uexp" 2507
"C:/Users/whart/OneDrive/Documents/GitHub/Unreal-Engine-C-/Content/FemaleCharacter/Common/Female/Short/NormalWeight/Poses/f_srt_nrw_index_02_l_pose.uasset" 2508
"C:/Users/whart/OneDrive/Documents/GitHub/Unreal-Engine-C-/Content/FemaleCharacter/Common/Female/Short/NormalWeight/Poses/f_srt_nrw_index_02_l_pose.uexp" 2509
"C:/Users/whart/OneDrive/Documents/GitHub/Unreal-Engine-C-/Content/FemaleCharacter/Common/Female/Short/NormalWeight/Poses/f_srt_nrw_index_01_r_anim.uasset" 2510
"C:/Users/whart/OneDrive/Documents/GitHub/Unreal-Engine-C-/Content/FemaleCharacter/Common/Female/Short/NormalWeight/Poses/f_srt_nrw_index_01_r_anim.m.ubulk" 2511
"C:/Users/whart/OneDrive/Documents/GitHub/Unreal-Engine-C-/Content/FemaleCharacter/Common/Female/Short/NormalWeight/Poses/f_srt_nrw_index_01_r_anim.uexp" 2512
"C:/Users/whart/OneDrive/Documents/GitHub/Unreal-Engine-C-/Content/FemaleCharacter/Common/Female/Short/NormalWeight/Poses/f_srt_nrw_index_01_r_pose.uasset" 2513
"C:/Users/whart/OneDrive/Documents/GitHub/Unreal-Engine-C-/Content/FemaleCharacter/Common/Female/Short/NormalWeight/Poses/f_srt_nrw_index_01_r_pose.uexp" 2514
"C:/Users/whart/OneDrive/Documents/GitHub/Unreal-Engine-C-/Content/FemaleCharacter/Common/Female/Short/NormalWeight/Poses/f_srt_nrw_index_01_l_anim.uasset" 2515
"C:/Users/whart/OneDrive/Documents/GitHub/Unreal-Engine-C-/Content/FemaleCharacter/Common/Female/Short/NormalWeight/Poses/f_srt_nrw_index_01_l_anim.m.ubulk" 2516
"C:/Users/whart/OneDrive/Documents/GitHub/Unreal-Engine-C-/Content/FemaleCharacter/Common/Female/Short/NormalWeight/Poses/f_srt_nrw_index_01_l_anim.uexp" 2517
"C:/Users/whart/OneDrive/Documents/GitHub/Unreal-Engine-C-/Content/FemaleCharacter/Common/Female/Short/NormalWeight/Poses/f_srt_nrw_index_01_l_pose.uasset" 2518
"C:/Users/whart/OneDrive/Documents/GitHub/Unreal-Engine-C-/Content/FemaleCharacter/Common/Female/Short/NormalWeight/Poses/f_srt_nrw_index_01_l_pose.uexp" 2519
"C:/Users/whart/OneDrive/Documents/GitHub/Unreal-Engine-C-/Content/FemaleCharacter/Common/Female/Short/NormalWeight/Poses/f_srt_nrw_hand_r_anim.uasset" 2520
"C:/Users/whart/OneDrive/Documents/GitHub/Unreal-Engine-C-/Content/FemaleCharacter/Common/Female/Short/NormalWeight/Poses/f_srt_nrw_hand_r_anim.m.ubulk" 2521
"C:/Users/whart/OneDrive/Documents/GitHub/Unreal-Engine-C-/Content/FemaleCharacter/Common/Female/Short/NormalWeight/Poses/f_srt_nrw_hand_r_anim.uexp" 2522
"C:/Users/whart/OneDrive/Documents/GitHub/Unreal-Engine-C-/Content/FemaleCharacter/Common/Female/Short/NormalWeight/Poses/f_srt_nrw_hand_r_pose.uasset" 2523
"C:/Users/whart/OneDrive/Documents/GitHub/Unreal-Engine-C-/Content/FemaleCharacter/Common/Female/Short/NormalWeight/Poses/f_srt_nrw_hand_r_pose.uexp" 2524
"C:/Users/whart/OneDrive/Documents/GitHub/Unreal-Engine-C-/Content/FemaleCharacter/Common/Female/Short/NormalWeight/Poses/f_srt_nrw_hand_l_anim.uasset" 2525
"C:/Users/whart/OneDrive/Documents/GitHub/Unreal-Engine-C-/Content/FemaleCharacter/Common/Female/Short/NormalWeight/Poses/f_srt_nrw_hand_l_anim.m.ubulk" 2526
"C:/Users/whart/OneDrive/Documents/GitHub/Unreal-Engine-C-/Content/FemaleCharacter/Common/Female/Short/NormalWeight/Poses/f_srt_nrw_hand_l_anim.uexp" 2527
"C:/Users/whart/OneDrive/Documents/GitHub/Unreal-Engine-C-/Content/FemaleCharacter/Common/Female/Short/NormalWeight/Poses/f_srt_nrw_hand_l_pose.uasset" 2528
"C:/Users/whart/OneDrive/Documents/GitHub/Unreal-Engine-C-/Content/FemaleCharacter/Common/Female/Short/NormalWeight/Poses/f_srt_nrw_hand_l_pose.uexp" 2529
"C:/Users/whart/OneDrive/Documents/GitHub/Unreal-Engine-C-/Content/FemaleCharacter/Common/Female/Short/NormalWeight/Poses/f_srt_nrw_foot_r_anim.uasset" 2530
"C:/Users/whart/OneDrive/Documents/GitHub/Unreal-Engine-C-/Content/FemaleCharacter/Common/Female/Short/NormalWeight/Poses/f_srt_nrw_foot_r_anim.m.ubulk" 2531
"C:/Users/whart/OneDrive/Documents/GitHub/Unreal-Engine-C-/Content/FemaleCharacter/Common/Female/Short/NormalWeight/Poses/f_srt_nrw_foot_r_anim.uexp" 2532
"C:/Users/whart/OneDrive/Documents/GitHub/Unreal-Engine-C-/Content/FemaleCharacter/Common/Female/Short/NormalWeight/Poses/f_srt_nrw_foot_r_pose.uasset" 2533
"C:/Users/whart/OneDrive/Documents/GitHub/Unreal-Engine-C-/Content/FemaleCharacter/Common/Female/Short/NormalWeight/Poses/f_srt_nrw_foot_r_pose.uexp" 2534
"C:/Users/whart/OneDrive/Documents/GitHub/Unreal-Engine-C-/Content/FemaleCharacter/Common/Female/Short/NormalWeight/Poses/f_srt_nrw_foot_l_anim.uasset" 2535
"C:/Users/whart/OneDrive/Documents/GitHub/Unreal-Engine-C-/Content/FemaleCharacter/Common/Female/Short/NormalWeight/Poses/f_srt_nrw_foot_l_anim.m.ubulk" 2536
"C:/Users/whart/OneDrive/Documents/GitHub/Unreal-Engine-C-/Content/FemaleCharacter/Common/Female/Short/NormalWeight/Poses/f_srt_nrw_foot_l_anim.uexp" 2537
"C:/Users/whart/OneDrive/Documents/GitHub/Unreal-Engine-C-/Content/FemaleCharacter/Common/Female/Short/NormalWeight/Poses/f_srt_nrw_foot_l_pose.uasset" 2538
"C:/Users/whart/OneDrive/Documents/GitHub/Unreal-Engine-C-/Content/FemaleCharacter/Common/Female/Short/NormalWeight/Poses/f_srt_nrw_foot_l_pose.uexp" 2539
"C:/Users/whart/OneDrive/Documents/GitHub/Unreal-Engine-C-/Content/FemaleCharacter/Common/Female/Short/NormalWeight/Poses/f_srt_nrw_clavicle_r_anim.uasset" 2540
"C:/Users/whart/OneDrive/Documents/GitHub/Unreal-Engine-C-/Content/FemaleCharacter/Common/Female/Short/NormalWeight/Poses/f_srt_nrw_clavicle_r_anim.m.ubulk" 2541
"C:/Users/whart/OneDrive/Documents/GitHub/Unreal-Engine-C-/Content/FemaleCharacter/Common/Female/Short/NormalWeight/Poses/f_srt_nrw_clavicle_r_anim.uexp" 2542
"C:/Users/whart/OneDrive/Documents/GitHub/Unreal-Engine-C-/Content/FemaleCharacter/Common/Female/Short/NormalWeight/Poses/f_srt_nrw_clavicle_r_pose.uasset" 2543
"C:/Users/whart/OneDrive/Documents/GitHub/Unreal-Engine-C-/Content/FemaleCharacter/Common/Female/Short/NormalWeight/Poses/f_srt_nrw_clavicle_r_pose.uexp" 2544
"C:/Users/whart/OneDrive/Documents/GitHub/Unreal-Engine-C-/Content/FemaleCharacter/Common/Female/Short/NormalWeight/Poses/f_srt_nrw_clavicle_l_anim.uasset" 2545
"C:/Users/whart/OneDrive/Documents/GitHub/Unreal-Engine-C-/Content/FemaleCharacter/Common/Female/Short/NormalWeight/Poses/f_srt_nrw_clavicle_l_anim.m.ubulk" 2546
"C:/Users/whart/OneDrive/Documents/GitHub/Unreal-Engine-C-/Content/FemaleCharacter/Common/Female/Short/NormalWeight/Poses/f_srt_nrw_clavicle_l_anim.uexp" 2547
"C:/Users/whart/OneDrive/Documents/GitHub/Unreal-Engine-C-/Content/FemaleCharacter/Common/Female/Short/NormalWeight/Poses/f_srt_nrw_clavicle_l_pose.uasset" 2548
"C:/Users/whart/OneDrive/Documents/GitHub/Unreal-Engine-C-/Content/FemaleCharacter/Common/Female/Short/NormalWeight/Poses/f_srt_nrw_clavicle_l_pose.uexp" 2549
"C:/Users/whart/OneDrive/Documents/GitHub/Unreal-Engine-C-/Content/FemaleCharacter/Common/Female/Short/NormalWeight/Poses/f_srt_nrw_calf_r_anim.uasset" 2550
"C:/Users/whart/OneDrive/Documents/GitHub/Unreal-Engine-C-/Content/FemaleCharacter/Common/Female/Short/NormalWeight/Poses/f_srt_nrw_calf_r_anim.m.ubulk" 2551
"C:/Users/whart/OneDrive/Documents/GitHub/Unreal-Engine-C-/Content/FemaleCharacter/Common/Female/Short/NormalWeight/Poses/f_srt_nrw_calf_r_anim.uexp" 2552
"C:/Users/whart/OneDrive/Documents/GitHub/Unreal-Engine-C-/Content/FemaleCharacter/Common/Female/Short/NormalWeight/Poses/f_srt_nrw_calf_r_pose.uasset" 2553
"C:/Users/whart/OneDrive/Documents/GitHub/Unreal-Engine-C-/Content/FemaleCharacter/Common/Female/Short/NormalWeight/Poses/f_srt_nrw_calf_r_pose.uexp" 2554
"C:/Users/whart/OneDrive/Documents/GitHub/Unreal-Engine-C-/Content/FemaleCharacter/Common/Female/Short/NormalWeight/Poses/f_srt_nrw_calf_l_anim.uasset" 2555
"C:/Users/whart/OneDrive/Documents/GitHub/Unreal-Engine-C-/Content/FemaleCharacter/Common/Female/Short/NormalWeight/Poses/f_srt_nrw_calf_l_anim.m.ubulk" 2556
"C:/Users/whart/OneDrive/Documents/GitHub/Unreal-Engine-C-/Content/FemaleCharacter/Common/Female/Short/NormalWeight/Poses/f_srt_nrw_calf_l_anim.uexp" 2557
"C:/Users/whart/OneDrive/Documents/GitHub/Unreal-Engine-C-/Content/FemaleCharacter/Common/Female/Short/NormalWeight/Poses/f_srt_nrw_calf_l_pose.uasset" 2558
"C:/Users/whart/OneDrive/Documents/GitHub/Unreal-Engine-C-/Content/FemaleCharacter/Common/Female/Short/NormalWeight/Poses/f_srt_nrw_calf_l_pose.uexp" 2559
"C:/Users/whart/OneDrive/Documents/GitHub/Unreal-Engine-C-/Content/FemaleCharacter/Common/Female/Short/NormalWeight/Body/f_srt_nrw_animbp_Medium.uasset" 2560
"C:/Users/whart/OneDrive/Documents/GitHub/Unreal-Engine-C-/Content/FemaleCharacter/Common/Female/Short/NormalWeight/Body/f_srt_nrw_animbp_Medium.uexp" 2561
"C:/Users/whart/OneDrive/Documents/GitHub/Unreal-Engine-C-/Content/FemaleCharacter/Common/Female/Short/NormalWeight/Body/f_srt_nrw_body_Physics.uasset" 2562
"C:/Users/whart/OneDrive/Documents/GitHub/Unreal-Engine-C-/Content/FemaleCharacter/Common/Female/Short/NormalWeight/Body/f_srt_nrw_body_Physics.uexp" 2563
"C:/Users/whart/OneDrive/Documents/GitHub/Unreal-Engine-C-/Content/FemaleCharacter/Lucille/Body/f_srt_nrw_body.uasset" 2564
"C:/Users/whart/OneDrive/Documents/GitHub/Unreal-Engine-C-/Content/FemaleCharacter/Lucille/Body/f_srt_nrw_body.uexp" 2565
"C:/Users/whart/OneDrive/Documents/GitHub/Unreal-Engine-C-/Content/FemaleCharacter/Common/MaleHair/Textures/Eyebrows_S_FlatThin_CardsAtlas_Tangent.ubulk" 2566
"C:/Users/whart/OneDrive/Documents/GitHub/Unreal-Engine-C-/Content/FemaleCharacter/Common/MaleHair/Textures/Eyebrows_S_FlatThin_CardsAtlas_Tangent.uasset" 2567
"C:/Users/whart/OneDrive/Documents/GitHub/Unreal-Engine-C-/Content/FemaleCharacter/Common/MaleHair/Textures/Eyebrows_S_FlatThin_CardsAtlas_Tangent.uexp" 2568
"C:/Users/whart/OneDrive/Documents/GitHub/Unreal-Engine-C-/Content/FemaleCharacter/Common/MaleHair/Textures/Eyebrows_S_FlatThin_CardsAtlas_Attribute.ubulk" 2569
"C:/Users/whart/OneDrive/Documents/GitHub/Unreal-Engine-C-/Content/FemaleCharacter/Common/MaleHair/Textures/Eyebrows_S_FlatThin_CardsAtlas_Attribute.uasset" 2570
"C:/Users/whart/OneDrive/Documents/GitHub/Unreal-Engine-C-/Content/FemaleCharacter/Common/MaleHair/Textures/Eyebrows_S_FlatThin_CardsAtlas_Attribute.uexp" 2571
"C:/Users/whart/OneDrive/Documents/GitHub/Unreal-Engine-C-/Content/FemaleCharacter/Lucille/MaleHair/Hair/Eyebrows_S_FlatThin_CardsMesh_Group0_LOD3.uasset" 2572
"C:/Users/whart/OneDrive/Documents/GitHub/Unreal-Engine-C-/Content/FemaleCharacter/Lucille/MaleHair/Hair/Eyebrows_S_FlatThin_CardsMesh_Group0_LOD3.uexp" 2573
"C:/Users/whart/OneDrive/Documents/GitHub/Unreal-Engine-C-/Content/FemaleCharacter/Lucille/MaleHair/Hair/Eyebrows_S_FlatThin.ubulk" 2574
"C:/Users/whart/OneDrive/Documents/GitHub/Unreal-Engine-C-/Content/FemaleCharacter/Lucille/MaleHair/Hair/Eyebrows_S_FlatThin.uasset" 2575
"C:/Users/whart/OneDrive/Documents/GitHub/Unreal-Engine-C-/Content/FemaleCharacter/Lucille/MaleHair/Hair/Eyebrows_S_FlatThin.uexp" 2576
"C:/Users/whart/OneDrive/Documents/GitHub/Unreal-Engine-C-/Content/FemaleCharacter/Lucille/MaleHair/GroomBinding/Eyebrows_S_FlatThin_Binding.ubulk" 2577
"C:/Users/whart/OneDrive/Documents/GitHub/Unreal-Engine-C-/Content/FemaleCharacter/Lucille/MaleHair/GroomBinding/Eyebrows_S_FlatThin_Binding.uasset" 2578
"C:/Users/whart/OneDrive/Documents/GitHub/Unreal-Engine-C-/Content/FemaleCharacter/Lucille/MaleHair/GroomBinding/Eyebrows_S_FlatThin_Binding.uexp" 2579
"C:/Users/whart/OneDrive/Documents/GitHub/Unreal-Engine-C-/Content/FemaleCharacter/Lucille/BP_Lucille.uasset" 2580
"C:/Users/whart/OneDrive/Documents/GitHub/Unreal-Engine-C-/Content/FemaleCharacter/Lucille/BP_Lucille.uexp" 2581
"C:/Users/whart/OneDrive/Documents/GitHub/Unreal-Engine-C-/Content/Music/MeditationMusicPlaceholder.ubulk" 2582
"C:/Users/whart/OneDrive/Documents/GitHub/Unreal-Engine-C-/Content/Music/MeditationMusicPlaceholder.uasset" 2583
"C:/Users/whart/OneDrive/Documents/GitHub/Unreal-Engine-C-/Content/Music/MeditationMusicPlaceholder.uexp" 2584
"C:/Users/whart/OneDrive/Documents/GitHub/Unreal-Engine-C-/Content/Music/Meditation_Music_Placeholder_Cue.uasset" 2585
"C:/Users/whart/OneDrive/Documents/GitHub/Unreal-Engine-C-/Content/Music/Meditation_Music_Placeholder_Cue.uexp" 2586
"C:/Users/whart/OneDrive/Documents/GitHub/Unreal-Engine-C-/Content/UI/UIAssets/microphone.ubulk" 2587
"C:/Users/whart/OneDrive/Documents/GitHub/Unreal-Engine-C-/Content/UI/UIAssets/microphone.uasset" 2588
"C:/Users/whart/OneDrive/Documents/GitHub/Unreal-Engine-C-/Content/UI/UIAssets/microphone.uexp" 2589
"C:/Users/whart/OneDrive/Documents/GitHub/Unreal-Engine-C-/Content/UI/ChatMenu/WBP_ChatEntry.uasset" 2590
"C:/Users/whart/OneDrive/Documents/GitHub/Unreal-Engine-C-/Content/UI/ChatMenu/WBP_ChatEntry.uexp" 2591
"C:/Users/whart/OneDrive/Documents/GitHub/Unreal-Engine-C-/Content/UI/ChatMenu/WBP_ChatUI.uasset" 2592
"C:/Users/whart/OneDrive/Documents/GitHub/Unreal-Engine-C-/Content/UI/ChatMenu/WBP_ChatUI.uexp" 2593
"C:/Users/whart/OneDrive/Documents/GitHub/Unreal-Engine-C-/Content/Player/Components/AC_Chat.uasset" 2594
"C:/Users/whart/OneDrive/Documents/GitHub/Unreal-Engine-C-/Content/Player/Components/AC_Chat.uexp" 2595
"C:/Users/whart/OneDrive/Documents/GitHub/Unreal-Engine-C-/Content/UI/ChatMenu/WBP_ChatMenu.uasset" 2596
"C:/Users/whart/OneDrive/Documents/GitHub/Unreal-Engine-C-/Content/UI/ChatMenu/WBP_ChatMenu.uexp" 2597
"C:/Users/whart/OneDrive/Documents/GitHub/Unreal-Engine-C-/Content/Player/Blueprints/LucilleChatComponent.uasset" 2598
"C:/Users/whart/OneDrive/Documents/GitHub/Unreal-Engine-C-/Content/Player/Blueprints/LucilleChatComponent.uexp" 2599
"C:/Users/whart/OneDrive/Documents/GitHub/Unreal-Engine-C-/Content/Assets/CharacterAssets/Meshes/UE5_Meshes/SK_Mannequin.uasset" 2600
"C:/Users/whart/OneDrive/Documents/GitHub/Unreal-Engine-C-/Content/Assets/CharacterAssets/Meshes/UE5_Meshes/SK_Mannequin.uexp" 2601
"C:/Users/whart/OneDrive/Documents/GitHub/Unreal-Engine-C-/Content/Clothes/ShortPants_PhysicsAsset.uasset" 2602
"C:/Users/whart/OneDrive/Documents/GitHub/Unreal-Engine-C-/Content/Clothes/ShortPants_PhysicsAsset.uexp" 2603
"C:/Users/whart/OneDrive/Documents/GitHub/Unreal-Engine-C-/Content/Clothes/ShortPants.uasset" 2604
"C:/Users/whart/OneDrive/Documents/GitHub/Unreal-Engine-C-/Content/Clothes/ShortPants.uexp" 2605
"C:/Users/whart/OneDrive/Documents/GitHub/Unreal-Engine-C-/Content/Clothes/Shirt_PhysicsAsset.uasset" 2606
"C:/Users/whart/OneDrive/Documents/GitHub/Unreal-Engine-C-/Content/Clothes/Shirt_PhysicsAsset.uexp" 2607
"C:/Users/whart/OneDrive/Documents/GitHub/Unreal-Engine-C-/Content/Clothes/Shirt.uasset" 2608
"C:/Users/whart/OneDrive/Documents/GitHub/Unreal-Engine-C-/Content/Clothes/Shirt.uexp" 2609
"C:/Users/whart/OneDrive/Documents/GitHub/Unreal-Engine-C-/Content/Player/Enums/E_Bodies.uasset" 2610
"C:/Users/whart/OneDrive/Documents/GitHub/Unreal-Engine-C-/Content/Player/Enums/E_Bodies.uexp" 2611
"C:/Users/whart/OneDrive/Documents/GitHub/Unreal-Engine-C-/Content/Player/Enums/E_Hair.uasset" 2612
"C:/Users/whart/OneDrive/Documents/GitHub/Unreal-Engine-C-/Content/Player/Enums/E_Hair.uexp" 2613
"C:/Users/whart/OneDrive/Documents/GitHub/Unreal-Engine-C-/Content/Player/Enums/E_HairBindings.uasset" 2614
"C:/Users/whart/OneDrive/Documents/GitHub/Unreal-Engine-C-/Content/Player/Enums/E_HairBindings.uexp" 2615
"C:/Users/whart/OneDrive/Documents/GitHub/Unreal-Engine-C-/Content/Player/Enums/E_Heads.uasset" 2616
"C:/Users/whart/OneDrive/Documents/GitHub/Unreal-Engine-C-/Content/Player/Enums/E_Heads.uexp" 2617
"C:/Users/whart/OneDrive/Documents/GitHub/Unreal-Engine-C-/Content/Player/Enums/E_Pants.uasset" 2618
"C:/Users/whart/OneDrive/Documents/GitHub/Unreal-Engine-C-/Content/Player/Enums/E_Pants.uexp" 2619
"C:/Users/whart/OneDrive/Documents/GitHub/Unreal-Engine-C-/Content/Player/Enums/E_Player.uasset" 2620
"C:/Users/whart/OneDrive/Documents/GitHub/Unreal-Engine-C-/Content/Player/Enums/E_Player.uexp" 2621
"C:/Users/whart/OneDrive/Documents/GitHub/Unreal-Engine-C-/Content/Player/Enums/E_Shirts.uasset" 2622
"C:/Users/whart/OneDrive/Documents/GitHub/Unreal-Engine-C-/Content/Player/Enums/E_Shirts.uexp" 2623
"C:/Users/whart/OneDrive/Documents/GitHub/Unreal-Engine-C-/Content/Player/Enums/E_Shoes.uasset" 2624
"C:/Users/whart/OneDrive/Documents/GitHub/Unreal-Engine-C-/Content/Player/Enums/E_Shoes.uexp" 2625
"C:/Users/whart/OneDrive/Documents/GitHub/Unreal-Engine-C-/Content/Player/Structures/S_PlayerStruct.uasset" 2626
"C:/Users/whart/OneDrive/Documents/GitHub/Unreal-Engine-C-/Content/Player/Structures/S_PlayerStruct.uexp" 2627
"C:/Users/whart/OneDrive/Documents/GitHub/Unreal-Engine-C-/Content/UI/CategoryButtonHover.uasset" 2628
"C:/Users/whart/OneDrive/Documents/GitHub/Unreal-Engine-C-/Content/UI/CategoryButtonHover.uexp" 2629
"C:/Users/whart/OneDrive/Documents/GitHub/Unreal-Engine-C-/Content/UI/CharacterCustomizer/WBP_ItemButton.uasset" 2630
"C:/Users/whart/OneDrive/Documents/GitHub/Unreal-Engine-C-/Content/UI/CharacterCustomizer/WBP_ItemButton.uexp" 2631
"C:/Users/whart/OneDrive/Documents/GitHub/Unreal-Engine-C-/Content/UI/CharacterCustomizer/WBP_EmptyButton_W.uasset" 2632
"C:/Users/whart/OneDrive/Documents/GitHub/Unreal-Engine-C-/Content/UI/CharacterCustomizer/WBP_EmptyButton_W.uexp" 2633
"C:/Users/whart/OneDrive/Documents/GitHub/Unreal-Engine-C-/Content/UI/CharacterCustomizer/WBP_CategoryButton_W.uasset" 2634
"C:/Users/whart/OneDrive/Documents/GitHub/Unreal-Engine-C-/Content/UI/CharacterCustomizer/WBP_CategoryButton_W.uexp" 2635
"../../../Engine/Content/EditorResources/Ai_Spawnpoint.ubulk" 2636
"../../../Engine/Content/EditorResources/Ai_Spawnpoint.uasset" 2637
"../../../Engine/Content/EditorResources/Ai_Spawnpoint.uexp" 2638
"../../../Engine/Content/EditorMaterials/Tick.uasset" 2639
"../../../Engine/Content/EditorMaterials/Tick.uexp" 2640
"../../../Engine/Content/EditorMaterials/Anchor.uasset" 2641
"../../../Engine/Content/EditorMaterials/Anchor.uexp" 2642
"../../../Engine/Content/EngineResources/Bad.uasset" 2643
"../../../Engine/Content/EngineResources/Bad.uexp" 2644
"../../../Engine/Content/EngineResources/AICON-Red.uasset" 2645
"../../../Engine/Content/EngineResources/AICON-Red.uexp" 2646
"../../../Engine/Plugins/Runtime/AudioWidgets/Content/AudioFader/AudioFader_Selected.uasset" 2647
"../../../Engine/Plugins/Runtime/AudioWidgets/Content/AudioFader/AudioFader_Selected.uexp" 2648
"../../../Engine/Plugins/Runtime/AudioWidgets/Content/AudioButtonToggle/AudioButton_Corner4x.uasset" 2649
"../../../Engine/Plugins/Runtime/AudioWidgets/Content/AudioButtonToggle/AudioButton_Corner4x.uexp" 2650
"../../../Engine/Content/MobileResources/HUD/AnalogHat.uasset" 2651
"../../../Engine/Content/MobileResources/HUD/AnalogHat.uexp" 2652
"C:/Users/whart/OneDrive/Documents/GitHub/Unreal-Engine-C-/Content/UI/UIAssets/white-outline-circle-transparent-background-701751694615464q6tebvyuwa-removebg-preview.uasset" 2653
"C:/Users/whart/OneDrive/Documents/GitHub/Unreal-Engine-C-/Content/UI/UIAssets/white-outline-circle-transparent-background-701751694615464q6tebvyuwa-removebg-preview.uexp" 2654
"../../../Engine/Content/Tutorial/Mobile/TutorialAssets/android_Icon.uasset" 2655
"../../../Engine/Content/Tutorial/Mobile/TutorialAssets/android_Icon.uexp" 2656
"C:/Users/whart/OneDrive/Documents/GitHub/Unreal-Engine-C-/Content/Assets/CharacterAssets/Textures/UE4_Textures/T_UELogo_Mask.ubulk" 2657
"C:/Users/whart/OneDrive/Documents/GitHub/Unreal-Engine-C-/Content/Assets/CharacterAssets/Textures/UE4_Textures/T_UELogo_Mask.uasset" 2658
"C:/Users/whart/OneDrive/Documents/GitHub/Unreal-Engine-C-/Content/Assets/CharacterAssets/Textures/UE4_Textures/T_UELogo_Mask.uexp" 2659
"C:/Users/whart/OneDrive/Documents/GitHub/Unreal-Engine-C-/Content/M4/Blueprints/SystemResources/RenderTargets/SplatBaker/SplatmapPrework/BakedLandscapeSplatMap.uasset" 2660
"C:/Users/whart/OneDrive/Documents/GitHub/Unreal-Engine-C-/Content/M4/Blueprints/SystemResources/RenderTargets/SplatBaker/SplatmapPrework/BakedLandscapeSplatMap.uexp" 2661
"C:/Users/whart/OneDrive/Documents/GitHub/Unreal-Engine-C-/Content/Player/DataTables/DT_PlayerTable.uasset" 2662
"C:/Users/whart/OneDrive/Documents/GitHub/Unreal-Engine-C-/Content/Player/DataTables/DT_PlayerTable.uexp" 2663
"C:/Users/whart/OneDrive/Documents/GitHub/Unreal-Engine-C-/Content/UI/CharacterCustomizer/WBP_CustomizationMenu.uasset" 2664
"C:/Users/whart/OneDrive/Documents/GitHub/Unreal-Engine-C-/Content/UI/CharacterCustomizer/WBP_CustomizationMenu.uexp" 2665
"C:/Users/whart/OneDrive/Documents/GitHub/Unreal-Engine-C-/Content/UI/Activities/WBP_TimerWidget.uasset" 2666
"C:/Users/whart/OneDrive/Documents/GitHub/Unreal-Engine-C-/Content/UI/Activities/WBP_TimerWidget.uexp" 2667
"C:/Users/whart/OneDrive/Documents/GitHub/Unreal-Engine-C-/Content/UI/Activities/WBP_ScoreWidget.uasset" 2668
"C:/Users/whart/OneDrive/Documents/GitHub/Unreal-Engine-C-/Content/UI/Activities/WBP_ScoreWidget.uexp" 2669
"C:/Users/whart/OneDrive/Documents/GitHub/Unreal-Engine-C-/Content/UI/UIAssets/Arrow.uasset" 2670
"C:/Users/whart/OneDrive/Documents/GitHub/Unreal-Engine-C-/Content/UI/UIAssets/Arrow.uexp" 2671
"C:/Users/whart/OneDrive/Documents/GitHub/Unreal-Engine-C-/Content/UI/Activities/WBP_Arrow_Widget.uasset" 2672
"C:/Users/whart/OneDrive/Documents/GitHub/Unreal-Engine-C-/Content/UI/Activities/WBP_Arrow_Widget.uexp" 2673
"C:/Users/whart/OneDrive/Documents/GitHub/Unreal-Engine-C-/Content/UI/Activities/WBP_Rythm_Game.uasset" 2674
"C:/Users/whart/OneDrive/Documents/GitHub/Unreal-Engine-C-/Content/UI/Activities/WBP_Rythm_Game.uexp" 2675
"C:/Users/whart/OneDrive/Documents/GitHub/Unreal-Engine-C-/Content/UI/Activities/WBP_Breathing_Bubble.uasset" 2676
"C:/Users/whart/OneDrive/Documents/GitHub/Unreal-Engine-C-/Content/UI/Activities/WBP_Breathing_Bubble.uexp" 2677
"C:/Users/whart/OneDrive/Documents/GitHub/Unreal-Engine-C-/Content/UI/Activities/WBP_ActivityUIWidget.uasset" 2678
"C:/Users/whart/OneDrive/Documents/GitHub/Unreal-Engine-C-/Content/UI/Activities/WBP_ActivityUIWidget.uexp" 2679
"C:/Users/whart/OneDrive/Documents/GitHub/Unreal-Engine-C-/Content/Player/Input/Actions/IA_OpenMenu.uasset" 2680
"C:/Users/whart/OneDrive/Documents/GitHub/Unreal-Engine-C-/Content/Player/Input/Actions/IA_OpenMenu.uexp" 2681
"C:/Users/whart/OneDrive/Documents/GitHub/Unreal-Engine-C-/Content/Player/Input/Actions/IA_Move.uasset" 2682
"C:/Users/whart/OneDrive/Documents/GitHub/Unreal-Engine-C-/Content/Player/Input/Actions/IA_Move.uexp" 2683
"C:/Users/whart/OneDrive/Documents/GitHub/Unreal-Engine-C-/Content/Player/Input/Actions/IA_Meditate.uasset" 2684
"C:/Users/whart/OneDrive/Documents/GitHub/Unreal-Engine-C-/Content/Player/Input/Actions/IA_Meditate.uexp" 2685
"C:/Users/whart/OneDrive/Documents/GitHub/Unreal-Engine-C-/Content/Player/Input/Actions/IA_Look.uasset" 2686
"C:/Users/whart/OneDrive/Documents/GitHub/Unreal-Engine-C-/Content/Player/Input/Actions/IA_Look.uexp" 2687
"C:/Users/whart/OneDrive/Documents/GitHub/Unreal-Engine-C-/Content/Player/Input/Actions/IA_Jump.uasset" 2688
"C:/Users/whart/OneDrive/Documents/GitHub/Unreal-Engine-C-/Content/Player/Input/Actions/IA_Jump.uexp" 2689
"C:/Users/whart/OneDrive/Documents/GitHub/Unreal-Engine-C-/Content/Player/Input/IMC_Default.uasset" 2690
"C:/Users/whart/OneDrive/Documents/GitHub/Unreal-Engine-C-/Content/Player/Input/IMC_Default.uexp" 2691
"C:/Users/whart/OneDrive/Documents/GitHub/Unreal-Engine-C-/Content/MetaHumans/Common/Face/Face_Archetype_Skeleton.uasset" 2692
"C:/Users/whart/OneDrive/Documents/GitHub/Unreal-Engine-C-/Content/MetaHumans/Common/Face/Face_Archetype_Skeleton.uexp" 2693
"C:/Users/whart/OneDrive/Documents/GitHub/Unreal-Engine-C-/Content/MetaHumans/Common/Common/Mocap/mh_arkit_mapping_anim.uasset" 2694
"C:/Users/whart/OneDrive/Documents/GitHub/Unreal-Engine-C-/Content/MetaHumans/Common/Common/Mocap/mh_arkit_mapping_anim.uexp" 2695
"C:/Users/whart/OneDrive/Documents/GitHub/Unreal-Engine-C-/Content/MetaHumans/Common/Common/Mocap/mh_arkit_mapping_pose.uasset" 2696
"C:/Users/whart/OneDrive/Documents/GitHub/Unreal-Engine-C-/Content/MetaHumans/Common/Common/Mocap/mh_arkit_mapping_pose.uexp" 2697
"C:/Users/whart/OneDrive/Documents/GitHub/Unreal-Engine-C-/Content/MetaHumans/Common/Face/Face_AnimBP.uasset" 2698
"C:/Users/whart/OneDrive/Documents/GitHub/Unreal-Engine-C-/Content/MetaHumans/Common/Face/Face_AnimBP.uexp" 2699
"C:/Users/whart/OneDrive/Documents/GitHub/Unreal-Engine-C-/Content/MetaHumans/Common/Blanks/T_Default_NormalMap.uasset" 2700
"C:/Users/whart/OneDrive/Documents/GitHub/Unreal-Engine-C-/Content/MetaHumans/Common/Blanks/T_Default_NormalMap.uexp" 2701
"C:/Users/whart/OneDrive/Documents/GitHub/Unreal-Engine-C-/Content/MetaHumans/Common/Blanks/T_Default_Masks_SpecRoughMetal.uasset" 2702
"C:/Users/whart/OneDrive/Documents/GitHub/Unreal-Engine-C-/Content/MetaHumans/Common/Blanks/T_Default_Masks_SpecRoughMetal.uexp" 2703
"C:/Users/whart/OneDrive/Documents/GitHub/Unreal-Engine-C-/Content/MetaHumans/Common/Blanks/T_Default_BaseColor_White.uasset" 2704
"C:/Users/whart/OneDrive/Documents/GitHub/Unreal-Engine-C-/Content/MetaHumans/Common/Blanks/T_Default_BaseColor_White.uexp" 2705
"C:/Users/whart/OneDrive/Documents/GitHub/Unreal-Engine-C-/Content/MetaHumans/Common/Face/Textures/Simplified/T_Flat_BentNormalAO.uasset" 2706
"C:/Users/whart/OneDrive/Documents/GitHub/Unreal-Engine-C-/Content/MetaHumans/Common/Face/Textures/Simplified/T_Flat_BentNormalAO.uexp" 2707
"C:/Users/whart/OneDrive/Documents/GitHub/Unreal-Engine-C-/Content/MetaHumans/Common/Face/Textures/Simplified/T_Teeth_mouthOcc.ubulk" 2708
"C:/Users/whart/OneDrive/Documents/GitHub/Unreal-Engine-C-/Content/MetaHumans/Common/Face/Textures/Simplified/T_Teeth_mouthOcc.uasset" 2709
"C:/Users/whart/OneDrive/Documents/GitHub/Unreal-Engine-C-/Content/MetaHumans/Common/Face/Textures/Simplified/T_Teeth_mouthOcc.uexp" 2710
"C:/Users/whart/OneDrive/Documents/GitHub/Unreal-Engine-C-/Content/MetaHumans/Common/Face/Textures/T_SkinMicroNormal001.ubulk" 2711
"C:/Users/whart/OneDrive/Documents/GitHub/Unreal-Engine-C-/Content/MetaHumans/Common/Face/Textures/T_SkinMicroNormal001.uasset" 2712
"C:/Users/whart/OneDrive/Documents/GitHub/Unreal-Engine-C-/Content/MetaHumans/Common/Face/Textures/T_SkinMicroNormal001.uexp" 2713
"C:/Users/whart/OneDrive/Documents/GitHub/Unreal-Engine-C-/Content/MetaHumans/Common/Face/MaterialFunctions/Head/MF_High_MaskDelta01_Simplified.uasset" 2714
"C:/Users/whart/OneDrive/Documents/GitHub/Unreal-Engine-C-/Content/MetaHumans/Common/Face/MaterialFunctions/Head/MF_High_MaskDelta01_Simplified.uexp" 2715
"C:/Users/whart/OneDrive/Documents/GitHub/Unreal-Engine-C-/Content/MetaHumans/Common/Face/Textures/Simplified/AnimMasks/T_High_FaceWM13_AnimMask01.ubulk" 2716
"C:/Users/whart/OneDrive/Documents/GitHub/Unreal-Engine-C-/Content/MetaHumans/Common/Face/Textures/Simplified/AnimMasks/T_High_FaceWM13_AnimMask01.uasset" 2717
"C:/Users/whart/OneDrive/Documents/GitHub/Unreal-Engine-C-/Content/MetaHumans/Common/Face/Textures/Simplified/AnimMasks/T_High_FaceWM13_AnimMask01.uexp" 2718
"C:/Users/whart/OneDrive/Documents/GitHub/Unreal-Engine-C-/Content/MetaHumans/Common/Face/Textures/Simplified/AnimMasks/T_High_FaceWM1_AnimMask01.ubulk" 2719
"C:/Users/whart/OneDrive/Documents/GitHub/Unreal-Engine-C-/Content/MetaHumans/Common/Face/Textures/Simplified/AnimMasks/T_High_FaceWM1_AnimMask01.uasset" 2720
"C:/Users/whart/OneDrive/Documents/GitHub/Unreal-Engine-C-/Content/MetaHumans/Common/Face/Textures/Simplified/AnimMasks/T_High_FaceWM1_AnimMask01.uexp" 2721
"C:/Users/whart/OneDrive/Documents/GitHub/Unreal-Engine-C-/Content/MetaHumans/Common/Face/Textures/Simplified/AnimMasks/T_High_FaceWM1_AnimMask02.ubulk" 2722
"C:/Users/whart/OneDrive/Documents/GitHub/Unreal-Engine-C-/Content/MetaHumans/Common/Face/Textures/Simplified/AnimMasks/T_High_FaceWM1_AnimMask02.uasset" 2723
"C:/Users/whart/OneDrive/Documents/GitHub/Unreal-Engine-C-/Content/MetaHumans/Common/Face/Textures/Simplified/AnimMasks/T_High_FaceWM1_AnimMask02.uexp" 2724
"C:/Users/whart/OneDrive/Documents/GitHub/Unreal-Engine-C-/Content/MetaHumans/Common/Face/Textures/Simplified/AnimMasks/T_High_FaceWM1_AnimMask03.ubulk" 2725
"C:/Users/whart/OneDrive/Documents/GitHub/Unreal-Engine-C-/Content/MetaHumans/Common/Face/Textures/Simplified/AnimMasks/T_High_FaceWM1_AnimMask03.uasset" 2726
"C:/Users/whart/OneDrive/Documents/GitHub/Unreal-Engine-C-/Content/MetaHumans/Common/Face/Textures/Simplified/AnimMasks/T_High_FaceWM1_AnimMask03.uexp" 2727
"C:/Users/whart/OneDrive/Documents/GitHub/Unreal-Engine-C-/Content/MetaHumans/Common/Face/Textures/Simplified/AnimMasks/T_High_FaceWM1_AnimMask04.ubulk" 2728
"C:/Users/whart/OneDrive/Documents/GitHub/Unreal-Engine-C-/Content/MetaHumans/Common/Face/Textures/Simplified/AnimMasks/T_High_FaceWM1_AnimMask04.uasset" 2729
"C:/Users/whart/OneDrive/Documents/GitHub/Unreal-Engine-C-/Content/MetaHumans/Common/Face/Textures/Simplified/AnimMasks/T_High_FaceWM1_AnimMask04.uexp" 2730
"C:/Users/whart/OneDrive/Documents/GitHub/Unreal-Engine-C-/Content/MetaHumans/Common/Face/MaterialFunctions/Head/MF_High_HeadMask01_Simplified.uasset" 2731
"C:/Users/whart/OneDrive/Documents/GitHub/Unreal-Engine-C-/Content/MetaHumans/Common/Face/MaterialFunctions/Head/MF_High_HeadMask01_Simplified.uexp" 2732
"C:/Users/whart/OneDrive/Documents/GitHub/Unreal-Engine-C-/Content/MetaHumans/Common/Face/MaterialFunctions/Head/MF_High_MaskDelta02_Simplified.uasset" 2733
"C:/Users/whart/OneDrive/Documents/GitHub/Unreal-Engine-C-/Content/MetaHumans/Common/Face/MaterialFunctions/Head/MF_High_MaskDelta02_Simplified.uexp" 2734
"C:/Users/whart/OneDrive/Documents/GitHub/Unreal-Engine-C-/Content/MetaHumans/Common/Face/Textures/Simplified/AnimMasks/T_High_FaceWM2_AnimMask01.ubulk" 2735
"C:/Users/whart/OneDrive/Documents/GitHub/Unreal-Engine-C-/Content/MetaHumans/Common/Face/Textures/Simplified/AnimMasks/T_High_FaceWM2_AnimMask01.uasset" 2736
"C:/Users/whart/OneDrive/Documents/GitHub/Unreal-Engine-C-/Content/MetaHumans/Common/Face/Textures/Simplified/AnimMasks/T_High_FaceWM2_AnimMask01.uexp" 2737
"C:/Users/whart/OneDrive/Documents/GitHub/Unreal-Engine-C-/Content/MetaHumans/Common/Face/Textures/Simplified/AnimMasks/T_High_FaceWM2_AnimMask02.ubulk" 2738
"C:/Users/whart/OneDrive/Documents/GitHub/Unreal-Engine-C-/Content/MetaHumans/Common/Face/Textures/Simplified/AnimMasks/T_High_FaceWM2_AnimMask02.uasset" 2739
"C:/Users/whart/OneDrive/Documents/GitHub/Unreal-Engine-C-/Content/MetaHumans/Common/Face/Textures/Simplified/AnimMasks/T_High_FaceWM2_AnimMask02.uexp" 2740
"C:/Users/whart/OneDrive/Documents/GitHub/Unreal-Engine-C-/Content/MetaHumans/Common/Face/Textures/Simplified/AnimMasks/T_High_FaceWM2_AnimMask03.ubulk" 2741
"C:/Users/whart/OneDrive/Documents/GitHub/Unreal-Engine-C-/Content/MetaHumans/Common/Face/Textures/Simplified/AnimMasks/T_High_FaceWM2_AnimMask03.uasset" 2742
"C:/Users/whart/OneDrive/Documents/GitHub/Unreal-Engine-C-/Content/MetaHumans/Common/Face/Textures/Simplified/AnimMasks/T_High_FaceWM2_AnimMask03.uexp" 2743
"C:/Users/whart/OneDrive/Documents/GitHub/Unreal-Engine-C-/Content/MetaHumans/Common/Face/MaterialFunctions/Head/MF_High_HeadMask02_Simplified.uasset" 2744
"C:/Users/whart/OneDrive/Documents/GitHub/Unreal-Engine-C-/Content/MetaHumans/Common/Face/MaterialFunctions/Head/MF_High_HeadMask02_Simplified.uexp" 2745
"C:/Users/whart/OneDrive/Documents/GitHub/Unreal-Engine-C-/Content/MetaHumans/Common/Face/MaterialFunctions/Head/MF_High_MaskDelta03_Simplified.uasset" 2746
"C:/Users/whart/OneDrive/Documents/GitHub/Unreal-Engine-C-/Content/MetaHumans/Common/Face/MaterialFunctions/Head/MF_High_MaskDelta03_Simplified.uexp" 2747
"C:/Users/whart/OneDrive/Documents/GitHub/Unreal-Engine-C-/Content/MetaHumans/Common/Face/Textures/Simplified/AnimMasks/T_High_FaceWM3_AnimMask01.ubulk" 2748
"C:/Users/whart/OneDrive/Documents/GitHub/Unreal-Engine-C-/Content/MetaHumans/Common/Face/Textures/Simplified/AnimMasks/T_High_FaceWM3_AnimMask01.uasset" 2749
"C:/Users/whart/OneDrive/Documents/GitHub/Unreal-Engine-C-/Content/MetaHumans/Common/Face/Textures/Simplified/AnimMasks/T_High_FaceWM3_AnimMask01.uexp" 2750
"C:/Users/whart/OneDrive/Documents/GitHub/Unreal-Engine-C-/Content/MetaHumans/Common/Face/Textures/Simplified/AnimMasks/T_High_FaceWM3_AnimMask02.ubulk" 2751
"C:/Users/whart/OneDrive/Documents/GitHub/Unreal-Engine-C-/Content/MetaHumans/Common/Face/Textures/Simplified/AnimMasks/T_High_FaceWM3_AnimMask02.uasset" 2752
"C:/Users/whart/OneDrive/Documents/GitHub/Unreal-Engine-C-/Content/MetaHumans/Common/Face/Textures/Simplified/AnimMasks/T_High_FaceWM3_AnimMask02.uexp" 2753
"C:/Users/whart/OneDrive/Documents/GitHub/Unreal-Engine-C-/Content/MetaHumans/Common/Face/MaterialFunctions/Head/MF_High_HeadMask03_Simplified.uasset" 2754
"C:/Users/whart/OneDrive/Documents/GitHub/Unreal-Engine-C-/Content/MetaHumans/Common/Face/MaterialFunctions/Head/MF_High_HeadMask03_Simplified.uexp" 2755
"C:/Users/whart/OneDrive/Documents/GitHub/Unreal-Engine-C-/Content/MetaHumans/Common/Face/MaterialFunctions/Head/MF_High_AnimatedMaps_Simplified.uasset" 2756
"C:/Users/whart/OneDrive/Documents/GitHub/Unreal-Engine-C-/Content/MetaHumans/Common/Face/MaterialFunctions/Head/MF_High_AnimatedMaps_Simplified.uexp" 2757
"C:/Users/whart/OneDrive/Documents/GitHub/Unreal-Engine-C-/Content/MetaHumans/Common/Face/SubsurfaceProfiles/SSP_Head.uasset" 2758
"C:/Users/whart/OneDrive/Documents/GitHub/Unreal-Engine-C-/Content/MetaHumans/Common/Face/SubsurfaceProfiles/SSP_Head.uexp" 2759
"C:/Users/whart/OneDrive/Documents/GitHub/Unreal-Engine-C-/Content/MetaHumans/Common/Shared/Materials/M_MetaHumanSkin_Simplified.uasset" 2760
"C:/Users/whart/OneDrive/Documents/GitHub/Unreal-Engine-C-/Content/MetaHumans/Common/Shared/Materials/M_MetaHumanSkin_Simplified.uexp" 2761
"C:/Users/whart/OneDrive/Documents/GitHub/Unreal-Engine-C-/Content/MetaHumans/Common/Body/Materials/MI_BodySynthesized_Simplified.uasset" 2762
"C:/Users/whart/OneDrive/Documents/GitHub/Unreal-Engine-C-/Content/MetaHumans/Common/Body/Materials/MI_BodySynthesized_Simplified.uexp" 2763
"C:/Users/whart/OneDrive/Documents/GitHub/Unreal-Engine-C-/Content/MetaHumans/Hair1/Body/Textures/T_Body_Specular.ubulk" 2764
"C:/Users/whart/OneDrive/Documents/GitHub/Unreal-Engine-C-/Content/MetaHumans/Hair1/Body/Textures/T_Body_Specular.uasset" 2765
"C:/Users/whart/OneDrive/Documents/GitHub/Unreal-Engine-C-/Content/MetaHumans/Hair1/Body/Textures/T_Body_Specular.uexp" 2766
"C:/Users/whart/OneDrive/Documents/GitHub/Unreal-Engine-C-/Content/MetaHumans/Hair1/Body/Textures/T_Body_Normal.ubulk" 2767
"C:/Users/whart/OneDrive/Documents/GitHub/Unreal-Engine-C-/Content/MetaHumans/Hair1/Body/Textures/T_Body_Normal.uasset" 2768
"C:/Users/whart/OneDrive/Documents/GitHub/Unreal-Engine-C-/Content/MetaHumans/Hair1/Body/Textures/T_Body_Normal.uexp" 2769
"C:/Users/whart/OneDrive/Documents/GitHub/Unreal-Engine-C-/Content/MetaHumans/Hair1/Body/Textures/T_Body_BaseColor.ubulk" 2770
"C:/Users/whart/OneDrive/Documents/GitHub/Unreal-Engine-C-/Content/MetaHumans/Hair1/Body/Textures/T_Body_BaseColor.uasset" 2771
"C:/Users/whart/OneDrive/Documents/GitHub/Unreal-Engine-C-/Content/MetaHumans/Hair1/Body/Textures/T_Body_BaseColor.uexp" 2772
"C:/Users/whart/OneDrive/Documents/GitHub/Unreal-Engine-C-/Content/MetaHumans/Hair1/Body/Materials/MI_BodySynthesized_Simplified.uasset" 2773
"C:/Users/whart/OneDrive/Documents/GitHub/Unreal-Engine-C-/Content/MetaHumans/Hair1/Body/Materials/MI_BodySynthesized_Simplified.uexp" 2774
"C:/Users/whart/OneDrive/Documents/GitHub/Unreal-Engine-C-/Content/MetaHumans/Common/Common/MetaHuman_LODSettings_Medium.uasset" 2775
"C:/Users/whart/OneDrive/Documents/GitHub/Unreal-Engine-C-/Content/MetaHumans/Common/Common/MetaHuman_LODSettings_Medium.uexp" 2776
"C:/Users/whart/OneDrive/Documents/GitHub/Unreal-Engine-C-/Content/MetaHumans/Common/Female/Medium/NormalWeight/Body/metahuman_base_skel.uasset" 2777
"C:/Users/whart/OneDrive/Documents/GitHub/Unreal-Engine-C-/Content/MetaHumans/Common/Female/Medium/NormalWeight/Body/metahuman_base_skel.uexp" 2778
"C:/Users/whart/OneDrive/Documents/GitHub/Unreal-Engine-C-/Content/MetaHumans/Common/Controls/MHGizmoLibrary.uasset" 2779
"C:/Users/whart/OneDrive/Documents/GitHub/Unreal-Engine-C-/Content/MetaHumans/Common/Controls/MHGizmoLibrary.uexp" 2780
"C:/Users/whart/OneDrive/Documents/GitHub/Unreal-Engine-C-/Content/MetaHumans/Common/Face/HeadMovementIK_Proc_CtrlRig.uasset" 2781
"C:/Users/whart/OneDrive/Documents/GitHub/Unreal-Engine-C-/Content/MetaHumans/Common/Face/HeadMovementIK_Proc_CtrlRig.uexp" 2782
"C:/Users/whart/OneDrive/Documents/GitHub/Unreal-Engine-C-/Content/MetaHumans/Common/Common/metahuman_proc_ControlRig.uasset" 2783
"C:/Users/whart/OneDrive/Documents/GitHub/Unreal-Engine-C-/Content/MetaHumans/Common/Common/metahuman_proc_ControlRig.uexp" 2784
"C:/Users/whart/OneDrive/Documents/GitHub/Unreal-Engine-C-/Content/MetaHumans/Common/Male/Medium/NormalWeight/Poses/m_med_nrw_upperarm_r_anim.uasset" 2785
"C:/Users/whart/OneDrive/Documents/GitHub/Unreal-Engine-C-/Content/MetaHumans/Common/Male/Medium/NormalWeight/Poses/m_med_nrw_upperarm_r_anim.m.ubulk" 2786
"C:/Users/whart/OneDrive/Documents/GitHub/Unreal-Engine-C-/Content/MetaHumans/Common/Male/Medium/NormalWeight/Poses/m_med_nrw_upperarm_r_anim.uexp" 2787
"C:/Users/whart/OneDrive/Documents/GitHub/Unreal-Engine-C-/Content/MetaHumans/Common/Male/Medium/NormalWeight/Poses/m_med_nrw_upperarm_r_pose.uasset" 2788
"C:/Users/whart/OneDrive/Documents/GitHub/Unreal-Engine-C-/Content/MetaHumans/Common/Male/Medium/NormalWeight/Poses/m_med_nrw_upperarm_r_pose.uexp" 2789
"C:/Users/whart/OneDrive/Documents/GitHub/Unreal-Engine-C-/Content/MetaHumans/Common/Male/Medium/NormalWeight/Poses/m_med_nrw_upperarm_l_anim.uasset" 2790
"C:/Users/whart/OneDrive/Documents/GitHub/Unreal-Engine-C-/Content/MetaHumans/Common/Male/Medium/NormalWeight/Poses/m_med_nrw_upperarm_l_anim.m.ubulk" 2791
"C:/Users/whart/OneDrive/Documents/GitHub/Unreal-Engine-C-/Content/MetaHumans/Common/Male/Medium/NormalWeight/Poses/m_med_nrw_upperarm_l_anim.uexp" 2792
"C:/Users/whart/OneDrive/Documents/GitHub/Unreal-Engine-C-/Content/MetaHumans/Common/Male/Medium/NormalWeight/Poses/m_med_nrw_upperarm_l_pose.uasset" 2793
"C:/Users/whart/OneDrive/Documents/GitHub/Unreal-Engine-C-/Content/MetaHumans/Common/Male/Medium/NormalWeight/Poses/m_med_nrw_upperarm_l_pose.uexp" 2794
"C:/Users/whart/OneDrive/Documents/GitHub/Unreal-Engine-C-/Content/MetaHumans/Common/Male/Medium/NormalWeight/Poses/m_med_nrw_thumb_03_r_anim.uasset" 2795
"C:/Users/whart/OneDrive/Documents/GitHub/Unreal-Engine-C-/Content/MetaHumans/Common/Male/Medium/NormalWeight/Poses/m_med_nrw_thumb_03_r_anim.m.ubulk" 2796
"C:/Users/whart/OneDrive/Documents/GitHub/Unreal-Engine-C-/Content/MetaHumans/Common/Male/Medium/NormalWeight/Poses/m_med_nrw_thumb_03_r_anim.uexp" 2797
"C:/Users/whart/OneDrive/Documents/GitHub/Unreal-Engine-C-/Content/MetaHumans/Common/Male/Medium/NormalWeight/Poses/m_med_nrw_thumb_03_r_pose.uasset" 2798
"C:/Users/whart/OneDrive/Documents/GitHub/Unreal-Engine-C-/Content/MetaHumans/Common/Male/Medium/NormalWeight/Poses/m_med_nrw_thumb_03_r_pose.uexp" 2799
"C:/Users/whart/OneDrive/Documents/GitHub/Unreal-Engine-C-/Content/MetaHumans/Common/Male/Medium/NormalWeight/Poses/m_med_nrw_thumb_03_l_anim.uasset" 2800
"C:/Users/whart/OneDrive/Documents/GitHub/Unreal-Engine-C-/Content/MetaHumans/Common/Male/Medium/NormalWeight/Poses/m_med_nrw_thumb_03_l_anim.m.ubulk" 2801
"C:/Users/whart/OneDrive/Documents/GitHub/Unreal-Engine-C-/Content/MetaHumans/Common/Male/Medium/NormalWeight/Poses/m_med_nrw_thumb_03_l_anim.uexp" 2802
"C:/Users/whart/OneDrive/Documents/GitHub/Unreal-Engine-C-/Content/MetaHumans/Common/Male/Medium/NormalWeight/Poses/m_med_nrw_thumb_03_l_pose.uasset" 2803
"C:/Users/whart/OneDrive/Documents/GitHub/Unreal-Engine-C-/Content/MetaHumans/Common/Male/Medium/NormalWeight/Poses/m_med_nrw_thumb_03_l_pose.uexp" 2804
"C:/Users/whart/OneDrive/Documents/GitHub/Unreal-Engine-C-/Content/MetaHumans/Common/Male/Medium/NormalWeight/Poses/m_med_nrw_thumb_02_r_anim.uasset" 2805
"C:/Users/whart/OneDrive/Documents/GitHub/Unreal-Engine-C-/Content/MetaHumans/Common/Male/Medium/NormalWeight/Poses/m_med_nrw_thumb_02_r_anim.m.ubulk" 2806
"C:/Users/whart/OneDrive/Documents/GitHub/Unreal-Engine-C-/Content/MetaHumans/Common/Male/Medium/NormalWeight/Poses/m_med_nrw_thumb_02_r_anim.uexp" 2807
"C:/Users/whart/OneDrive/Documents/GitHub/Unreal-Engine-C-/Content/MetaHumans/Common/Male/Medium/NormalWeight/Poses/m_med_nrw_thumb_02_r_pose.uasset" 2808
"C:/Users/whart/OneDrive/Documents/GitHub/Unreal-Engine-C-/Content/MetaHumans/Common/Male/Medium/NormalWeight/Poses/m_med_nrw_thumb_02_r_pose.uexp" 2809
"C:/Users/whart/OneDrive/Documents/GitHub/Unreal-Engine-C-/Content/MetaHumans/Common/Male/Medium/NormalWeight/Poses/m_med_nrw_thumb_02_l_anim.uasset" 2810
"C:/Users/whart/OneDrive/Documents/GitHub/Unreal-Engine-C-/Content/MetaHumans/Common/Male/Medium/NormalWeight/Poses/m_med_nrw_thumb_02_l_anim.m.ubulk" 2811
"C:/Users/whart/OneDrive/Documents/GitHub/Unreal-Engine-C-/Content/MetaHumans/Common/Male/Medium/NormalWeight/Poses/m_med_nrw_thumb_02_l_anim.uexp" 2812
"C:/Users/whart/OneDrive/Documents/GitHub/Unreal-Engine-C-/Content/MetaHumans/Common/Male/Medium/NormalWeight/Poses/m_med_nrw_thumb_02_l_pose.uasset" 2813
"C:/Users/whart/OneDrive/Documents/GitHub/Unreal-Engine-C-/Content/MetaHumans/Common/Male/Medium/NormalWeight/Poses/m_med_nrw_thumb_02_l_pose.uexp" 2814
"C:/Users/whart/OneDrive/Documents/GitHub/Unreal-Engine-C-/Content/MetaHumans/Common/Male/Medium/NormalWeight/Poses/m_med_nrw_thumb_01_r_anim.uasset" 2815
"C:/Users/whart/OneDrive/Documents/GitHub/Unreal-Engine-C-/Content/MetaHumans/Common/Male/Medium/NormalWeight/Poses/m_med_nrw_thumb_01_r_anim.m.ubulk" 2816
"C:/Users/whart/OneDrive/Documents/GitHub/Unreal-Engine-C-/Content/MetaHumans/Common/Male/Medium/NormalWeight/Poses/m_med_nrw_thumb_01_r_anim.uexp" 2817
"C:/Users/whart/OneDrive/Documents/GitHub/Unreal-Engine-C-/Content/MetaHumans/Common/Male/Medium/NormalWeight/Poses/m_med_nrw_thumb_01_r_pose.uasset" 2818
"C:/Users/whart/OneDrive/Documents/GitHub/Unreal-Engine-C-/Content/MetaHumans/Common/Male/Medium/NormalWeight/Poses/m_med_nrw_thumb_01_r_pose.uexp" 2819
"C:/Users/whart/OneDrive/Documents/GitHub/Unreal-Engine-C-/Content/MetaHumans/Common/Male/Medium/NormalWeight/Poses/m_med_nrw_thumb_01_l_anim.uasset" 2820
"C:/Users/whart/OneDrive/Documents/GitHub/Unreal-Engine-C-/Content/MetaHumans/Common/Male/Medium/NormalWeight/Poses/m_med_nrw_thumb_01_l_anim.m.ubulk" 2821
"C:/Users/whart/OneDrive/Documents/GitHub/Unreal-Engine-C-/Content/MetaHumans/Common/Male/Medium/NormalWeight/Poses/m_med_nrw_thumb_01_l_anim.uexp" 2822
"C:/Users/whart/OneDrive/Documents/GitHub/Unreal-Engine-C-/Content/MetaHumans/Common/Male/Medium/NormalWeight/Poses/m_med_nrw_thumb_01_l_pose.uasset" 2823
"C:/Users/whart/OneDrive/Documents/GitHub/Unreal-Engine-C-/Content/MetaHumans/Common/Male/Medium/NormalWeight/Poses/m_med_nrw_thumb_01_l_pose.uexp" 2824
"C:/Users/whart/OneDrive/Documents/GitHub/Unreal-Engine-C-/Content/MetaHumans/Common/Male/Medium/NormalWeight/Poses/m_med_nrw_thigh_r_anim.uasset" 2825
"C:/Users/whart/OneDrive/Documents/GitHub/Unreal-Engine-C-/Content/MetaHumans/Common/Male/Medium/NormalWeight/Poses/m_med_nrw_thigh_r_anim.m.ubulk" 2826
"C:/Users/whart/OneDrive/Documents/GitHub/Unreal-Engine-C-/Content/MetaHumans/Common/Male/Medium/NormalWeight/Poses/m_med_nrw_thigh_r_anim.uexp" 2827
"C:/Users/whart/OneDrive/Documents/GitHub/Unreal-Engine-C-/Content/MetaHumans/Common/Male/Medium/NormalWeight/Poses/m_med_nrw_thigh_r_pose.uasset" 2828
"C:/Users/whart/OneDrive/Documents/GitHub/Unreal-Engine-C-/Content/MetaHumans/Common/Male/Medium/NormalWeight/Poses/m_med_nrw_thigh_r_pose.uexp" 2829
"C:/Users/whart/OneDrive/Documents/GitHub/Unreal-Engine-C-/Content/MetaHumans/Common/Male/Medium/NormalWeight/Poses/m_med_nrw_thigh_l_anim.uasset" 2830
"C:/Users/whart/OneDrive/Documents/GitHub/Unreal-Engine-C-/Content/MetaHumans/Common/Male/Medium/NormalWeight/Poses/m_med_nrw_thigh_l_anim.m.ubulk" 2831
"C:/Users/whart/OneDrive/Documents/GitHub/Unreal-Engine-C-/Content/MetaHumans/Common/Male/Medium/NormalWeight/Poses/m_med_nrw_thigh_l_anim.uexp" 2832
"C:/Users/whart/OneDrive/Documents/GitHub/Unreal-Engine-C-/Content/MetaHumans/Common/Male/Medium/NormalWeight/Poses/m_med_nrw_thigh_l_pose.uasset" 2833
"C:/Users/whart/OneDrive/Documents/GitHub/Unreal-Engine-C-/Content/MetaHumans/Common/Male/Medium/NormalWeight/Poses/m_med_nrw_thigh_l_pose.uexp" 2834
"C:/Users/whart/OneDrive/Documents/GitHub/Unreal-Engine-C-/Content/MetaHumans/Common/Male/Medium/NormalWeight/Poses/m_med_nrw_ring_03_r_anim.uasset" 2835
"C:/Users/whart/OneDrive/Documents/GitHub/Unreal-Engine-C-/Content/MetaHumans/Common/Male/Medium/NormalWeight/Poses/m_med_nrw_ring_03_r_anim.m.ubulk" 2836
"C:/Users/whart/OneDrive/Documents/GitHub/Unreal-Engine-C-/Content/MetaHumans/Common/Male/Medium/NormalWeight/Poses/m_med_nrw_ring_03_r_anim.uexp" 2837
"C:/Users/whart/OneDrive/Documents/GitHub/Unreal-Engine-C-/Content/MetaHumans/Common/Male/Medium/NormalWeight/Poses/m_med_nrw_ring_03_r_pose.uasset" 2838
"C:/Users/whart/OneDrive/Documents/GitHub/Unreal-Engine-C-/Content/MetaHumans/Common/Male/Medium/NormalWeight/Poses/m_med_nrw_ring_03_r_pose.uexp" 2839
"C:/Users/whart/OneDrive/Documents/GitHub/Unreal-Engine-C-/Content/MetaHumans/Common/Male/Medium/NormalWeight/Poses/m_med_nrw_ring_03_l_anim.uasset" 2840
"C:/Users/whart/OneDrive/Documents/GitHub/Unreal-Engine-C-/Content/MetaHumans/Common/Male/Medium/NormalWeight/Poses/m_med_nrw_ring_03_l_anim.m.ubulk" 2841
"C:/Users/whart/OneDrive/Documents/GitHub/Unreal-Engine-C-/Content/MetaHumans/Common/Male/Medium/NormalWeight/Poses/m_med_nrw_ring_03_l_anim.uexp" 2842
"C:/Users/whart/OneDrive/Documents/GitHub/Unreal-Engine-C-/Content/MetaHumans/Common/Male/Medium/NormalWeight/Poses/m_med_nrw_ring_03_l_pose.uasset" 2843
"C:/Users/whart/OneDrive/Documents/GitHub/Unreal-Engine-C-/Content/MetaHumans/Common/Male/Medium/NormalWeight/Poses/m_med_nrw_ring_03_l_pose.uexp" 2844
"C:/Users/whart/OneDrive/Documents/GitHub/Unreal-Engine-C-/Content/MetaHumans/Common/Male/Medium/NormalWeight/Poses/m_med_nrw_ring_02_r_anim.uasset" 2845
"C:/Users/whart/OneDrive/Documents/GitHub/Unreal-Engine-C-/Content/MetaHumans/Common/Male/Medium/NormalWeight/Poses/m_med_nrw_ring_02_r_anim.m.ubulk" 2846
"C:/Users/whart/OneDrive/Documents/GitHub/Unreal-Engine-C-/Content/MetaHumans/Common/Male/Medium/NormalWeight/Poses/m_med_nrw_ring_02_r_anim.uexp" 2847
"C:/Users/whart/OneDrive/Documents/GitHub/Unreal-Engine-C-/Content/MetaHumans/Common/Male/Medium/NormalWeight/Poses/m_med_nrw_ring_02_r_pose.uasset" 2848
"C:/Users/whart/OneDrive/Documents/GitHub/Unreal-Engine-C-/Content/MetaHumans/Common/Male/Medium/NormalWeight/Poses/m_med_nrw_ring_02_r_pose.uexp" 2849
"C:/Users/whart/OneDrive/Documents/GitHub/Unreal-Engine-C-/Content/MetaHumans/Common/Male/Medium/NormalWeight/Poses/m_med_nrw_ring_02_l_anim.uasset" 2850
"C:/Users/whart/OneDrive/Documents/GitHub/Unreal-Engine-C-/Content/MetaHumans/Common/Male/Medium/NormalWeight/Poses/m_med_nrw_ring_02_l_anim.m.ubulk" 2851
"C:/Users/whart/OneDrive/Documents/GitHub/Unreal-Engine-C-/Content/MetaHumans/Common/Male/Medium/NormalWeight/Poses/m_med_nrw_ring_02_l_anim.uexp" 2852
"C:/Users/whart/OneDrive/Documents/GitHub/Unreal-Engine-C-/Content/MetaHumans/Common/Male/Medium/NormalWeight/Poses/m_med_nrw_ring_02_l_pose.uasset" 2853
"C:/Users/whart/OneDrive/Documents/GitHub/Unreal-Engine-C-/Content/MetaHumans/Common/Male/Medium/NormalWeight/Poses/m_med_nrw_ring_02_l_pose.uexp" 2854
"C:/Users/whart/OneDrive/Documents/GitHub/Unreal-Engine-C-/Content/MetaHumans/Common/Male/Medium/NormalWeight/Poses/m_med_nrw_ring_01_r_anim.uasset" 2855
"C:/Users/whart/OneDrive/Documents/GitHub/Unreal-Engine-C-/Content/MetaHumans/Common/Male/Medium/NormalWeight/Poses/m_med_nrw_ring_01_r_anim.m.ubulk" 2856
"C:/Users/whart/OneDrive/Documents/GitHub/Unreal-Engine-C-/Content/MetaHumans/Common/Male/Medium/NormalWeight/Poses/m_med_nrw_ring_01_r_anim.uexp" 2857
"C:/Users/whart/OneDrive/Documents/GitHub/Unreal-Engine-C-/Content/MetaHumans/Common/Male/Medium/NormalWeight/Poses/m_med_nrw_ring_01_r_pose.uasset" 2858
"C:/Users/whart/OneDrive/Documents/GitHub/Unreal-Engine-C-/Content/MetaHumans/Common/Male/Medium/NormalWeight/Poses/m_med_nrw_ring_01_r_pose.uexp" 2859
"C:/Users/whart/OneDrive/Documents/GitHub/Unreal-Engine-C-/Content/MetaHumans/Common/Male/Medium/NormalWeight/Poses/m_med_nrw_ring_01_l_anim.uasset" 2860
"C:/Users/whart/OneDrive/Documents/GitHub/Unreal-Engine-C-/Content/MetaHumans/Common/Male/Medium/NormalWeight/Poses/m_med_nrw_ring_01_l_anim.m.ubulk" 2861
"C:/Users/whart/OneDrive/Documents/GitHub/Unreal-Engine-C-/Content/MetaHumans/Common/Male/Medium/NormalWeight/Poses/m_med_nrw_ring_01_l_anim.uexp" 2862
"C:/Users/whart/OneDrive/Documents/GitHub/Unreal-Engine-C-/Content/MetaHumans/Common/Male/Medium/NormalWeight/Poses/m_med_nrw_ring_01_l_pose.uasset" 2863
"C:/Users/whart/OneDrive/Documents/GitHub/Unreal-Engine-C-/Content/MetaHumans/Common/Male/Medium/NormalWeight/Poses/m_med_nrw_ring_01_l_pose.uexp" 2864
"C:/Users/whart/OneDrive/Documents/GitHub/Unreal-Engine-C-/Content/MetaHumans/Common/Male/Medium/NormalWeight/Poses/m_med_nrw_pinky_03_r_anim.uasset" 2865
"C:/Users/whart/OneDrive/Documents/GitHub/Unreal-Engine-C-/Content/MetaHumans/Common/Male/Medium/NormalWeight/Poses/m_med_nrw_pinky_03_r_anim.m.ubulk" 2866
"C:/Users/whart/OneDrive/Documents/GitHub/Unreal-Engine-C-/Content/MetaHumans/Common/Male/Medium/NormalWeight/Poses/m_med_nrw_pinky_03_r_anim.uexp" 2867
"C:/Users/whart/OneDrive/Documents/GitHub/Unreal-Engine-C-/Content/MetaHumans/Common/Male/Medium/NormalWeight/Poses/m_med_nrw_pinky_03_r_pose.uasset" 2868
"C:/Users/whart/OneDrive/Documents/GitHub/Unreal-Engine-C-/Content/MetaHumans/Common/Male/Medium/NormalWeight/Poses/m_med_nrw_pinky_03_r_pose.uexp" 2869
"C:/Users/whart/OneDrive/Documents/GitHub/Unreal-Engine-C-/Content/MetaHumans/Common/Male/Medium/NormalWeight/Poses/m_med_nrw_pinky_03_l_anim.uasset" 2870
"C:/Users/whart/OneDrive/Documents/GitHub/Unreal-Engine-C-/Content/MetaHumans/Common/Male/Medium/NormalWeight/Poses/m_med_nrw_pinky_03_l_anim.m.ubulk" 2871
"C:/Users/whart/OneDrive/Documents/GitHub/Unreal-Engine-C-/Content/MetaHumans/Common/Male/Medium/NormalWeight/Poses/m_med_nrw_pinky_03_l_anim.uexp" 2872
"C:/Users/whart/OneDrive/Documents/GitHub/Unreal-Engine-C-/Content/MetaHumans/Common/Male/Medium/NormalWeight/Poses/m_med_nrw_pinky_03_l_pose.uasset" 2873
"C:/Users/whart/OneDrive/Documents/GitHub/Unreal-Engine-C-/Content/MetaHumans/Common/Male/Medium/NormalWeight/Poses/m_med_nrw_pinky_03_l_pose.uexp" 2874
"C:/Users/whart/OneDrive/Documents/GitHub/Unreal-Engine-C-/Content/MetaHumans/Common/Male/Medium/NormalWeight/Poses/m_med_nrw_pinky_02_r_anim.uasset" 2875
"C:/Users/whart/OneDrive/Documents/GitHub/Unreal-Engine-C-/Content/MetaHumans/Common/Male/Medium/NormalWeight/Poses/m_med_nrw_pinky_02_r_anim.m.ubulk" 2876
"C:/Users/whart/OneDrive/Documents/GitHub/Unreal-Engine-C-/Content/MetaHumans/Common/Male/Medium/NormalWeight/Poses/m_med_nrw_pinky_02_r_anim.uexp" 2877
"C:/Users/whart/OneDrive/Documents/GitHub/Unreal-Engine-C-/Content/MetaHumans/Common/Male/Medium/NormalWeight/Poses/m_med_nrw_pinky_02_r_pose.uasset" 2878
"C:/Users/whart/OneDrive/Documents/GitHub/Unreal-Engine-C-/Content/MetaHumans/Common/Male/Medium/NormalWeight/Poses/m_med_nrw_pinky_02_r_pose.uexp" 2879
"C:/Users/whart/OneDrive/Documents/GitHub/Unreal-Engine-C-/Content/MetaHumans/Common/Male/Medium/NormalWeight/Poses/m_med_nrw_pinky_02_l_anim.uasset" 2880
"C:/Users/whart/OneDrive/Documents/GitHub/Unreal-Engine-C-/Content/MetaHumans/Common/Male/Medium/NormalWeight/Poses/m_med_nrw_pinky_02_l_anim.m.ubulk" 2881
"C:/Users/whart/OneDrive/Documents/GitHub/Unreal-Engine-C-/Content/MetaHumans/Common/Male/Medium/NormalWeight/Poses/m_med_nrw_pinky_02_l_anim.uexp" 2882
"C:/Users/whart/OneDrive/Documents/GitHub/Unreal-Engine-C-/Content/MetaHumans/Common/Male/Medium/NormalWeight/Poses/m_med_nrw_pinky_02_l_pose.uasset" 2883
"C:/Users/whart/OneDrive/Documents/GitHub/Unreal-Engine-C-/Content/MetaHumans/Common/Male/Medium/NormalWeight/Poses/m_med_nrw_pinky_02_l_pose.uexp" 2884
"C:/Users/whart/OneDrive/Documents/GitHub/Unreal-Engine-C-/Content/MetaHumans/Common/Male/Medium/NormalWeight/Poses/m_med_nrw_pinky_01_r_anim.uasset" 2885
"C:/Users/whart/OneDrive/Documents/GitHub/Unreal-Engine-C-/Content/MetaHumans/Common/Male/Medium/NormalWeight/Poses/m_med_nrw_pinky_01_r_anim.m.ubulk" 2886
"C:/Users/whart/OneDrive/Documents/GitHub/Unreal-Engine-C-/Content/MetaHumans/Common/Male/Medium/NormalWeight/Poses/m_med_nrw_pinky_01_r_anim.uexp" 2887
"C:/Users/whart/OneDrive/Documents/GitHub/Unreal-Engine-C-/Content/MetaHumans/Common/Male/Medium/NormalWeight/Poses/m_med_nrw_pinky_01_r_pose.uasset" 2888
"C:/Users/whart/OneDrive/Documents/GitHub/Unreal-Engine-C-/Content/MetaHumans/Common/Male/Medium/NormalWeight/Poses/m_med_nrw_pinky_01_r_pose.uexp" 2889
"C:/Users/whart/OneDrive/Documents/GitHub/Unreal-Engine-C-/Content/MetaHumans/Common/Male/Medium/NormalWeight/Poses/m_med_nrw_pinky_01_l_anim.uasset" 2890
"C:/Users/whart/OneDrive/Documents/GitHub/Unreal-Engine-C-/Content/MetaHumans/Common/Male/Medium/NormalWeight/Poses/m_med_nrw_pinky_01_l_anim.m.ubulk" 2891
"C:/Users/whart/OneDrive/Documents/GitHub/Unreal-Engine-C-/Content/MetaHumans/Common/Male/Medium/NormalWeight/Poses/m_med_nrw_pinky_01_l_anim.uexp" 2892
"C:/Users/whart/OneDrive/Documents/GitHub/Unreal-Engine-C-/Content/MetaHumans/Common/Male/Medium/NormalWeight/Poses/m_med_nrw_pinky_01_l_pose.uasset" 2893
"C:/Users/whart/OneDrive/Documents/GitHub/Unreal-Engine-C-/Content/MetaHumans/Common/Male/Medium/NormalWeight/Poses/m_med_nrw_pinky_01_l_pose.uexp" 2894
"C:/Users/whart/OneDrive/Documents/GitHub/Unreal-Engine-C-/Content/MetaHumans/Common/Male/Medium/NormalWeight/Poses/m_med_nrw_middle_03_r_anim.uasset" 2895
"C:/Users/whart/OneDrive/Documents/GitHub/Unreal-Engine-C-/Content/MetaHumans/Common/Male/Medium/NormalWeight/Poses/m_med_nrw_middle_03_r_anim.m.ubulk" 2896
"C:/Users/whart/OneDrive/Documents/GitHub/Unreal-Engine-C-/Content/MetaHumans/Common/Male/Medium/NormalWeight/Poses/m_med_nrw_middle_03_r_anim.uexp" 2897
"C:/Users/whart/OneDrive/Documents/GitHub/Unreal-Engine-C-/Content/MetaHumans/Common/Male/Medium/NormalWeight/Poses/m_med_nrw_middle_03_r_pose.uasset" 2898
"C:/Users/whart/OneDrive/Documents/GitHub/Unreal-Engine-C-/Content/MetaHumans/Common/Male/Medium/NormalWeight/Poses/m_med_nrw_middle_03_r_pose.uexp" 2899
"C:/Users/whart/OneDrive/Documents/GitHub/Unreal-Engine-C-/Content/MetaHumans/Common/Male/Medium/NormalWeight/Poses/m_med_nrw_middle_03_l_anim.uasset" 2900
"C:/Users/whart/OneDrive/Documents/GitHub/Unreal-Engine-C-/Content/MetaHumans/Common/Male/Medium/NormalWeight/Poses/m_med_nrw_middle_03_l_anim.m.ubulk" 2901
"C:/Users/whart/OneDrive/Documents/GitHub/Unreal-Engine-C-/Content/MetaHumans/Common/Male/Medium/NormalWeight/Poses/m_med_nrw_middle_03_l_anim.uexp" 2902
"C:/Users/whart/OneDrive/Documents/GitHub/Unreal-Engine-C-/Content/MetaHumans/Common/Male/Medium/NormalWeight/Poses/m_med_nrw_middle_03_l_pose.uasset" 2903
"C:/Users/whart/OneDrive/Documents/GitHub/Unreal-Engine-C-/Content/MetaHumans/Common/Male/Medium/NormalWeight/Poses/m_med_nrw_middle_03_l_pose.uexp" 2904
"C:/Users/whart/OneDrive/Documents/GitHub/Unreal-Engine-C-/Content/MetaHumans/Common/Male/Medium/NormalWeight/Poses/m_med_nrw_middle_02_r_anim.uasset" 2905
"C:/Users/whart/OneDrive/Documents/GitHub/Unreal-Engine-C-/Content/MetaHumans/Common/Male/Medium/NormalWeight/Poses/m_med_nrw_middle_02_r_anim.m.ubulk" 2906
"C:/Users/whart/OneDrive/Documents/GitHub/Unreal-Engine-C-/Content/MetaHumans/Common/Male/Medium/NormalWeight/Poses/m_med_nrw_middle_02_r_anim.uexp" 2907
"C:/Users/whart/OneDrive/Documents/GitHub/Unreal-Engine-C-/Content/MetaHumans/Common/Male/Medium/NormalWeight/Poses/m_med_nrw_middle_02_r_pose.uasset" 2908
"C:/Users/whart/OneDrive/Documents/GitHub/Unreal-Engine-C-/Content/MetaHumans/Common/Male/Medium/NormalWeight/Poses/m_med_nrw_middle_02_r_pose.uexp" 2909
"C:/Users/whart/OneDrive/Documents/GitHub/Unreal-Engine-C-/Content/MetaHumans/Common/Male/Medium/NormalWeight/Poses/m_med_nrw_middle_02_l_anim.uasset" 2910
"C:/Users/whart/OneDrive/Documents/GitHub/Unreal-Engine-C-/Content/MetaHumans/Common/Male/Medium/NormalWeight/Poses/m_med_nrw_middle_02_l_anim.m.ubulk" 2911
"C:/Users/whart/OneDrive/Documents/GitHub/Unreal-Engine-C-/Content/MetaHumans/Common/Male/Medium/NormalWeight/Poses/m_med_nrw_middle_02_l_anim.uexp" 2912
"C:/Users/whart/OneDrive/Documents/GitHub/Unreal-Engine-C-/Content/MetaHumans/Common/Male/Medium/NormalWeight/Poses/m_med_nrw_middle_02_l_pose.uasset" 2913
"C:/Users/whart/OneDrive/Documents/GitHub/Unreal-Engine-C-/Content/MetaHumans/Common/Male/Medium/NormalWeight/Poses/m_med_nrw_middle_02_l_pose.uexp" 2914
"C:/Users/whart/OneDrive/Documents/GitHub/Unreal-Engine-C-/Content/MetaHumans/Common/Male/Medium/NormalWeight/Poses/m_med_nrw_middle_01_r_anim.uasset" 2915
"C:/Users/whart/OneDrive/Documents/GitHub/Unreal-Engine-C-/Content/MetaHumans/Common/Male/Medium/NormalWeight/Poses/m_med_nrw_middle_01_r_anim.m.ubulk" 2916
"C:/Users/whart/OneDrive/Documents/GitHub/Unreal-Engine-C-/Content/MetaHumans/Common/Male/Medium/NormalWeight/Poses/m_med_nrw_middle_01_r_anim.uexp" 2917
"C:/Users/whart/OneDrive/Documents/GitHub/Unreal-Engine-C-/Content/MetaHumans/Common/Male/Medium/NormalWeight/Poses/m_med_nrw_middle_01_r_pose.uasset" 2918
"C:/Users/whart/OneDrive/Documents/GitHub/Unreal-Engine-C-/Content/MetaHumans/Common/Male/Medium/NormalWeight/Poses/m_med_nrw_middle_01_r_pose.uexp" 2919
"C:/Users/whart/OneDrive/Documents/GitHub/Unreal-Engine-C-/Content/MetaHumans/Common/Male/Medium/NormalWeight/Poses/m_med_nrw_middle_01_l_anim.uasset" 2920
"C:/Users/whart/OneDrive/Documents/GitHub/Unreal-Engine-C-/Content/MetaHumans/Common/Male/Medium/NormalWeight/Poses/m_med_nrw_middle_01_l_anim.m.ubulk" 2921
"C:/Users/whart/OneDrive/Documents/GitHub/Unreal-Engine-C-/Content/MetaHumans/Common/Male/Medium/NormalWeight/Poses/m_med_nrw_middle_01_l_anim.uexp" 2922
"C:/Users/whart/OneDrive/Documents/GitHub/Unreal-Engine-C-/Content/MetaHumans/Common/Male/Medium/NormalWeight/Poses/m_med_nrw_middle_01_l_pose.uasset" 2923
"C:/Users/whart/OneDrive/Documents/GitHub/Unreal-Engine-C-/Content/MetaHumans/Common/Male/Medium/NormalWeight/Poses/m_med_nrw_middle_01_l_pose.uexp" 2924
"C:/Users/whart/OneDrive/Documents/GitHub/Unreal-Engine-C-/Content/MetaHumans/Common/Male/Medium/NormalWeight/Poses/m_med_nrw_lowerarm_r_anim.uasset" 2925
"C:/Users/whart/OneDrive/Documents/GitHub/Unreal-Engine-C-/Content/MetaHumans/Common/Male/Medium/NormalWeight/Poses/m_med_nrw_lowerarm_r_anim.m.ubulk" 2926
"C:/Users/whart/OneDrive/Documents/GitHub/Unreal-Engine-C-/Content/MetaHumans/Common/Male/Medium/NormalWeight/Poses/m_med_nrw_lowerarm_r_anim.uexp" 2927
"C:/Users/whart/OneDrive/Documents/GitHub/Unreal-Engine-C-/Content/MetaHumans/Common/Male/Medium/NormalWeight/Poses/m_med_nrw_lowerarm_r_pose.uasset" 2928
"C:/Users/whart/OneDrive/Documents/GitHub/Unreal-Engine-C-/Content/MetaHumans/Common/Male/Medium/NormalWeight/Poses/m_med_nrw_lowerarm_r_pose.uexp" 2929
"C:/Users/whart/OneDrive/Documents/GitHub/Unreal-Engine-C-/Content/MetaHumans/Common/Male/Medium/NormalWeight/Poses/m_med_nrw_lowerarm_l_anim.uasset" 2930
"C:/Users/whart/OneDrive/Documents/GitHub/Unreal-Engine-C-/Content/MetaHumans/Common/Male/Medium/NormalWeight/Poses/m_med_nrw_lowerarm_l_anim.m.ubulk" 2931
"C:/Users/whart/OneDrive/Documents/GitHub/Unreal-Engine-C-/Content/MetaHumans/Common/Male/Medium/NormalWeight/Poses/m_med_nrw_lowerarm_l_anim.uexp" 2932
"C:/Users/whart/OneDrive/Documents/GitHub/Unreal-Engine-C-/Content/MetaHumans/Common/Male/Medium/NormalWeight/Poses/m_med_nrw_lowerarm_l_pose.uasset" 2933
"C:/Users/whart/OneDrive/Documents/GitHub/Unreal-Engine-C-/Content/MetaHumans/Common/Male/Medium/NormalWeight/Poses/m_med_nrw_lowerarm_l_pose.uexp" 2934
"C:/Users/whart/OneDrive/Documents/GitHub/Unreal-Engine-C-/Content/MetaHumans/Common/Male/Medium/NormalWeight/Poses/m_med_nrw_index_03_r_anim.uasset" 2935
"C:/Users/whart/OneDrive/Documents/GitHub/Unreal-Engine-C-/Content/MetaHumans/Common/Male/Medium/NormalWeight/Poses/m_med_nrw_index_03_r_anim.m.ubulk" 2936
"C:/Users/whart/OneDrive/Documents/GitHub/Unreal-Engine-C-/Content/MetaHumans/Common/Male/Medium/NormalWeight/Poses/m_med_nrw_index_03_r_anim.uexp" 2937
"C:/Users/whart/OneDrive/Documents/GitHub/Unreal-Engine-C-/Content/MetaHumans/Common/Male/Medium/NormalWeight/Poses/m_med_nrw_index_03_r_pose.uasset" 2938
"C:/Users/whart/OneDrive/Documents/GitHub/Unreal-Engine-C-/Content/MetaHumans/Common/Male/Medium/NormalWeight/Poses/m_med_nrw_index_03_r_pose.uexp" 2939
"C:/Users/whart/OneDrive/Documents/GitHub/Unreal-Engine-C-/Content/MetaHumans/Common/Male/Medium/NormalWeight/Poses/m_med_nrw_index_03_l_anim.uasset" 2940
"C:/Users/whart/OneDrive/Documents/GitHub/Unreal-Engine-C-/Content/MetaHumans/Common/Male/Medium/NormalWeight/Poses/m_med_nrw_index_03_l_anim.m.ubulk" 2941
"C:/Users/whart/OneDrive/Documents/GitHub/Unreal-Engine-C-/Content/MetaHumans/Common/Male/Medium/NormalWeight/Poses/m_med_nrw_index_03_l_anim.uexp" 2942
"C:/Users/whart/OneDrive/Documents/GitHub/Unreal-Engine-C-/Content/MetaHumans/Common/Male/Medium/NormalWeight/Poses/m_med_nrw_index_03_l_pose.uasset" 2943
"C:/Users/whart/OneDrive/Documents/GitHub/Unreal-Engine-C-/Content/MetaHumans/Common/Male/Medium/NormalWeight/Poses/m_med_nrw_index_03_l_pose.uexp" 2944
"C:/Users/whart/OneDrive/Documents/GitHub/Unreal-Engine-C-/Content/MetaHumans/Common/Male/Medium/NormalWeight/Poses/m_med_nrw_index_02_r_anim.uasset" 2945
"C:/Users/whart/OneDrive/Documents/GitHub/Unreal-Engine-C-/Content/MetaHumans/Common/Male/Medium/NormalWeight/Poses/m_med_nrw_index_02_r_anim.m.ubulk" 2946
"C:/Users/whart/OneDrive/Documents/GitHub/Unreal-Engine-C-/Content/MetaHumans/Common/Male/Medium/NormalWeight/Poses/m_med_nrw_index_02_r_anim.uexp" 2947
"C:/Users/whart/OneDrive/Documents/GitHub/Unreal-Engine-C-/Content/MetaHumans/Common/Male/Medium/NormalWeight/Poses/m_med_nrw_index_02_r_pose.uasset" 2948
"C:/Users/whart/OneDrive/Documents/GitHub/Unreal-Engine-C-/Content/MetaHumans/Common/Male/Medium/NormalWeight/Poses/m_med_nrw_index_02_r_pose.uexp" 2949
"C:/Users/whart/OneDrive/Documents/GitHub/Unreal-Engine-C-/Content/MetaHumans/Common/Male/Medium/NormalWeight/Poses/m_med_nrw_index_02_l_anim.uasset" 2950
"C:/Users/whart/OneDrive/Documents/GitHub/Unreal-Engine-C-/Content/MetaHumans/Common/Male/Medium/NormalWeight/Poses/m_med_nrw_index_02_l_anim.m.ubulk" 2951
"C:/Users/whart/OneDrive/Documents/GitHub/Unreal-Engine-C-/Content/MetaHumans/Common/Male/Medium/NormalWeight/Poses/m_med_nrw_index_02_l_anim.uexp" 2952
"C:/Users/whart/OneDrive/Documents/GitHub/Unreal-Engine-C-/Content/MetaHumans/Common/Male/Medium/NormalWeight/Poses/m_med_nrw_index_02_l_pose.uasset" 2953
"C:/Users/whart/OneDrive/Documents/GitHub/Unreal-Engine-C-/Content/MetaHumans/Common/Male/Medium/NormalWeight/Poses/m_med_nrw_index_02_l_pose.uexp" 2954
"C:/Users/whart/OneDrive/Documents/GitHub/Unreal-Engine-C-/Content/MetaHumans/Common/Male/Medium/NormalWeight/Poses/m_med_nrw_index_01_r_anim.uasset" 2955
"C:/Users/whart/OneDrive/Documents/GitHub/Unreal-Engine-C-/Content/MetaHumans/Common/Male/Medium/NormalWeight/Poses/m_med_nrw_index_01_r_anim.m.ubulk" 2956
"C:/Users/whart/OneDrive/Documents/GitHub/Unreal-Engine-C-/Content/MetaHumans/Common/Male/Medium/NormalWeight/Poses/m_med_nrw_index_01_r_anim.uexp" 2957
"C:/Users/whart/OneDrive/Documents/GitHub/Unreal-Engine-C-/Content/MetaHumans/Common/Male/Medium/NormalWeight/Poses/m_med_nrw_index_01_r_pose.uasset" 2958
"C:/Users/whart/OneDrive/Documents/GitHub/Unreal-Engine-C-/Content/MetaHumans/Common/Male/Medium/NormalWeight/Poses/m_med_nrw_index_01_r_pose.uexp" 2959
"C:/Users/whart/OneDrive/Documents/GitHub/Unreal-Engine-C-/Content/MetaHumans/Common/Male/Medium/NormalWeight/Poses/m_med_nrw_index_01_l_anim.uasset" 2960
"C:/Users/whart/OneDrive/Documents/GitHub/Unreal-Engine-C-/Content/MetaHumans/Common/Male/Medium/NormalWeight/Poses/m_med_nrw_index_01_l_anim.m.ubulk" 2961
"C:/Users/whart/OneDrive/Documents/GitHub/Unreal-Engine-C-/Content/MetaHumans/Common/Male/Medium/NormalWeight/Poses/m_med_nrw_index_01_l_anim.uexp" 2962
"C:/Users/whart/OneDrive/Documents/GitHub/Unreal-Engine-C-/Content/MetaHumans/Common/Male/Medium/NormalWeight/Poses/m_med_nrw_index_01_l_pose.uasset" 2963
"C:/Users/whart/OneDrive/Documents/GitHub/Unreal-Engine-C-/Content/MetaHumans/Common/Male/Medium/NormalWeight/Poses/m_med_nrw_index_01_l_pose.uexp" 2964
"C:/Users/whart/OneDrive/Documents/GitHub/Unreal-Engine-C-/Content/MetaHumans/Common/Male/Medium/NormalWeight/Poses/m_med_nrw_hand_r_anim.uasset" 2965
"C:/Users/whart/OneDrive/Documents/GitHub/Unreal-Engine-C-/Content/MetaHumans/Common/Male/Medium/NormalWeight/Poses/m_med_nrw_hand_r_anim.m.ubulk" 2966
"C:/Users/whart/OneDrive/Documents/GitHub/Unreal-Engine-C-/Content/MetaHumans/Common/Male/Medium/NormalWeight/Poses/m_med_nrw_hand_r_anim.uexp" 2967
"C:/Users/whart/OneDrive/Documents/GitHub/Unreal-Engine-C-/Content/MetaHumans/Common/Male/Medium/NormalWeight/Poses/m_med_nrw_hand_r_pose.uasset" 2968
"C:/Users/whart/OneDrive/Documents/GitHub/Unreal-Engine-C-/Content/MetaHumans/Common/Male/Medium/NormalWeight/Poses/m_med_nrw_hand_r_pose.uexp" 2969
"C:/Users/whart/OneDrive/Documents/GitHub/Unreal-Engine-C-/Content/MetaHumans/Common/Male/Medium/NormalWeight/Poses/m_med_nrw_hand_l_anim.uasset" 2970
"C:/Users/whart/OneDrive/Documents/GitHub/Unreal-Engine-C-/Content/MetaHumans/Common/Male/Medium/NormalWeight/Poses/m_med_nrw_hand_l_anim.m.ubulk" 2971
"C:/Users/whart/OneDrive/Documents/GitHub/Unreal-Engine-C-/Content/MetaHumans/Common/Male/Medium/NormalWeight/Poses/m_med_nrw_hand_l_anim.uexp" 2972
"C:/Users/whart/OneDrive/Documents/GitHub/Unreal-Engine-C-/Content/MetaHumans/Common/Male/Medium/NormalWeight/Poses/m_med_nrw_hand_l_pose.uasset" 2973
"C:/Users/whart/OneDrive/Documents/GitHub/Unreal-Engine-C-/Content/MetaHumans/Common/Male/Medium/NormalWeight/Poses/m_med_nrw_hand_l_pose.uexp" 2974
"C:/Users/whart/OneDrive/Documents/GitHub/Unreal-Engine-C-/Content/MetaHumans/Common/Male/Medium/NormalWeight/Poses/m_med_nrw_foot_r_anim.uasset" 2975
"C:/Users/whart/OneDrive/Documents/GitHub/Unreal-Engine-C-/Content/MetaHumans/Common/Male/Medium/NormalWeight/Poses/m_med_nrw_foot_r_anim.m.ubulk" 2976
"C:/Users/whart/OneDrive/Documents/GitHub/Unreal-Engine-C-/Content/MetaHumans/Common/Male/Medium/NormalWeight/Poses/m_med_nrw_foot_r_anim.uexp" 2977
"C:/Users/whart/OneDrive/Documents/GitHub/Unreal-Engine-C-/Content/MetaHumans/Common/Male/Medium/NormalWeight/Poses/m_med_nrw_foot_r_pose.uasset" 2978
"C:/Users/whart/OneDrive/Documents/GitHub/Unreal-Engine-C-/Content/MetaHumans/Common/Male/Medium/NormalWeight/Poses/m_med_nrw_foot_r_pose.uexp" 2979
"C:/Users/whart/OneDrive/Documents/GitHub/Unreal-Engine-C-/Content/MetaHumans/Common/Male/Medium/NormalWeight/Poses/m_med_nrw_foot_l_anim.uasset" 2980
"C:/Users/whart/OneDrive/Documents/GitHub/Unreal-Engine-C-/Content/MetaHumans/Common/Male/Medium/NormalWeight/Poses/m_med_nrw_foot_l_anim.m.ubulk" 2981
"C:/Users/whart/OneDrive/Documents/GitHub/Unreal-Engine-C-/Content/MetaHumans/Common/Male/Medium/NormalWeight/Poses/m_med_nrw_foot_l_anim.uexp" 2982
"C:/Users/whart/OneDrive/Documents/GitHub/Unreal-Engine-C-/Content/MetaHumans/Common/Male/Medium/NormalWeight/Poses/m_med_nrw_foot_l_pose.uasset" 2983
"C:/Users/whart/OneDrive/Documents/GitHub/Unreal-Engine-C-/Content/MetaHumans/Common/Male/Medium/NormalWeight/Poses/m_med_nrw_foot_l_pose.uexp" 2984
"C:/Users/whart/OneDrive/Documents/GitHub/Unreal-Engine-C-/Content/MetaHumans/Common/Male/Medium/NormalWeight/Poses/m_med_nrw_clavicle_r_anim.uasset" 2985
"C:/Users/whart/OneDrive/Documents/GitHub/Unreal-Engine-C-/Content/MetaHumans/Common/Male/Medium/NormalWeight/Poses/m_med_nrw_clavicle_r_anim.m.ubulk" 2986
"C:/Users/whart/OneDrive/Documents/GitHub/Unreal-Engine-C-/Content/MetaHumans/Common/Male/Medium/NormalWeight/Poses/m_med_nrw_clavicle_r_anim.uexp" 2987
"C:/Users/whart/OneDrive/Documents/GitHub/Unreal-Engine-C-/Content/MetaHumans/Common/Male/Medium/NormalWeight/Poses/m_med_nrw_clavicle_r_pose.uasset" 2988
"C:/Users/whart/OneDrive/Documents/GitHub/Unreal-Engine-C-/Content/MetaHumans/Common/Male/Medium/NormalWeight/Poses/m_med_nrw_clavicle_r_pose.uexp" 2989
"C:/Users/whart/OneDrive/Documents/GitHub/Unreal-Engine-C-/Content/MetaHumans/Common/Male/Medium/NormalWeight/Poses/m_med_nrw_clavicle_l_anim.uasset" 2990
"C:/Users/whart/OneDrive/Documents/GitHub/Unreal-Engine-C-/Content/MetaHumans/Common/Male/Medium/NormalWeight/Poses/m_med_nrw_clavicle_l_anim.m.ubulk" 2991
"C:/Users/whart/OneDrive/Documents/GitHub/Unreal-Engine-C-/Content/MetaHumans/Common/Male/Medium/NormalWeight/Poses/m_med_nrw_clavicle_l_anim.uexp" 2992
"C:/Users/whart/OneDrive/Documents/GitHub/Unreal-Engine-C-/Content/MetaHumans/Common/Male/Medium/NormalWeight/Poses/m_med_nrw_clavicle_l_pose.uasset" 2993
"C:/Users/whart/OneDrive/Documents/GitHub/Unreal-Engine-C-/Content/MetaHumans/Common/Male/Medium/NormalWeight/Poses/m_med_nrw_clavicle_l_pose.uexp" 2994
"C:/Users/whart/OneDrive/Documents/GitHub/Unreal-Engine-C-/Content/MetaHumans/Common/Male/Medium/NormalWeight/Poses/m_med_nrw_calf_r_anim.uasset" 2995
"C:/Users/whart/OneDrive/Documents/GitHub/Unreal-Engine-C-/Content/MetaHumans/Common/Male/Medium/NormalWeight/Poses/m_med_nrw_calf_r_anim.m.ubulk" 2996
"C:/Users/whart/OneDrive/Documents/GitHub/Unreal-Engine-C-/Content/MetaHumans/Common/Male/Medium/NormalWeight/Poses/m_med_nrw_calf_r_anim.uexp" 2997
"C:/Users/whart/OneDrive/Documents/GitHub/Unreal-Engine-C-/Content/MetaHumans/Common/Male/Medium/NormalWeight/Poses/m_med_nrw_calf_r_pose.uasset" 2998
"C:/Users/whart/OneDrive/Documents/GitHub/Unreal-Engine-C-/Content/MetaHumans/Common/Male/Medium/NormalWeight/Poses/m_med_nrw_calf_r_pose.uexp" 2999
"C:/Users/whart/OneDrive/Documents/GitHub/Unreal-Engine-C-/Content/MetaHumans/Common/Male/Medium/NormalWeight/Poses/m_med_nrw_calf_l_anim.uasset" 3000
"C:/Users/whart/OneDrive/Documents/GitHub/Unreal-Engine-C-/Content/MetaHumans/Common/Male/Medium/NormalWeight/Poses/m_med_nrw_calf_l_anim.m.ubulk" 3001
"C:/Users/whart/OneDrive/Documents/GitHub/Unreal-Engine-C-/Content/MetaHumans/Common/Male/Medium/NormalWeight/Poses/m_med_nrw_calf_l_anim.uexp" 3002
"C:/Users/whart/OneDrive/Documents/GitHub/Unreal-Engine-C-/Content/MetaHumans/Common/Male/Medium/NormalWeight/Poses/m_med_nrw_calf_l_pose.uasset" 3003
"C:/Users/whart/OneDrive/Documents/GitHub/Unreal-Engine-C-/Content/MetaHumans/Common/Male/Medium/NormalWeight/Poses/m_med_nrw_calf_l_pose.uexp" 3004
"C:/Users/whart/OneDrive/Documents/GitHub/Unreal-Engine-C-/Content/MetaHumans/Common/Male/Medium/NormalWeight/Body/m_med_nrw_animbp_Medium.uasset" 3005
"C:/Users/whart/OneDrive/Documents/GitHub/Unreal-Engine-C-/Content/MetaHumans/Common/Male/Medium/NormalWeight/Body/m_med_nrw_animbp_Medium.uexp" 3006
"C:/Users/whart/OneDrive/Documents/GitHub/Unreal-Engine-C-/Content/MetaHumans/Common/Male/Medium/NormalWeight/Body/m_med_nrw_body_Physics.uasset" 3007
"C:/Users/whart/OneDrive/Documents/GitHub/Unreal-Engine-C-/Content/MetaHumans/Common/Male/Medium/NormalWeight/Body/m_med_nrw_body_Physics.uexp" 3008
"C:/Users/whart/OneDrive/Documents/GitHub/Unreal-Engine-C-/Content/MetaHumans/Hair1/Body/m_med_nrw_body.uasset" 3009
"C:/Users/whart/OneDrive/Documents/GitHub/Unreal-Engine-C-/Content/MetaHumans/Hair1/Body/m_med_nrw_body.uexp" 3010
"C:/Users/whart/OneDrive/Documents/GitHub/Unreal-Engine-C-/Content/MetaHumans/Common/Face/Face_Archetype_Physics.uasset" 3011
"C:/Users/whart/OneDrive/Documents/GitHub/Unreal-Engine-C-/Content/MetaHumans/Common/Face/Face_Archetype_Physics.uexp" 3012
"C:/Users/whart/OneDrive/Documents/GitHub/Unreal-Engine-C-/Content/MetaHumans/Common/Face/Textures/T_lacrimal_n.ubulk" 3013
"C:/Users/whart/OneDrive/Documents/GitHub/Unreal-Engine-C-/Content/MetaHumans/Common/Face/Textures/T_lacrimal_n.uasset" 3014
"C:/Users/whart/OneDrive/Documents/GitHub/Unreal-Engine-C-/Content/MetaHumans/Common/Face/Textures/T_lacrimal_n.uexp" 3015
"C:/Users/whart/OneDrive/Documents/GitHub/Unreal-Engine-C-/Content/MetaHumans/Common/Face/Textures/T_lacrimal_h.ubulk" 3016
"C:/Users/whart/OneDrive/Documents/GitHub/Unreal-Engine-C-/Content/MetaHumans/Common/Face/Textures/T_lacrimal_h.uasset" 3017
"C:/Users/whart/OneDrive/Documents/GitHub/Unreal-Engine-C-/Content/MetaHumans/Common/Face/Textures/T_lacrimal_h.uexp" 3018
"C:/Users/whart/OneDrive/Documents/GitHub/Unreal-Engine-C-/Content/MetaHumans/Common/Face/Materials/M_lacrimal_fluid.uasset" 3019
"C:/Users/whart/OneDrive/Documents/GitHub/Unreal-Engine-C-/Content/MetaHumans/Common/Face/Materials/M_lacrimal_fluid.uexp" 3020
"C:/Users/whart/OneDrive/Documents/GitHub/Unreal-Engine-C-/Content/MetaHumans/Common/Face/Materials/MI_lacrimal_fluid_Inst.uasset" 3021
"C:/Users/whart/OneDrive/Documents/GitHub/Unreal-Engine-C-/Content/MetaHumans/Common/Face/Materials/MI_lacrimal_fluid_Inst.uexp" 3022
"C:/Users/whart/OneDrive/Documents/GitHub/Unreal-Engine-C-/Content/MetaHumans/Common/Face/MaterialFunctions/MF_PathTracingQualitySwitch.uasset" 3023
"C:/Users/whart/OneDrive/Documents/GitHub/Unreal-Engine-C-/Content/MetaHumans/Common/Face/MaterialFunctions/MF_PathTracingQualitySwitch.uexp" 3024
"C:/Users/whart/OneDrive/Documents/GitHub/Unreal-Engine-C-/Content/MetaHumans/Common/Face/Materials/M_EyeOcclusion.uasset" 3025
"C:/Users/whart/OneDrive/Documents/GitHub/Unreal-Engine-C-/Content/MetaHumans/Common/Face/Materials/M_EyeOcclusion.uexp" 3026
"C:/Users/whart/OneDrive/Documents/GitHub/Unreal-Engine-C-/Content/MetaHumans/Common/Face/Materials/MI_EyeOcclusion_Inst.uasset" 3027
"C:/Users/whart/OneDrive/Documents/GitHub/Unreal-Engine-C-/Content/MetaHumans/Common/Face/Materials/MI_EyeOcclusion_Inst.uexp" 3028
"C:/Users/whart/OneDrive/Documents/GitHub/Unreal-Engine-C-/Content/MetaHumans/Common/Common/Face_Archetype_LODSettings_Medium.uasset" 3029
"C:/Users/whart/OneDrive/Documents/GitHub/Unreal-Engine-C-/Content/MetaHumans/Common/Common/Face_Archetype_LODSettings_Medium.uexp" 3030
"C:/Users/whart/OneDrive/Documents/GitHub/Unreal-Engine-C-/Content/MetaHumans/Common/Materials/T_Black_Linear.uasset" 3031
"C:/Users/whart/OneDrive/Documents/GitHub/Unreal-Engine-C-/Content/MetaHumans/Common/Materials/T_Black_Linear.uexp" 3032
"C:/Users/whart/OneDrive/Documents/GitHub/Unreal-Engine-C-/Content/MetaHumans/Common/Materials/MF_RGB2YCbCr.uasset" 3033
"C:/Users/whart/OneDrive/Documents/GitHub/Unreal-Engine-C-/Content/MetaHumans/Common/Materials/MF_RGB2YCbCr.uexp" 3034
"C:/Users/whart/OneDrive/Documents/GitHub/Unreal-Engine-C-/Content/MetaHumans/Common/Materials/MF_YCbCr2RGB.uasset" 3035
"C:/Users/whart/OneDrive/Documents/GitHub/Unreal-Engine-C-/Content/MetaHumans/Common/Materials/MF_YCbCr2RGB.uexp" 3036
"C:/Users/whart/OneDrive/Documents/GitHub/Unreal-Engine-C-/Content/MetaHumans/Common/Materials/MF_YCbCrAdjustments_BoostRedness.uasset" 3037
"C:/Users/whart/OneDrive/Documents/GitHub/Unreal-Engine-C-/Content/MetaHumans/Common/Materials/MF_YCbCrAdjustments_BoostRedness.uexp" 3038
"C:/Users/whart/OneDrive/Documents/GitHub/Unreal-Engine-C-/Content/MetaHumans/Common/Materials/MF_RedHairBoost.uasset" 3039
"C:/Users/whart/OneDrive/Documents/GitHub/Unreal-Engine-C-/Content/MetaHumans/Common/Materials/MF_RedHairBoost.uexp" 3040
"C:/Users/whart/OneDrive/Documents/GitHub/Unreal-Engine-C-/Content/MetaHumans/Common/Materials/M_Eyelashes_Cards.uasset" 3041
"C:/Users/whart/OneDrive/Documents/GitHub/Unreal-Engine-C-/Content/MetaHumans/Common/Materials/M_Eyelashes_Cards.uexp" 3042
"C:/Users/whart/OneDrive/Documents/GitHub/Unreal-Engine-C-/Content/MetaHumans/Common/Materials/M_EyeLash_HigherLODs_Inst.uasset" 3043
"C:/Users/whart/OneDrive/Documents/GitHub/Unreal-Engine-C-/Content/MetaHumans/Common/Materials/M_EyeLash_HigherLODs_Inst.uexp" 3044
"C:/Users/whart/OneDrive/Documents/GitHub/Unreal-Engine-C-/Content/MetaHumans/Common/MaleHair/Textures/Eyelashes_S_Sparse_Coverage.ubulk" 3045
"C:/Users/whart/OneDrive/Documents/GitHub/Unreal-Engine-C-/Content/MetaHumans/Common/MaleHair/Textures/Eyelashes_S_Sparse_Coverage.uasset" 3046
"C:/Users/whart/OneDrive/Documents/GitHub/Unreal-Engine-C-/Content/MetaHumans/Common/MaleHair/Textures/Eyelashes_S_Sparse_Coverage.uexp" 3047
"C:/Users/whart/OneDrive/Documents/GitHub/Unreal-Engine-C-/Content/MetaHumans/Hair1/Materials/M_EyeLash_HigherLODs_Inst.uasset" 3048
"C:/Users/whart/OneDrive/Documents/GitHub/Unreal-Engine-C-/Content/MetaHumans/Hair1/Materials/M_EyeLash_HigherLODs_Inst.uexp" 3049
"C:/Users/whart/OneDrive/Documents/GitHub/Unreal-Engine-C-/Content/MetaHumans/Common/Face/Neck_CtrlRig.uasset" 3050
"C:/Users/whart/OneDrive/Documents/GitHub/Unreal-Engine-C-/Content/MetaHumans/Common/Face/Neck_CtrlRig.uexp" 3051
"C:/Users/whart/OneDrive/Documents/GitHub/Unreal-Engine-C-/Content/MetaHumans/Common/Face/Face_PostProcess_AnimBP.uasset" 3052
"C:/Users/whart/OneDrive/Documents/GitHub/Unreal-Engine-C-/Content/MetaHumans/Common/Face/Face_PostProcess_AnimBP.uexp" 3053
"C:/Users/whart/OneDrive/Documents/GitHub/Unreal-Engine-C-/Content/MetaHumans/Hair1/Face/ABP_Hair1_FaceMesh_PostProcess.uasset" 3054
"C:/Users/whart/OneDrive/Documents/GitHub/Unreal-Engine-C-/Content/MetaHumans/Hair1/Face/ABP_Hair1_FaceMesh_PostProcess.uexp" 3055
"C:/Users/whart/OneDrive/Documents/GitHub/Unreal-Engine-C-/Content/MetaHumans/Common/Face/Textures/Simplified/T_Teeth_BaseColor_Baked.ubulk" 3056
"C:/Users/whart/OneDrive/Documents/GitHub/Unreal-Engine-C-/Content/MetaHumans/Common/Face/Textures/Simplified/T_Teeth_BaseColor_Baked.uasset" 3057
"C:/Users/whart/OneDrive/Documents/GitHub/Unreal-Engine-C-/Content/MetaHumans/Common/Face/Textures/Simplified/T_Teeth_BaseColor_Baked.uexp" 3058
"C:/Users/whart/OneDrive/Documents/GitHub/Unreal-Engine-C-/Content/MetaHumans/Common/Face/Textures/Simplified/T_Teeth_Normal_Baked.ubulk" 3059
"C:/Users/whart/OneDrive/Documents/GitHub/Unreal-Engine-C-/Content/MetaHumans/Common/Face/Textures/Simplified/T_Teeth_Normal_Baked.uasset" 3060
"C:/Users/whart/OneDrive/Documents/GitHub/Unreal-Engine-C-/Content/MetaHumans/Common/Face/Textures/Simplified/T_Teeth_Normal_Baked.uexp" 3061
"C:/Users/whart/OneDrive/Documents/GitHub/Unreal-Engine-C-/Content/MetaHumans/Common/Face/Textures/Simplified/T_Teeth_Specular_Baked.ubulk" 3062
"C:/Users/whart/OneDrive/Documents/GitHub/Unreal-Engine-C-/Content/MetaHumans/Common/Face/Textures/Simplified/T_Teeth_Specular_Baked.uasset" 3063
"C:/Users/whart/OneDrive/Documents/GitHub/Unreal-Engine-C-/Content/MetaHumans/Common/Face/Textures/Simplified/T_Teeth_Specular_Baked.uexp" 3064
"C:/Users/whart/OneDrive/Documents/GitHub/Unreal-Engine-C-/Content/MetaHumans/Common/Face/Materials/MI_Teeth_Simplified.uasset" 3065
"C:/Users/whart/OneDrive/Documents/GitHub/Unreal-Engine-C-/Content/MetaHumans/Common/Face/Materials/MI_Teeth_Simplified.uexp" 3066
"C:/Users/whart/OneDrive/Documents/GitHub/Unreal-Engine-C-/Content/MetaHumans/Hair1/Face/Materials/MI_Teeth_Simplified.uasset" 3067
"C:/Users/whart/OneDrive/Documents/GitHub/Unreal-Engine-C-/Content/MetaHumans/Hair1/Face/Materials/MI_Teeth_Simplified.uexp" 3068
"C:/Users/whart/OneDrive/Documents/GitHub/Unreal-Engine-C-/Content/MetaHumans/Common/Face/Textures/T_sclera_tint_picker.ubulk" 3069
"C:/Users/whart/OneDrive/Documents/GitHub/Unreal-Engine-C-/Content/MetaHumans/Common/Face/Textures/T_sclera_tint_picker.uasset" 3070
"C:/Users/whart/OneDrive/Documents/GitHub/Unreal-Engine-C-/Content/MetaHumans/Common/Face/Textures/T_sclera_tint_picker.uexp" 3071
"C:/Users/whart/OneDrive/Documents/GitHub/Unreal-Engine-C-/Content/MetaHumans/Common/Face/Textures/T_iris_color_picker.ubulk" 3072
"C:/Users/whart/OneDrive/Documents/GitHub/Unreal-Engine-C-/Content/MetaHumans/Common/Face/Textures/T_iris_color_picker.uasset" 3073
"C:/Users/whart/OneDrive/Documents/GitHub/Unreal-Engine-C-/Content/MetaHumans/Common/Face/Textures/T_iris_color_picker.uexp" 3074
"C:/Users/whart/OneDrive/Documents/GitHub/Unreal-Engine-C-/Content/MetaHumans/Common/Face/Textures/Simplified/T_Veins_D_Alt.ubulk" 3075
"C:/Users/whart/OneDrive/Documents/GitHub/Unreal-Engine-C-/Content/MetaHumans/Common/Face/Textures/Simplified/T_Veins_D_Alt.uasset" 3076
"C:/Users/whart/OneDrive/Documents/GitHub/Unreal-Engine-C-/Content/MetaHumans/Common/Face/Textures/Simplified/T_Veins_D_Alt.uexp" 3077
"C:/Users/whart/OneDrive/Documents/GitHub/Unreal-Engine-C-/Content/MetaHumans/Common/Face/Textures/Simplified/T_Shared_Eye_Normal.ubulk" 3078
"C:/Users/whart/OneDrive/Documents/GitHub/Unreal-Engine-C-/Content/MetaHumans/Common/Face/Textures/Simplified/T_Shared_Eye_Normal.uasset" 3079
"C:/Users/whart/OneDrive/Documents/GitHub/Unreal-Engine-C-/Content/MetaHumans/Common/Face/Textures/Simplified/T_Shared_Eye_Normal.uexp" 3080
"C:/Users/whart/OneDrive/Documents/GitHub/Unreal-Engine-C-/Content/MetaHumans/Common/Face/Textures/Simplified/T_Shared_Eye_AO.ubulk" 3081
"C:/Users/whart/OneDrive/Documents/GitHub/Unreal-Engine-C-/Content/MetaHumans/Common/Face/Textures/Simplified/T_Shared_Eye_AO.uasset" 3082
"C:/Users/whart/OneDrive/Documents/GitHub/Unreal-Engine-C-/Content/MetaHumans/Common/Face/Textures/Simplified/T_Shared_Eye_AO.uexp" 3083
"C:/Users/whart/OneDrive/Documents/GitHub/Unreal-Engine-C-/Content/MetaHumans/Common/Face/Textures/Simplified/T_Iris_A_H_Alt.ubulk" 3084
"C:/Users/whart/OneDrive/Documents/GitHub/Unreal-Engine-C-/Content/MetaHumans/Common/Face/Textures/Simplified/T_Iris_A_H_Alt.uasset" 3085
"C:/Users/whart/OneDrive/Documents/GitHub/Unreal-Engine-C-/Content/MetaHumans/Common/Face/Textures/Simplified/T_Iris_A_H_Alt.uexp" 3086
"C:/Users/whart/OneDrive/Documents/GitHub/Unreal-Engine-C-/Content/MetaHumans/Common/Face/Textures/Simplified/T_Eye_N_Low.ubulk" 3087
"C:/Users/whart/OneDrive/Documents/GitHub/Unreal-Engine-C-/Content/MetaHumans/Common/Face/Textures/Simplified/T_Eye_N_Low.uasset" 3088
"C:/Users/whart/OneDrive/Documents/GitHub/Unreal-Engine-C-/Content/MetaHumans/Common/Face/Textures/Simplified/T_Eye_N_Low.uexp" 3089
"C:/Users/whart/OneDrive/Documents/GitHub/Unreal-Engine-C-/Content/MetaHumans/Common/Face/MaterialFunctions/Eye/MF_Eye_Refraction_Simplified.uasset" 3090
"C:/Users/whart/OneDrive/Documents/GitHub/Unreal-Engine-C-/Content/MetaHumans/Common/Face/MaterialFunctions/Eye/MF_Eye_Refraction_Simplified.uexp" 3091
"C:/Users/whart/OneDrive/Documents/GitHub/Unreal-Engine-C-/Content/MetaHumans/Common/Face/Materials/M_MetaHumanEye_Simplified.uasset" 3092
"C:/Users/whart/OneDrive/Documents/GitHub/Unreal-Engine-C-/Content/MetaHumans/Common/Face/Materials/M_MetaHumanEye_Simplified.uexp" 3093
"C:/Users/whart/OneDrive/Documents/GitHub/Unreal-Engine-C-/Content/MetaHumans/Common/Face/Materials/MI_MetaHumanEye_Simplified.uasset" 3094
"C:/Users/whart/OneDrive/Documents/GitHub/Unreal-Engine-C-/Content/MetaHumans/Common/Face/Materials/MI_MetaHumanEye_Simplified.uexp" 3095
"C:/Users/whart/OneDrive/Documents/GitHub/Unreal-Engine-C-/Content/MetaHumans/Hair1/Face/Materials/MI_MetaHumanEye_Simplified.uasset" 3096
"C:/Users/whart/OneDrive/Documents/GitHub/Unreal-Engine-C-/Content/MetaHumans/Hair1/Face/Materials/MI_MetaHumanEye_Simplified.uexp" 3097
"C:/Users/whart/OneDrive/Documents/GitHub/Unreal-Engine-C-/Content/MetaHumans/Common/Face/Textures/Simplified/T_MH_BentNormal_Reduced_AO.ubulk" 3098
"C:/Users/whart/OneDrive/Documents/GitHub/Unreal-Engine-C-/Content/MetaHumans/Common/Face/Textures/Simplified/T_MH_BentNormal_Reduced_AO.uasset" 3099
"C:/Users/whart/OneDrive/Documents/GitHub/Unreal-Engine-C-/Content/MetaHumans/Common/Face/Textures/Simplified/T_MH_BentNormal_Reduced_AO.uexp" 3100
"C:/Users/whart/OneDrive/Documents/GitHub/Unreal-Engine-C-/Content/MetaHumans/Common/Face/Materials/MI_HeadSynthesized_Simplified_LOD1.uasset" 3101
"C:/Users/whart/OneDrive/Documents/GitHub/Unreal-Engine-C-/Content/MetaHumans/Common/Face/Materials/MI_HeadSynthesized_Simplified_LOD1.uexp" 3102
"C:/Users/whart/OneDrive/Documents/GitHub/Unreal-Engine-C-/Content/MetaHumans/Common/Face/Materials/MI_HeadSynthesized_Simplified_LOD3.uasset" 3103
"C:/Users/whart/OneDrive/Documents/GitHub/Unreal-Engine-C-/Content/MetaHumans/Common/Face/Materials/MI_HeadSynthesized_Simplified_LOD3.uexp" 3104
"C:/Users/whart/OneDrive/Documents/GitHub/Unreal-Engine-C-/Content/MetaHumans/Hair1/Face/Textures/T_HeadLOD3_Specular.ubulk" 3105
"C:/Users/whart/OneDrive/Documents/GitHub/Unreal-Engine-C-/Content/MetaHumans/Hair1/Face/Textures/T_HeadLOD3_Specular.uasset" 3106
"C:/Users/whart/OneDrive/Documents/GitHub/Unreal-Engine-C-/Content/MetaHumans/Hair1/Face/Textures/T_HeadLOD3_Specular.uexp" 3107
"C:/Users/whart/OneDrive/Documents/GitHub/Unreal-Engine-C-/Content/MetaHumans/Hair1/Face/Textures/T_HeadLOD3_Normal.ubulk" 3108
"C:/Users/whart/OneDrive/Documents/GitHub/Unreal-Engine-C-/Content/MetaHumans/Hair1/Face/Textures/T_HeadLOD3_Normal.uasset" 3109
"C:/Users/whart/OneDrive/Documents/GitHub/Unreal-Engine-C-/Content/MetaHumans/Hair1/Face/Textures/T_HeadLOD3_Normal.uexp" 3110
"C:/Users/whart/OneDrive/Documents/GitHub/Unreal-Engine-C-/Content/MetaHumans/Hair1/Face/Textures/T_HeadLOD3_BaseColor.ubulk" 3111
"C:/Users/whart/OneDrive/Documents/GitHub/Unreal-Engine-C-/Content/MetaHumans/Hair1/Face/Textures/T_HeadLOD3_BaseColor.uasset" 3112
"C:/Users/whart/OneDrive/Documents/GitHub/Unreal-Engine-C-/Content/MetaHumans/Hair1/Face/Textures/T_HeadLOD3_BaseColor.uexp" 3113
"C:/Users/whart/OneDrive/Documents/GitHub/Unreal-Engine-C-/Content/MetaHumans/Hair1/Face/Materials/MI_HeadSynthesized_Simplified_LOD3.uasset" 3114
"C:/Users/whart/OneDrive/Documents/GitHub/Unreal-Engine-C-/Content/MetaHumans/Hair1/Face/Materials/MI_HeadSynthesized_Simplified_LOD3.uexp" 3115
"C:/Users/whart/OneDrive/Documents/GitHub/Unreal-Engine-C-/Content/MetaHumans/Hair1/Face/Textures/T_HeadLOD5_Specular.ubulk" 3116
"C:/Users/whart/OneDrive/Documents/GitHub/Unreal-Engine-C-/Content/MetaHumans/Hair1/Face/Textures/T_HeadLOD5_Specular.uasset" 3117
"C:/Users/whart/OneDrive/Documents/GitHub/Unreal-Engine-C-/Content/MetaHumans/Hair1/Face/Textures/T_HeadLOD5_Specular.uexp" 3118
"C:/Users/whart/OneDrive/Documents/GitHub/Unreal-Engine-C-/Content/MetaHumans/Hair1/Face/Textures/T_HeadLOD5_Normal.ubulk" 3119
"C:/Users/whart/OneDrive/Documents/GitHub/Unreal-Engine-C-/Content/MetaHumans/Hair1/Face/Textures/T_HeadLOD5_Normal.uasset" 3120
"C:/Users/whart/OneDrive/Documents/GitHub/Unreal-Engine-C-/Content/MetaHumans/Hair1/Face/Textures/T_HeadLOD5_Normal.uexp" 3121
"C:/Users/whart/OneDrive/Documents/GitHub/Unreal-Engine-C-/Content/MetaHumans/Hair1/Face/Textures/T_HeadLOD5_BaseColor.ubulk" 3122
"C:/Users/whart/OneDrive/Documents/GitHub/Unreal-Engine-C-/Content/MetaHumans/Hair1/Face/Textures/T_HeadLOD5_BaseColor.uasset" 3123
"C:/Users/whart/OneDrive/Documents/GitHub/Unreal-Engine-C-/Content/MetaHumans/Hair1/Face/Textures/T_HeadLOD5_BaseColor.uexp" 3124
"C:/Users/whart/OneDrive/Documents/GitHub/Unreal-Engine-C-/Content/MetaHumans/Hair1/Face/Materials/MI_HeadSynthesized_Simplified_LOD5.uasset" 3125
"C:/Users/whart/OneDrive/Documents/GitHub/Unreal-Engine-C-/Content/MetaHumans/Hair1/Face/Materials/MI_HeadSynthesized_Simplified_LOD5.uexp" 3126
"C:/Users/whart/OneDrive/Documents/GitHub/Unreal-Engine-C-/Content/MetaHumans/Hair1/Face/Hair1_FaceMesh.uasset" 3127
"C:/Users/whart/OneDrive/Documents/GitHub/Unreal-Engine-C-/Content/MetaHumans/Hair1/Face/Hair1_FaceMesh.uexp" 3128
"C:/Users/whart/OneDrive/Documents/GitHub/Unreal-Engine-C-/Content/MetaHumans/Common/Textures/T_Black_Linear.uasset" 3129
"C:/Users/whart/OneDrive/Documents/GitHub/Unreal-Engine-C-/Content/MetaHumans/Common/Textures/T_Black_Linear.uexp" 3130
"C:/Users/whart/OneDrive/Documents/GitHub/Unreal-Engine-C-/Content/MetaHumans/Common/Materials/MF_Variation.uasset" 3131
"C:/Users/whart/OneDrive/Documents/GitHub/Unreal-Engine-C-/Content/MetaHumans/Common/Materials/MF_Variation.uexp" 3132
"C:/Users/whart/OneDrive/Documents/GitHub/Unreal-Engine-C-/Content/MetaHumans/Common/Materials/MF_Hair_Color.uasset" 3133
"C:/Users/whart/OneDrive/Documents/GitHub/Unreal-Engine-C-/Content/MetaHumans/Common/Materials/MF_Hair_Color.uexp" 3134
"C:/Users/whart/OneDrive/Documents/GitHub/Unreal-Engine-C-/Content/MetaHumans/Common/Materials/MF_Hair_ColorBlending.uasset" 3135
"C:/Users/whart/OneDrive/Documents/GitHub/Unreal-Engine-C-/Content/MetaHumans/Common/Materials/MF_Hair_ColorBlending.uexp" 3136
"C:/Users/whart/OneDrive/Documents/GitHub/Unreal-Engine-C-/Content/MetaHumans/Common/Materials/MF_Hair_SaltAndPeper.uasset" 3137
"C:/Users/whart/OneDrive/Documents/GitHub/Unreal-Engine-C-/Content/MetaHumans/Common/Materials/MF_Hair_SaltAndPeper.uexp" 3138
"C:/Users/whart/OneDrive/Documents/GitHub/Unreal-Engine-C-/Content/MetaHumans/Common/Materials/MF_Hair_SecondaryColors.uasset" 3139
"C:/Users/whart/OneDrive/Documents/GitHub/Unreal-Engine-C-/Content/MetaHumans/Common/Materials/MF_Hair_SecondaryColors.uexp" 3140
"C:/Users/whart/OneDrive/Documents/GitHub/Unreal-Engine-C-/Content/MetaHumans/Common/Materials/Textures/TilingNoise05.ubulk" 3141
"C:/Users/whart/OneDrive/Documents/GitHub/Unreal-Engine-C-/Content/MetaHumans/Common/Materials/Textures/TilingNoise05.uasset" 3142
"C:/Users/whart/OneDrive/Documents/GitHub/Unreal-Engine-C-/Content/MetaHumans/Common/Materials/Textures/TilingNoise05.uexp" 3143
"C:/Users/whart/OneDrive/Documents/GitHub/Unreal-Engine-C-/Content/MetaHumans/Common/Materials/MF_HairAnisotropic.uasset" 3144
"C:/Users/whart/OneDrive/Documents/GitHub/Unreal-Engine-C-/Content/MetaHumans/Common/Materials/MF_HairAnisotropic.uexp" 3145
"C:/Users/whart/OneDrive/Documents/GitHub/Unreal-Engine-C-/Content/MetaHumans/Common/Materials/M_hair_v4.uasset" 3146
"C:/Users/whart/OneDrive/Documents/GitHub/Unreal-Engine-C-/Content/MetaHumans/Common/Materials/M_hair_v4.uexp" 3147
"C:/Users/whart/OneDrive/Documents/GitHub/Unreal-Engine-C-/Content/MetaHumans/Common/Materials/MI_Hair.uasset" 3148
"C:/Users/whart/OneDrive/Documents/GitHub/Unreal-Engine-C-/Content/MetaHumans/Common/Materials/MI_Hair.uexp" 3149
"C:/Users/whart/OneDrive/Documents/GitHub/Unreal-Engine-C-/Content/MetaHumans/Common/Materials/M_Facial_Hair.uasset" 3150
"C:/Users/whart/OneDrive/Documents/GitHub/Unreal-Engine-C-/Content/MetaHumans/Common/Materials/M_Facial_Hair.uexp" 3151
"C:/Users/whart/OneDrive/Documents/GitHub/Unreal-Engine-C-/Content/MetaHumans/Common/Materials/MI_Facial_Hair.uasset" 3152
"C:/Users/whart/OneDrive/Documents/GitHub/Unreal-Engine-C-/Content/MetaHumans/Common/Materials/MI_Facial_Hair.uexp" 3153
"C:/Users/whart/OneDrive/Documents/GitHub/Unreal-Engine-C-/Content/MetaHumans/Common/MaleHair_pfn/Textures/Eyebrows_M_Messy_CardsAtlas_Attribute.ubulk" 3154
"C:/Users/whart/OneDrive/Documents/GitHub/Unreal-Engine-C-/Content/MetaHumans/Common/MaleHair_pfn/Textures/Eyebrows_M_Messy_CardsAtlas_Attribute.uasset" 3155
"C:/Users/whart/OneDrive/Documents/GitHub/Unreal-Engine-C-/Content/MetaHumans/Common/MaleHair_pfn/Textures/Eyebrows_M_Messy_CardsAtlas_Attribute.uexp" 3156
"C:/Users/whart/OneDrive/Documents/GitHub/Unreal-Engine-C-/Content/MetaHumans/Common/MaleHair_pfn/Textures/Eyebrows_M_Messy_CardsAtlas_Tangent.ubulk" 3157
"C:/Users/whart/OneDrive/Documents/GitHub/Unreal-Engine-C-/Content/MetaHumans/Common/MaleHair_pfn/Textures/Eyebrows_M_Messy_CardsAtlas_Tangent.uasset" 3158
"C:/Users/whart/OneDrive/Documents/GitHub/Unreal-Engine-C-/Content/MetaHumans/Common/MaleHair_pfn/Textures/Eyebrows_M_Messy_CardsAtlas_Tangent.uexp" 3159
"C:/Users/whart/OneDrive/Documents/GitHub/Unreal-Engine-C-/Content/MetaHumans/Hair1/MaleHair_pfn/Hair/Eyebrows_M_Messy_CardsMesh_Group0_LOD3.uasset" 3160
"C:/Users/whart/OneDrive/Documents/GitHub/Unreal-Engine-C-/Content/MetaHumans/Hair1/MaleHair_pfn/Hair/Eyebrows_M_Messy_CardsMesh_Group0_LOD3.uexp" 3161
"C:/Users/whart/OneDrive/Documents/GitHub/Unreal-Engine-C-/Content/MetaHumans/Hair1/MaleHair_pfn/Hair/Eyebrows_M_Messy.ubulk" 3162
"C:/Users/whart/OneDrive/Documents/GitHub/Unreal-Engine-C-/Content/MetaHumans/Hair1/MaleHair_pfn/Hair/Eyebrows_M_Messy.uasset" 3163
"C:/Users/whart/OneDrive/Documents/GitHub/Unreal-Engine-C-/Content/MetaHumans/Hair1/MaleHair_pfn/Hair/Eyebrows_M_Messy.uexp" 3164
"C:/Users/whart/OneDrive/Documents/GitHub/Unreal-Engine-C-/Content/MetaHumans/Hair1/MaleHair_pfn/GroomBinding/Eyebrows_M_Messy_Binding.ubulk" 3165
"C:/Users/whart/OneDrive/Documents/GitHub/Unreal-Engine-C-/Content/MetaHumans/Hair1/MaleHair_pfn/GroomBinding/Eyebrows_M_Messy_Binding.uasset" 3166
"C:/Users/whart/OneDrive/Documents/GitHub/Unreal-Engine-C-/Content/MetaHumans/Hair1/MaleHair_pfn/GroomBinding/Eyebrows_M_Messy_Binding.uexp" 3167
"C:/Users/whart/OneDrive/Documents/GitHub/Unreal-Engine-C-/Content/MetaHumans/Hair1/Materials/MI_Facial_Hair.uasset" 3168
"C:/Users/whart/OneDrive/Documents/GitHub/Unreal-Engine-C-/Content/MetaHumans/Hair1/Materials/MI_Facial_Hair.uexp" 3169
"C:/Users/whart/OneDrive/Documents/GitHub/Unreal-Engine-C-/Content/MetaHumans/Hair1/Materials/MI_Hair.uasset" 3170
"C:/Users/whart/OneDrive/Documents/GitHub/Unreal-Engine-C-/Content/MetaHumans/Hair1/Materials/MI_Hair.uexp" 3171
"C:/Users/whart/OneDrive/Documents/GitHub/Unreal-Engine-C-/Content/MetaHumans/Hair1/Materials/MI_Hair1.uasset" 3172
"C:/Users/whart/OneDrive/Documents/GitHub/Unreal-Engine-C-/Content/MetaHumans/Hair1/Materials/MI_Hair1.uexp" 3173
"C:/Users/whart/OneDrive/Documents/GitHub/Unreal-Engine-C-/Content/MetaHumans/Common/Materials/MI_Hair_Cards.uasset" 3174
"C:/Users/whart/OneDrive/Documents/GitHub/Unreal-Engine-C-/Content/MetaHumans/Common/Materials/MI_Hair_Cards.uexp" 3175
"C:/Users/whart/OneDrive/Documents/GitHub/Unreal-Engine-C-/Content/MetaHumans/Hair1/Materials/MI_Hair_Cards.uasset" 3176
"C:/Users/whart/OneDrive/Documents/GitHub/Unreal-Engine-C-/Content/MetaHumans/Hair1/Materials/MI_Hair_Cards.uexp" 3177
"C:/Users/whart/OneDrive/Documents/GitHub/Unreal-Engine-C-/Content/MetaHumans/Common/Materials/MI_Hair_Helmet.uasset" 3178
"C:/Users/whart/OneDrive/Documents/GitHub/Unreal-Engine-C-/Content/MetaHumans/Common/Materials/MI_Hair_Helmet.uexp" 3179
"C:/Users/whart/OneDrive/Documents/GitHub/Unreal-Engine-C-/Content/MetaHumans/Hair1/Materials/MI_Hair_Helmet.uasset" 3180
"C:/Users/whart/OneDrive/Documents/GitHub/Unreal-Engine-C-/Content/MetaHumans/Hair1/Materials/MI_Hair_Helmet.uexp" 3181
"C:/Users/whart/OneDrive/Documents/GitHub/Unreal-Engine-C-/Content/CharacterAssets/Meshes/UE5_Meshes/SK_Mannequin.uasset" 3182
"C:/Users/whart/OneDrive/Documents/GitHub/Unreal-Engine-C-/Content/CharacterAssets/Meshes/UE5_Meshes/SK_Mannequin.uexp" 3183
"../../../Engine/Plugins/Animation/ControlRig/Content/Controls/DefaultGizmoLibrary.uasset" 3184
"../../../Engine/Plugins/Animation/ControlRig/Content/Controls/DefaultGizmoLibrary.uexp" 3185
"C:/Users/whart/OneDrive/Documents/GitHub/Unreal-Engine-C-/Content/CharacterAssets/Rigs/UE5_Rigs/CR_Mannequin_BasicFootIK.uasset" 3186
"C:/Users/whart/OneDrive/Documents/GitHub/Unreal-Engine-C-/Content/CharacterAssets/Rigs/UE5_Rigs/CR_Mannequin_BasicFootIK.uexp" 3187
"../../../Engine/Plugins/Animation/ACLPlugin/Content/ACLAnimCurveCompressionSettings.uasset" 3188
"../../../Engine/Plugins/Animation/ACLPlugin/Content/ACLAnimCurveCompressionSettings.uexp" 3189
"C:/Users/whart/OneDrive/Documents/GitHub/Unreal-Engine-C-/Content/CharacterAssets/Animations/UE5Manny/Manny/MM_Stretching.uasset" 3190
"C:/Users/whart/OneDrive/Documents/GitHub/Unreal-Engine-C-/Content/CharacterAssets/Animations/UE5Manny/Manny/MM_Stretching.m.ubulk" 3191
"C:/Users/whart/OneDrive/Documents/GitHub/Unreal-Engine-C-/Content/CharacterAssets/Animations/UE5Manny/Manny/MM_Stretching.uexp" 3192
"C:/Users/whart/OneDrive/Documents/GitHub/Unreal-Engine-C-/Content/CharacterAssets/Animations/UE5Manny/Manny/MM_Meditating.uasset" 3193
"C:/Users/whart/OneDrive/Documents/GitHub/Unreal-Engine-C-/Content/CharacterAssets/Animations/UE5Manny/Manny/MM_Meditating.m.ubulk" 3194
"C:/Users/whart/OneDrive/Documents/GitHub/Unreal-Engine-C-/Content/CharacterAssets/Animations/UE5Manny/Manny/MM_Meditating.uexp" 3195
"C:/Users/whart/OneDrive/Documents/GitHub/Unreal-Engine-C-/Content/CharacterAssets/Animations/UE5Manny/Manny/MM_Land.uasset" 3196
"C:/Users/whart/OneDrive/Documents/GitHub/Unreal-Engine-C-/Content/CharacterAssets/Animations/UE5Manny/Manny/MM_Land.m.ubulk" 3197
"C:/Users/whart/OneDrive/Documents/GitHub/Unreal-Engine-C-/Content/CharacterAssets/Animations/UE5Manny/Manny/MM_Land.uexp" 3198
"C:/Users/whart/OneDrive/Documents/GitHub/Unreal-Engine-C-/Content/CharacterAssets/Animations/UE5Manny/Manny/MM_Jump.uasset" 3199
"C:/Users/whart/OneDrive/Documents/GitHub/Unreal-Engine-C-/Content/CharacterAssets/Animations/UE5Manny/Manny/MM_Jump.m.ubulk" 3200
"C:/Users/whart/OneDrive/Documents/GitHub/Unreal-Engine-C-/Content/CharacterAssets/Animations/UE5Manny/Manny/MM_Jump.uexp" 3201
"C:/Users/whart/OneDrive/Documents/GitHub/Unreal-Engine-C-/Content/CharacterAssets/Animations/UE5Manny/Manny/MM_Idle.uasset" 3202
"C:/Users/whart/OneDrive/Documents/GitHub/Unreal-Engine-C-/Content/CharacterAssets/Animations/UE5Manny/Manny/MM_Idle.m.ubulk" 3203
"C:/Users/whart/OneDrive/Documents/GitHub/Unreal-Engine-C-/Content/CharacterAssets/Animations/UE5Manny/Manny/MM_Idle.uexp" 3204
"C:/Users/whart/OneDrive/Documents/GitHub/Unreal-Engine-C-/Content/CharacterAssets/Animations/UE5Manny/Manny/MM_Fall_Loop.uasset" 3205
"C:/Users/whart/OneDrive/Documents/GitHub/Unreal-Engine-C-/Content/CharacterAssets/Animations/UE5Manny/Manny/MM_Fall_Loop.m.ubulk" 3206
"C:/Users/whart/OneDrive/Documents/GitHub/Unreal-Engine-C-/Content/CharacterAssets/Animations/UE5Manny/Manny/MM_Fall_Loop.uexp" 3207
"C:/Users/whart/OneDrive/Documents/GitHub/Unreal-Engine-C-/Content/CharacterAssets/Animations/UE5Manny/Manny/MM_DeepBreathing_In.uasset" 3208
"C:/Users/whart/OneDrive/Documents/GitHub/Unreal-Engine-C-/Content/CharacterAssets/Animations/UE5Manny/Manny/MM_DeepBreathing_In.m.ubulk" 3209
"C:/Users/whart/OneDrive/Documents/GitHub/Unreal-Engine-C-/Content/CharacterAssets/Animations/UE5Manny/Manny/MM_DeepBreathing_In.uexp" 3210
"C:/Users/whart/OneDrive/Documents/GitHub/Unreal-Engine-C-/Content/CharacterAssets/Animations/UE5Manny/Manny/MM_DeepBreathing_Iddle.uasset" 3211
"C:/Users/whart/OneDrive/Documents/GitHub/Unreal-Engine-C-/Content/CharacterAssets/Animations/UE5Manny/Manny/MM_DeepBreathing_Iddle.m.ubulk" 3212
"C:/Users/whart/OneDrive/Documents/GitHub/Unreal-Engine-C-/Content/CharacterAssets/Animations/UE5Manny/Manny/MM_DeepBreathing_Iddle.uexp" 3213
"C:/Users/whart/OneDrive/Documents/GitHub/Unreal-Engine-C-/Content/CharacterAssets/Animations/UE5Manny/Manny/MM_Walk_InPlace.uasset" 3214
"C:/Users/whart/OneDrive/Documents/GitHub/Unreal-Engine-C-/Content/CharacterAssets/Animations/UE5Manny/Manny/MM_Walk_InPlace.m.ubulk" 3215
"C:/Users/whart/OneDrive/Documents/GitHub/Unreal-Engine-C-/Content/CharacterAssets/Animations/UE5Manny/Manny/MM_Walk_InPlace.uexp" 3216
"C:/Users/whart/OneDrive/Documents/GitHub/Unreal-Engine-C-/Content/CharacterAssets/Animations/UE5Manny/Manny/MM_Walk_Fwd.uasset" 3217
"C:/Users/whart/OneDrive/Documents/GitHub/Unreal-Engine-C-/Content/CharacterAssets/Animations/UE5Manny/Manny/MM_Walk_Fwd.m.ubulk" 3218
"C:/Users/whart/OneDrive/Documents/GitHub/Unreal-Engine-C-/Content/CharacterAssets/Animations/UE5Manny/Manny/MM_Walk_Fwd.uexp" 3219
"C:/Users/whart/OneDrive/Documents/GitHub/Unreal-Engine-C-/Content/CharacterAssets/Animations/UE5Manny/Manny/MM_Run_Fwd.uasset" 3220
"C:/Users/whart/OneDrive/Documents/GitHub/Unreal-Engine-C-/Content/CharacterAssets/Animations/UE5Manny/Manny/MM_Run_Fwd.m.ubulk" 3221
"C:/Users/whart/OneDrive/Documents/GitHub/Unreal-Engine-C-/Content/CharacterAssets/Animations/UE5Manny/Manny/MM_Run_Fwd.uexp" 3222
"C:/Users/whart/OneDrive/Documents/GitHub/Unreal-Engine-C-/Content/CharacterAssets/Animations/UE5Manny/Manny/BS_MM_WalkRun.uasset" 3223
"C:/Users/whart/OneDrive/Documents/GitHub/Unreal-Engine-C-/Content/CharacterAssets/Animations/UE5Manny/Manny/BS_MM_WalkRun.uexp" 3224
"C:/Users/whart/OneDrive/Documents/GitHub/Unreal-Engine-C-/Content/Assets/CharacterAssets/Animations/UE5Manny/ABP_Manny.uasset" 3225
"C:/Users/whart/OneDrive/Documents/GitHub/Unreal-Engine-C-/Content/Assets/CharacterAssets/Animations/UE5Manny/ABP_Manny.uexp" 3226
"C:/Users/whart/OneDrive/Documents/GitHub/Unreal-Engine-C-/Content/Assets/CharacterAssets/Materials/Metahuman_Clothing_Materials/Pants.uasset" 3227
"C:/Users/whart/OneDrive/Documents/GitHub/Unreal-Engine-C-/Content/Assets/CharacterAssets/Materials/Metahuman_Clothing_Materials/Pants.uexp" 3228
"C:/Users/whart/OneDrive/Documents/GitHub/Unreal-Engine-C-/Content/Assets/CharacterAssets/Materials/Metahuman_Clothing_Materials/Shoes.uasset" 3229
"C:/Users/whart/OneDrive/Documents/GitHub/Unreal-Engine-C-/Content/Assets/CharacterAssets/Materials/Metahuman_Clothing_Materials/Shoes.uexp" 3230
"C:/Users/whart/OneDrive/Documents/GitHub/Unreal-Engine-C-/Content/MetaHumans/Hair2/FemaleHair/Helmets/Hair_S_Cornrows_Helmet_LOD7.uasset" 3231
"C:/Users/whart/OneDrive/Documents/GitHub/Unreal-Engine-C-/Content/MetaHumans/Hair2/FemaleHair/Helmets/Hair_S_Cornrows_Helmet_LOD7.uexp" 3232
"C:/Users/whart/OneDrive/Documents/GitHub/Unreal-Engine-C-/Content/MetaHumans/Hair2/FemaleHair/Helmets/Hair_S_Cornrows_Helmet_LOD5.uasset" 3233
"C:/Users/whart/OneDrive/Documents/GitHub/Unreal-Engine-C-/Content/MetaHumans/Hair2/FemaleHair/Helmets/Hair_S_Cornrows_Helmet_LOD5.uexp" 3234
"C:/Users/whart/OneDrive/Documents/GitHub/Unreal-Engine-C-/Content/MetaHumans/Hair2/FemaleHair/Hair/Hair_S_Cornrows_CardsMesh_Group0_LOD3.uasset" 3235
"C:/Users/whart/OneDrive/Documents/GitHub/Unreal-Engine-C-/Content/MetaHumans/Hair2/FemaleHair/Hair/Hair_S_Cornrows_CardsMesh_Group0_LOD3.uexp" 3236
"C:/Users/whart/OneDrive/Documents/GitHub/Unreal-Engine-C-/Content/MetaHumans/Common/FemaleHair/Textures/Hair_S_Cornrows_CardsAtlas_Tangent.ubulk" 3237
"C:/Users/whart/OneDrive/Documents/GitHub/Unreal-Engine-C-/Content/MetaHumans/Common/FemaleHair/Textures/Hair_S_Cornrows_CardsAtlas_Tangent.uasset" 3238
"C:/Users/whart/OneDrive/Documents/GitHub/Unreal-Engine-C-/Content/MetaHumans/Common/FemaleHair/Textures/Hair_S_Cornrows_CardsAtlas_Tangent.uexp" 3239
"C:/Users/whart/OneDrive/Documents/GitHub/Unreal-Engine-C-/Content/MetaHumans/Common/FemaleHair/Textures/Hair_S_Cornrows_CardsAtlas_Attribute.ubulk" 3240
"C:/Users/whart/OneDrive/Documents/GitHub/Unreal-Engine-C-/Content/MetaHumans/Common/FemaleHair/Textures/Hair_S_Cornrows_CardsAtlas_Attribute.uasset" 3241
"C:/Users/whart/OneDrive/Documents/GitHub/Unreal-Engine-C-/Content/MetaHumans/Common/FemaleHair/Textures/Hair_S_Cornrows_CardsAtlas_Attribute.uexp" 3242
"C:/Users/whart/OneDrive/Documents/GitHub/Unreal-Engine-C-/Content/MetaHumans/Common/FemaleHair/Textures/Helmets/Hair_S_Cornrows_TangentStrandU.ubulk" 3243
"C:/Users/whart/OneDrive/Documents/GitHub/Unreal-Engine-C-/Content/MetaHumans/Common/FemaleHair/Textures/Helmets/Hair_S_Cornrows_TangentStrandU.uasset" 3244
"C:/Users/whart/OneDrive/Documents/GitHub/Unreal-Engine-C-/Content/MetaHumans/Common/FemaleHair/Textures/Helmets/Hair_S_Cornrows_TangentStrandU.uexp" 3245
"C:/Users/whart/OneDrive/Documents/GitHub/Unreal-Engine-C-/Content/MetaHumans/Common/FemaleHair/Textures/Helmets/Hair_S_Cornrows_RootUVSeedCoverage.ubulk" 3246
"C:/Users/whart/OneDrive/Documents/GitHub/Unreal-Engine-C-/Content/MetaHumans/Common/FemaleHair/Textures/Helmets/Hair_S_Cornrows_RootUVSeedCoverage.uasset" 3247
"C:/Users/whart/OneDrive/Documents/GitHub/Unreal-Engine-C-/Content/MetaHumans/Common/FemaleHair/Textures/Helmets/Hair_S_Cornrows_RootUVSeedCoverage.uexp" 3248
"C:/Users/whart/OneDrive/Documents/GitHub/Unreal-Engine-C-/Content/MetaHumans/Common/FemaleHair/Textures/Helmets/Hair_S_Cornrows_ColorXYDepthGroupID.ubulk" 3249
"C:/Users/whart/OneDrive/Documents/GitHub/Unreal-Engine-C-/Content/MetaHumans/Common/FemaleHair/Textures/Helmets/Hair_S_Cornrows_ColorXYDepthGroupID.uasset" 3250
"C:/Users/whart/OneDrive/Documents/GitHub/Unreal-Engine-C-/Content/MetaHumans/Common/FemaleHair/Textures/Helmets/Hair_S_Cornrows_ColorXYDepthGroupID.uexp" 3251
"C:/Users/whart/OneDrive/Documents/GitHub/Unreal-Engine-C-/Content/Assets/CharacterAssets/MetaHuman_Selecton/Hair/Hair2/Hair_S_Cornrows.ubulk" 3252
"C:/Users/whart/OneDrive/Documents/GitHub/Unreal-Engine-C-/Content/Assets/CharacterAssets/MetaHuman_Selecton/Hair/Hair2/Hair_S_Cornrows.uasset" 3253
"C:/Users/whart/OneDrive/Documents/GitHub/Unreal-Engine-C-/Content/Assets/CharacterAssets/MetaHuman_Selecton/Hair/Hair2/Hair_S_Cornrows.uexp" 3254
"C:/Users/whart/OneDrive/Documents/GitHub/Unreal-Engine-C-/Content/MetaHumans/Hair3/FemaleHair/Helmets/Hair_S_Pixie_Mesh_LOD7.uasset" 3255
"C:/Users/whart/OneDrive/Documents/GitHub/Unreal-Engine-C-/Content/MetaHumans/Hair3/FemaleHair/Helmets/Hair_S_Pixie_Mesh_LOD7.uexp" 3256
"C:/Users/whart/OneDrive/Documents/GitHub/Unreal-Engine-C-/Content/MetaHumans/Hair3/FemaleHair/Helmets/Hair_S_Pixie_Mesh_LOD5.uasset" 3257
"C:/Users/whart/OneDrive/Documents/GitHub/Unreal-Engine-C-/Content/MetaHumans/Hair3/FemaleHair/Helmets/Hair_S_Pixie_Mesh_LOD5.uexp" 3258
"C:/Users/whart/OneDrive/Documents/GitHub/Unreal-Engine-C-/Content/MetaHumans/Hair3/FemaleHair/Hair/Hair_S_Pixie_CardsMesh_Group0_LOD3.uasset" 3259
"C:/Users/whart/OneDrive/Documents/GitHub/Unreal-Engine-C-/Content/MetaHumans/Hair3/FemaleHair/Hair/Hair_S_Pixie_CardsMesh_Group0_LOD3.uexp" 3260
"C:/Users/whart/OneDrive/Documents/GitHub/Unreal-Engine-C-/Content/MetaHumans/Common/FemaleHair/Textures/Hair_S_Pixie_CardsAtlas_Tangent.ubulk" 3261
"C:/Users/whart/OneDrive/Documents/GitHub/Unreal-Engine-C-/Content/MetaHumans/Common/FemaleHair/Textures/Hair_S_Pixie_CardsAtlas_Tangent.uasset" 3262
"C:/Users/whart/OneDrive/Documents/GitHub/Unreal-Engine-C-/Content/MetaHumans/Common/FemaleHair/Textures/Hair_S_Pixie_CardsAtlas_Tangent.uexp" 3263
"C:/Users/whart/OneDrive/Documents/GitHub/Unreal-Engine-C-/Content/MetaHumans/Common/FemaleHair/Textures/Hair_S_Pixie_CardsAtlas_Attribute.ubulk" 3264
"C:/Users/whart/OneDrive/Documents/GitHub/Unreal-Engine-C-/Content/MetaHumans/Common/FemaleHair/Textures/Hair_S_Pixie_CardsAtlas_Attribute.uasset" 3265
"C:/Users/whart/OneDrive/Documents/GitHub/Unreal-Engine-C-/Content/MetaHumans/Common/FemaleHair/Textures/Hair_S_Pixie_CardsAtlas_Attribute.uexp" 3266
"C:/Users/whart/OneDrive/Documents/GitHub/Unreal-Engine-C-/Content/MetaHumans/Common/FemaleHair/Textures/Helmets/Hair_S_Pixie_TangentStrandU.ubulk" 3267
"C:/Users/whart/OneDrive/Documents/GitHub/Unreal-Engine-C-/Content/MetaHumans/Common/FemaleHair/Textures/Helmets/Hair_S_Pixie_TangentStrandU.uasset" 3268
"C:/Users/whart/OneDrive/Documents/GitHub/Unreal-Engine-C-/Content/MetaHumans/Common/FemaleHair/Textures/Helmets/Hair_S_Pixie_TangentStrandU.uexp" 3269
"C:/Users/whart/OneDrive/Documents/GitHub/Unreal-Engine-C-/Content/MetaHumans/Common/FemaleHair/Textures/Helmets/Hair_S_Pixie_RootUVSeedCoverage.ubulk" 3270
"C:/Users/whart/OneDrive/Documents/GitHub/Unreal-Engine-C-/Content/MetaHumans/Common/FemaleHair/Textures/Helmets/Hair_S_Pixie_RootUVSeedCoverage.uasset" 3271
"C:/Users/whart/OneDrive/Documents/GitHub/Unreal-Engine-C-/Content/MetaHumans/Common/FemaleHair/Textures/Helmets/Hair_S_Pixie_RootUVSeedCoverage.uexp" 3272
"C:/Users/whart/OneDrive/Documents/GitHub/Unreal-Engine-C-/Content/MetaHumans/Common/FemaleHair/Textures/Helmets/Hair_S_Pixie_ColorXYDepthGroupID.ubulk" 3273
"C:/Users/whart/OneDrive/Documents/GitHub/Unreal-Engine-C-/Content/MetaHumans/Common/FemaleHair/Textures/Helmets/Hair_S_Pixie_ColorXYDepthGroupID.uasset" 3274
"C:/Users/whart/OneDrive/Documents/GitHub/Unreal-Engine-C-/Content/MetaHumans/Common/FemaleHair/Textures/Helmets/Hair_S_Pixie_ColorXYDepthGroupID.uexp" 3275
"C:/Users/whart/OneDrive/Documents/GitHub/Unreal-Engine-C-/Content/Assets/CharacterAssets/MetaHuman_Selecton/Hair/Hair3/Hair_S_Pixie.ubulk" 3276
"C:/Users/whart/OneDrive/Documents/GitHub/Unreal-Engine-C-/Content/Assets/CharacterAssets/MetaHuman_Selecton/Hair/Hair3/Hair_S_Pixie.uasset" 3277
"C:/Users/whart/OneDrive/Documents/GitHub/Unreal-Engine-C-/Content/Assets/CharacterAssets/MetaHuman_Selecton/Hair/Hair3/Hair_S_Pixie.uexp" 3278
"C:/Users/whart/OneDrive/Documents/GitHub/Unreal-Engine-C-/Content/MetaHumans/Hair4/MaleHair/Helmets/Hair_L_AfroCurly_Helmet_LOD7.uasset" 3279
"C:/Users/whart/OneDrive/Documents/GitHub/Unreal-Engine-C-/Content/MetaHumans/Hair4/MaleHair/Helmets/Hair_L_AfroCurly_Helmet_LOD7.uexp" 3280
"C:/Users/whart/OneDrive/Documents/GitHub/Unreal-Engine-C-/Content/MetaHumans/Hair4/MaleHair/Helmets/Hair_L_AfroCurly_Helmet_LOD5.uasset" 3281
"C:/Users/whart/OneDrive/Documents/GitHub/Unreal-Engine-C-/Content/MetaHumans/Hair4/MaleHair/Helmets/Hair_L_AfroCurly_Helmet_LOD5.uexp" 3282
"C:/Users/whart/OneDrive/Documents/GitHub/Unreal-Engine-C-/Content/MetaHumans/Hair4/MaleHair/Hair/Hair_L_AfroCurly_CardsMesh_Group0_LOD3.uasset" 3283
"C:/Users/whart/OneDrive/Documents/GitHub/Unreal-Engine-C-/Content/MetaHumans/Hair4/MaleHair/Hair/Hair_L_AfroCurly_CardsMesh_Group0_LOD3.uexp" 3284
"C:/Users/whart/OneDrive/Documents/GitHub/Unreal-Engine-C-/Content/MetaHumans/Common/MaleHair/Textures/Hair_L_AfroCurly_CardsAtlas_Tangent.ubulk" 3285
"C:/Users/whart/OneDrive/Documents/GitHub/Unreal-Engine-C-/Content/MetaHumans/Common/MaleHair/Textures/Hair_L_AfroCurly_CardsAtlas_Tangent.uasset" 3286
"C:/Users/whart/OneDrive/Documents/GitHub/Unreal-Engine-C-/Content/MetaHumans/Common/MaleHair/Textures/Hair_L_AfroCurly_CardsAtlas_Tangent.uexp" 3287
"C:/Users/whart/OneDrive/Documents/GitHub/Unreal-Engine-C-/Content/MetaHumans/Common/MaleHair/Textures/Hair_L_AfroCurly_CardsAtlas_Attribute.ubulk" 3288
"C:/Users/whart/OneDrive/Documents/GitHub/Unreal-Engine-C-/Content/MetaHumans/Common/MaleHair/Textures/Hair_L_AfroCurly_CardsAtlas_Attribute.uasset" 3289
"C:/Users/whart/OneDrive/Documents/GitHub/Unreal-Engine-C-/Content/MetaHumans/Common/MaleHair/Textures/Hair_L_AfroCurly_CardsAtlas_Attribute.uexp" 3290
"C:/Users/whart/OneDrive/Documents/GitHub/Unreal-Engine-C-/Content/MetaHumans/Common/MaleHair/Textures/Helmets/Hair_L_AfroCurly_TangentStrandU.ubulk" 3291
"C:/Users/whart/OneDrive/Documents/GitHub/Unreal-Engine-C-/Content/MetaHumans/Common/MaleHair/Textures/Helmets/Hair_L_AfroCurly_TangentStrandU.uasset" 3292
"C:/Users/whart/OneDrive/Documents/GitHub/Unreal-Engine-C-/Content/MetaHumans/Common/MaleHair/Textures/Helmets/Hair_L_AfroCurly_TangentStrandU.uexp" 3293
"C:/Users/whart/OneDrive/Documents/GitHub/Unreal-Engine-C-/Content/MetaHumans/Common/MaleHair/Textures/Helmets/Hair_L_AfroCurly_RootUVSeedCoverage.ubulk" 3294
"C:/Users/whart/OneDrive/Documents/GitHub/Unreal-Engine-C-/Content/MetaHumans/Common/MaleHair/Textures/Helmets/Hair_L_AfroCurly_RootUVSeedCoverage.uasset" 3295
"C:/Users/whart/OneDrive/Documents/GitHub/Unreal-Engine-C-/Content/MetaHumans/Common/MaleHair/Textures/Helmets/Hair_L_AfroCurly_RootUVSeedCoverage.uexp" 3296
"C:/Users/whart/OneDrive/Documents/GitHub/Unreal-Engine-C-/Content/MetaHumans/Common/MaleHair/Textures/Helmets/Hair_L_AfroCurly_ColorXYDepthGroupID.ubulk" 3297
"C:/Users/whart/OneDrive/Documents/GitHub/Unreal-Engine-C-/Content/MetaHumans/Common/MaleHair/Textures/Helmets/Hair_L_AfroCurly_ColorXYDepthGroupID.uasset" 3298
"C:/Users/whart/OneDrive/Documents/GitHub/Unreal-Engine-C-/Content/MetaHumans/Common/MaleHair/Textures/Helmets/Hair_L_AfroCurly_ColorXYDepthGroupID.uexp" 3299
"C:/Users/whart/OneDrive/Documents/GitHub/Unreal-Engine-C-/Content/Assets/CharacterAssets/MetaHuman_Selecton/Hair/Hair4/Hair_L_AfroCurly.ubulk" 3300
"C:/Users/whart/OneDrive/Documents/GitHub/Unreal-Engine-C-/Content/Assets/CharacterAssets/MetaHuman_Selecton/Hair/Hair4/Hair_L_AfroCurly.uasset" 3301
"C:/Users/whart/OneDrive/Documents/GitHub/Unreal-Engine-C-/Content/Assets/CharacterAssets/MetaHuman_Selecton/Hair/Hair4/Hair_L_AfroCurly.uexp" 3302
"C:/Users/whart/OneDrive/Documents/GitHub/Unreal-Engine-C-/Content/MetaHumans/Head1/Materials/M_EyeLash_HigherLODs_Inst.uasset" 3303
"C:/Users/whart/OneDrive/Documents/GitHub/Unreal-Engine-C-/Content/MetaHumans/Head1/Materials/M_EyeLash_HigherLODs_Inst.uexp" 3304
"C:/Users/whart/OneDrive/Documents/GitHub/Unreal-Engine-C-/Content/MetaHumans/Head1/Face/ABP_Head1_FaceMesh_PostProcess.uasset" 3305
"C:/Users/whart/OneDrive/Documents/GitHub/Unreal-Engine-C-/Content/MetaHumans/Head1/Face/ABP_Head1_FaceMesh_PostProcess.uexp" 3306
"C:/Users/whart/OneDrive/Documents/GitHub/Unreal-Engine-C-/Content/MetaHumans/Head1/Face/Materials/MI_Teeth_Simplified.uasset" 3307
"C:/Users/whart/OneDrive/Documents/GitHub/Unreal-Engine-C-/Content/MetaHumans/Head1/Face/Materials/MI_Teeth_Simplified.uexp" 3308
"C:/Users/whart/OneDrive/Documents/GitHub/Unreal-Engine-C-/Content/MetaHumans/Head1/Face/Materials/MI_MetaHumanEye_Simplified.uasset" 3309
"C:/Users/whart/OneDrive/Documents/GitHub/Unreal-Engine-C-/Content/MetaHumans/Head1/Face/Materials/MI_MetaHumanEye_Simplified.uexp" 3310
"C:/Users/whart/OneDrive/Documents/GitHub/Unreal-Engine-C-/Content/MetaHumans/Head1/Face/Textures/T_HeadLOD3_Specular.ubulk" 3311
"C:/Users/whart/OneDrive/Documents/GitHub/Unreal-Engine-C-/Content/MetaHumans/Head1/Face/Textures/T_HeadLOD3_Specular.uasset" 3312
"C:/Users/whart/OneDrive/Documents/GitHub/Unreal-Engine-C-/Content/MetaHumans/Head1/Face/Textures/T_HeadLOD3_Specular.uexp" 3313
"C:/Users/whart/OneDrive/Documents/GitHub/Unreal-Engine-C-/Content/MetaHumans/Head1/Face/Textures/T_HeadLOD3_Normal.ubulk" 3314
"C:/Users/whart/OneDrive/Documents/GitHub/Unreal-Engine-C-/Content/MetaHumans/Head1/Face/Textures/T_HeadLOD3_Normal.uasset" 3315
"C:/Users/whart/OneDrive/Documents/GitHub/Unreal-Engine-C-/Content/MetaHumans/Head1/Face/Textures/T_HeadLOD3_Normal.uexp" 3316
"C:/Users/whart/OneDrive/Documents/GitHub/Unreal-Engine-C-/Content/MetaHumans/Head1/Face/Textures/T_HeadLOD3_BaseColor.ubulk" 3317
"C:/Users/whart/OneDrive/Documents/GitHub/Unreal-Engine-C-/Content/MetaHumans/Head1/Face/Textures/T_HeadLOD3_BaseColor.uasset" 3318
"C:/Users/whart/OneDrive/Documents/GitHub/Unreal-Engine-C-/Content/MetaHumans/Head1/Face/Textures/T_HeadLOD3_BaseColor.uexp" 3319
"C:/Users/whart/OneDrive/Documents/GitHub/Unreal-Engine-C-/Content/MetaHumans/Head1/Face/Materials/MI_HeadSynthesized_Simplified_LOD3.uasset" 3320
"C:/Users/whart/OneDrive/Documents/GitHub/Unreal-Engine-C-/Content/MetaHumans/Head1/Face/Materials/MI_HeadSynthesized_Simplified_LOD3.uexp" 3321
"C:/Users/whart/OneDrive/Documents/GitHub/Unreal-Engine-C-/Content/MetaHumans/Head1/Face/Textures/T_HeadLOD5_Specular.ubulk" 3322
"C:/Users/whart/OneDrive/Documents/GitHub/Unreal-Engine-C-/Content/MetaHumans/Head1/Face/Textures/T_HeadLOD5_Specular.uasset" 3323
"C:/Users/whart/OneDrive/Documents/GitHub/Unreal-Engine-C-/Content/MetaHumans/Head1/Face/Textures/T_HeadLOD5_Specular.uexp" 3324
"C:/Users/whart/OneDrive/Documents/GitHub/Unreal-Engine-C-/Content/MetaHumans/Head1/Face/Textures/T_HeadLOD5_Normal.ubulk" 3325
"C:/Users/whart/OneDrive/Documents/GitHub/Unreal-Engine-C-/Content/MetaHumans/Head1/Face/Textures/T_HeadLOD5_Normal.uasset" 3326
"C:/Users/whart/OneDrive/Documents/GitHub/Unreal-Engine-C-/Content/MetaHumans/Head1/Face/Textures/T_HeadLOD5_Normal.uexp" 3327
"C:/Users/whart/OneDrive/Documents/GitHub/Unreal-Engine-C-/Content/MetaHumans/Head1/Face/Textures/T_HeadLOD5_BaseColor.ubulk" 3328
"C:/Users/whart/OneDrive/Documents/GitHub/Unreal-Engine-C-/Content/MetaHumans/Head1/Face/Textures/T_HeadLOD5_BaseColor.uasset" 3329
"C:/Users/whart/OneDrive/Documents/GitHub/Unreal-Engine-C-/Content/MetaHumans/Head1/Face/Textures/T_HeadLOD5_BaseColor.uexp" 3330
"C:/Users/whart/OneDrive/Documents/GitHub/Unreal-Engine-C-/Content/MetaHumans/Head1/Face/Materials/MI_HeadSynthesized_Simplified_LOD5.uasset" 3331
"C:/Users/whart/OneDrive/Documents/GitHub/Unreal-Engine-C-/Content/MetaHumans/Head1/Face/Materials/MI_HeadSynthesized_Simplified_LOD5.uexp" 3332
"C:/Users/whart/OneDrive/Documents/GitHub/Unreal-Engine-C-/Content/Assets/CharacterAssets/MetaHuman_Selecton/Heads/SKM_Head1.uasset" 3333
"C:/Users/whart/OneDrive/Documents/GitHub/Unreal-Engine-C-/Content/Assets/CharacterAssets/MetaHuman_Selecton/Heads/SKM_Head1.uexp" 3334
"C:/Users/whart/OneDrive/Documents/GitHub/Unreal-Engine-C-/Content/Assets/CharacterAssets/MetaHuman_Selecton/Hair/Hair4/Hair_L_AfroCurly_Binding1.ubulk" 3335
"C:/Users/whart/OneDrive/Documents/GitHub/Unreal-Engine-C-/Content/Assets/CharacterAssets/MetaHuman_Selecton/Hair/Hair4/Hair_L_AfroCurly_Binding1.uasset" 3336
"C:/Users/whart/OneDrive/Documents/GitHub/Unreal-Engine-C-/Content/Assets/CharacterAssets/MetaHuman_Selecton/Hair/Hair4/Hair_L_AfroCurly_Binding1.uexp" 3337
"C:/Users/whart/OneDrive/Documents/GitHub/Unreal-Engine-C-/Content/MetaHumans/Common/MaleHair/Textures/Eyelashes_S_Thin_Coverage.ubulk" 3338
"C:/Users/whart/OneDrive/Documents/GitHub/Unreal-Engine-C-/Content/MetaHumans/Common/MaleHair/Textures/Eyelashes_S_Thin_Coverage.uasset" 3339
"C:/Users/whart/OneDrive/Documents/GitHub/Unreal-Engine-C-/Content/MetaHumans/Common/MaleHair/Textures/Eyelashes_S_Thin_Coverage.uexp" 3340
"C:/Users/whart/OneDrive/Documents/GitHub/Unreal-Engine-C-/Content/MetaHumans/Head2/Materials/M_EyeLash_HigherLODs_Inst.uasset" 3341
"C:/Users/whart/OneDrive/Documents/GitHub/Unreal-Engine-C-/Content/MetaHumans/Head2/Materials/M_EyeLash_HigherLODs_Inst.uexp" 3342
"C:/Users/whart/OneDrive/Documents/GitHub/Unreal-Engine-C-/Content/MetaHumans/Head2/Face/ABP_Head2_FaceMesh_PostProcess.uasset" 3343
"C:/Users/whart/OneDrive/Documents/GitHub/Unreal-Engine-C-/Content/MetaHumans/Head2/Face/ABP_Head2_FaceMesh_PostProcess.uexp" 3344
"C:/Users/whart/OneDrive/Documents/GitHub/Unreal-Engine-C-/Content/MetaHumans/Head2/Face/Materials/MI_Teeth_Simplified.uasset" 3345
"C:/Users/whart/OneDrive/Documents/GitHub/Unreal-Engine-C-/Content/MetaHumans/Head2/Face/Materials/MI_Teeth_Simplified.uexp" 3346
"C:/Users/whart/OneDrive/Documents/GitHub/Unreal-Engine-C-/Content/MetaHumans/Head2/Face/Materials/MI_MetaHumanEye_Simplified.uasset" 3347
"C:/Users/whart/OneDrive/Documents/GitHub/Unreal-Engine-C-/Content/MetaHumans/Head2/Face/Materials/MI_MetaHumanEye_Simplified.uexp" 3348
"C:/Users/whart/OneDrive/Documents/GitHub/Unreal-Engine-C-/Content/MetaHumans/Head2/Face/Textures/T_HeadLOD3_Specular.ubulk" 3349
"C:/Users/whart/OneDrive/Documents/GitHub/Unreal-Engine-C-/Content/MetaHumans/Head2/Face/Textures/T_HeadLOD3_Specular.uasset" 3350
"C:/Users/whart/OneDrive/Documents/GitHub/Unreal-Engine-C-/Content/MetaHumans/Head2/Face/Textures/T_HeadLOD3_Specular.uexp" 3351
"C:/Users/whart/OneDrive/Documents/GitHub/Unreal-Engine-C-/Content/MetaHumans/Head2/Face/Textures/T_HeadLOD3_Normal.ubulk" 3352
"C:/Users/whart/OneDrive/Documents/GitHub/Unreal-Engine-C-/Content/MetaHumans/Head2/Face/Textures/T_HeadLOD3_Normal.uasset" 3353
"C:/Users/whart/OneDrive/Documents/GitHub/Unreal-Engine-C-/Content/MetaHumans/Head2/Face/Textures/T_HeadLOD3_Normal.uexp" 3354
"C:/Users/whart/OneDrive/Documents/GitHub/Unreal-Engine-C-/Content/MetaHumans/Head2/Face/Textures/T_HeadLOD3_BaseColor.ubulk" 3355
"C:/Users/whart/OneDrive/Documents/GitHub/Unreal-Engine-C-/Content/MetaHumans/Head2/Face/Textures/T_HeadLOD3_BaseColor.uasset" 3356
"C:/Users/whart/OneDrive/Documents/GitHub/Unreal-Engine-C-/Content/MetaHumans/Head2/Face/Textures/T_HeadLOD3_BaseColor.uexp" 3357
"C:/Users/whart/OneDrive/Documents/GitHub/Unreal-Engine-C-/Content/MetaHumans/Head2/Face/Materials/MI_HeadSynthesized_Simplified_LOD3.uasset" 3358
"C:/Users/whart/OneDrive/Documents/GitHub/Unreal-Engine-C-/Content/MetaHumans/Head2/Face/Materials/MI_HeadSynthesized_Simplified_LOD3.uexp" 3359
"C:/Users/whart/OneDrive/Documents/GitHub/Unreal-Engine-C-/Content/MetaHumans/Head2/Face/Textures/T_HeadLOD5_Specular.ubulk" 3360
"C:/Users/whart/OneDrive/Documents/GitHub/Unreal-Engine-C-/Content/MetaHumans/Head2/Face/Textures/T_HeadLOD5_Specular.uasset" 3361
"C:/Users/whart/OneDrive/Documents/GitHub/Unreal-Engine-C-/Content/MetaHumans/Head2/Face/Textures/T_HeadLOD5_Specular.uexp" 3362
"C:/Users/whart/OneDrive/Documents/GitHub/Unreal-Engine-C-/Content/MetaHumans/Head2/Face/Textures/T_HeadLOD5_Normal.ubulk" 3363
"C:/Users/whart/OneDrive/Documents/GitHub/Unreal-Engine-C-/Content/MetaHumans/Head2/Face/Textures/T_HeadLOD5_Normal.uasset" 3364
"C:/Users/whart/OneDrive/Documents/GitHub/Unreal-Engine-C-/Content/MetaHumans/Head2/Face/Textures/T_HeadLOD5_Normal.uexp" 3365
"C:/Users/whart/OneDrive/Documents/GitHub/Unreal-Engine-C-/Content/MetaHumans/Head2/Face/Textures/T_HeadLOD5_BaseColor.ubulk" 3366
"C:/Users/whart/OneDrive/Documents/GitHub/Unreal-Engine-C-/Content/MetaHumans/Head2/Face/Textures/T_HeadLOD5_BaseColor.uasset" 3367
"C:/Users/whart/OneDrive/Documents/GitHub/Unreal-Engine-C-/Content/MetaHumans/Head2/Face/Textures/T_HeadLOD5_BaseColor.uexp" 3368
"C:/Users/whart/OneDrive/Documents/GitHub/Unreal-Engine-C-/Content/MetaHumans/Head2/Face/Materials/MI_HeadSynthesized_Simplified_LOD5.uasset" 3369
"C:/Users/whart/OneDrive/Documents/GitHub/Unreal-Engine-C-/Content/MetaHumans/Head2/Face/Materials/MI_HeadSynthesized_Simplified_LOD5.uexp" 3370
"C:/Users/whart/OneDrive/Documents/GitHub/Unreal-Engine-C-/Content/Assets/CharacterAssets/MetaHuman_Selecton/Heads/SKM_Head2.uasset" 3371
"C:/Users/whart/OneDrive/Documents/GitHub/Unreal-Engine-C-/Content/Assets/CharacterAssets/MetaHuman_Selecton/Heads/SKM_Head2.uexp" 3372
"C:/Users/whart/OneDrive/Documents/GitHub/Unreal-Engine-C-/Content/Assets/CharacterAssets/MetaHuman_Selecton/Hair/Hair4/Hair_L_AfroCurly_Binding2.ubulk" 3373
"C:/Users/whart/OneDrive/Documents/GitHub/Unreal-Engine-C-/Content/Assets/CharacterAssets/MetaHuman_Selecton/Hair/Hair4/Hair_L_AfroCurly_Binding2.uasset" 3374
"C:/Users/whart/OneDrive/Documents/GitHub/Unreal-Engine-C-/Content/Assets/CharacterAssets/MetaHuman_Selecton/Hair/Hair4/Hair_L_AfroCurly_Binding2.uexp" 3375
"C:/Users/whart/OneDrive/Documents/GitHub/Unreal-Engine-C-/Content/MetaHumans/Hair5/FemaleHair/Helmets/Hair_M_BobCurly_Helmet_LOD7.uasset" 3376
"C:/Users/whart/OneDrive/Documents/GitHub/Unreal-Engine-C-/Content/MetaHumans/Hair5/FemaleHair/Helmets/Hair_M_BobCurly_Helmet_LOD7.uexp" 3377
"C:/Users/whart/OneDrive/Documents/GitHub/Unreal-Engine-C-/Content/MetaHumans/Hair5/FemaleHair/Helmets/Hair_M_BobCurly_Helmet_LOD5.uasset" 3378
"C:/Users/whart/OneDrive/Documents/GitHub/Unreal-Engine-C-/Content/MetaHumans/Hair5/FemaleHair/Helmets/Hair_M_BobCurly_Helmet_LOD5.uexp" 3379
"C:/Users/whart/OneDrive/Documents/GitHub/Unreal-Engine-C-/Content/MetaHumans/Hair5/FemaleHair/Hair/Hair_M_BobCurly_CardsMesh_Group0_LOD3.uasset" 3380
"C:/Users/whart/OneDrive/Documents/GitHub/Unreal-Engine-C-/Content/MetaHumans/Hair5/FemaleHair/Hair/Hair_M_BobCurly_CardsMesh_Group0_LOD3.uexp" 3381
"C:/Users/whart/OneDrive/Documents/GitHub/Unreal-Engine-C-/Content/MetaHumans/Common/FemaleHair/Textures/Hair_M_BobCurly_CardsAtlas_Tangent.ubulk" 3382
"C:/Users/whart/OneDrive/Documents/GitHub/Unreal-Engine-C-/Content/MetaHumans/Common/FemaleHair/Textures/Hair_M_BobCurly_CardsAtlas_Tangent.uasset" 3383
"C:/Users/whart/OneDrive/Documents/GitHub/Unreal-Engine-C-/Content/MetaHumans/Common/FemaleHair/Textures/Hair_M_BobCurly_CardsAtlas_Tangent.uexp" 3384
"C:/Users/whart/OneDrive/Documents/GitHub/Unreal-Engine-C-/Content/MetaHumans/Common/FemaleHair/Textures/Hair_M_BobCurly_CardsAtlas_Attribute.ubulk" 3385
"C:/Users/whart/OneDrive/Documents/GitHub/Unreal-Engine-C-/Content/MetaHumans/Common/FemaleHair/Textures/Hair_M_BobCurly_CardsAtlas_Attribute.uasset" 3386
"C:/Users/whart/OneDrive/Documents/GitHub/Unreal-Engine-C-/Content/MetaHumans/Common/FemaleHair/Textures/Hair_M_BobCurly_CardsAtlas_Attribute.uexp" 3387
"C:/Users/whart/OneDrive/Documents/GitHub/Unreal-Engine-C-/Content/MetaHumans/Common/FemaleHair/Textures/Helmets/Hair_M_BobCurly_TangentCoordU.ubulk" 3388
"C:/Users/whart/OneDrive/Documents/GitHub/Unreal-Engine-C-/Content/MetaHumans/Common/FemaleHair/Textures/Helmets/Hair_M_BobCurly_TangentCoordU.uasset" 3389
"C:/Users/whart/OneDrive/Documents/GitHub/Unreal-Engine-C-/Content/MetaHumans/Common/FemaleHair/Textures/Helmets/Hair_M_BobCurly_TangentCoordU.uexp" 3390
"C:/Users/whart/OneDrive/Documents/GitHub/Unreal-Engine-C-/Content/MetaHumans/Common/FemaleHair/Textures/Helmets/Hair_M_BobCurly_RooUVSeedCoverage.ubulk" 3391
"C:/Users/whart/OneDrive/Documents/GitHub/Unreal-Engine-C-/Content/MetaHumans/Common/FemaleHair/Textures/Helmets/Hair_M_BobCurly_RooUVSeedCoverage.uasset" 3392
"C:/Users/whart/OneDrive/Documents/GitHub/Unreal-Engine-C-/Content/MetaHumans/Common/FemaleHair/Textures/Helmets/Hair_M_BobCurly_RooUVSeedCoverage.uexp" 3393
"C:/Users/whart/OneDrive/Documents/GitHub/Unreal-Engine-C-/Content/MetaHumans/Common/FemaleHair/Textures/Helmets/Hair_M_BobCurly_ColorXYDepthGroupID.ubulk" 3394
"C:/Users/whart/OneDrive/Documents/GitHub/Unreal-Engine-C-/Content/MetaHumans/Common/FemaleHair/Textures/Helmets/Hair_M_BobCurly_ColorXYDepthGroupID.uasset" 3395
"C:/Users/whart/OneDrive/Documents/GitHub/Unreal-Engine-C-/Content/MetaHumans/Common/FemaleHair/Textures/Helmets/Hair_M_BobCurly_ColorXYDepthGroupID.uexp" 3396
"C:/Users/whart/OneDrive/Documents/GitHub/Unreal-Engine-C-/Content/Assets/CharacterAssets/MetaHuman_Selecton/Hair/Hair5/Hair_M_BobCurly.ubulk" 3397
"C:/Users/whart/OneDrive/Documents/GitHub/Unreal-Engine-C-/Content/Assets/CharacterAssets/MetaHuman_Selecton/Hair/Hair5/Hair_M_BobCurly.uasset" 3398
"C:/Users/whart/OneDrive/Documents/GitHub/Unreal-Engine-C-/Content/Assets/CharacterAssets/MetaHuman_Selecton/Hair/Hair5/Hair_M_BobCurly.uexp" 3399
"C:/Users/whart/OneDrive/Documents/GitHub/Unreal-Engine-C-/Content/MetaHumans/Hair6/FemaleHair/Helmets/Hair_S_LowPonytail_Helmet_LOD7.uasset" 3400
"C:/Users/whart/OneDrive/Documents/GitHub/Unreal-Engine-C-/Content/MetaHumans/Hair6/FemaleHair/Helmets/Hair_S_LowPonytail_Helmet_LOD7.uexp" 3401
"C:/Users/whart/OneDrive/Documents/GitHub/Unreal-Engine-C-/Content/MetaHumans/Hair6/FemaleHair/Helmets/Hair_S_LowPonytail_Helmet_LOD5.uasset" 3402
"C:/Users/whart/OneDrive/Documents/GitHub/Unreal-Engine-C-/Content/MetaHumans/Hair6/FemaleHair/Helmets/Hair_S_LowPonytail_Helmet_LOD5.uexp" 3403
"C:/Users/whart/OneDrive/Documents/GitHub/Unreal-Engine-C-/Content/MetaHumans/Hair6/FemaleHair/Hair/Hair_S_LowPonytail_CardsMesh_Group0_LOD3.uasset" 3404
"C:/Users/whart/OneDrive/Documents/GitHub/Unreal-Engine-C-/Content/MetaHumans/Hair6/FemaleHair/Hair/Hair_S_LowPonytail_CardsMesh_Group0_LOD3.uexp" 3405
"C:/Users/whart/OneDrive/Documents/GitHub/Unreal-Engine-C-/Content/MetaHumans/Common/FemaleHair/Textures/Hair_S_LowPonytail_CardsAtlas_Tangent.ubulk" 3406
"C:/Users/whart/OneDrive/Documents/GitHub/Unreal-Engine-C-/Content/MetaHumans/Common/FemaleHair/Textures/Hair_S_LowPonytail_CardsAtlas_Tangent.uasset" 3407
"C:/Users/whart/OneDrive/Documents/GitHub/Unreal-Engine-C-/Content/MetaHumans/Common/FemaleHair/Textures/Hair_S_LowPonytail_CardsAtlas_Tangent.uexp" 3408
"C:/Users/whart/OneDrive/Documents/GitHub/Unreal-Engine-C-/Content/MetaHumans/Common/FemaleHair/Textures/Hair_S_LowPonytail_CardsAtlas_Attribute.ubulk" 3409
"C:/Users/whart/OneDrive/Documents/GitHub/Unreal-Engine-C-/Content/MetaHumans/Common/FemaleHair/Textures/Hair_S_LowPonytail_CardsAtlas_Attribute.uasset" 3410
"C:/Users/whart/OneDrive/Documents/GitHub/Unreal-Engine-C-/Content/MetaHumans/Common/FemaleHair/Textures/Hair_S_LowPonytail_CardsAtlas_Attribute.uexp" 3411
"C:/Users/whart/OneDrive/Documents/GitHub/Unreal-Engine-C-/Content/MetaHumans/Common/FemaleHair/Textures/Helmets/Hair_S_LowPonytail_TangentStrandU.ubulk" 3412
"C:/Users/whart/OneDrive/Documents/GitHub/Unreal-Engine-C-/Content/MetaHumans/Common/FemaleHair/Textures/Helmets/Hair_S_LowPonytail_TangentStrandU.uasset" 3413
"C:/Users/whart/OneDrive/Documents/GitHub/Unreal-Engine-C-/Content/MetaHumans/Common/FemaleHair/Textures/Helmets/Hair_S_LowPonytail_TangentStrandU.uexp" 3414
"C:/Users/whart/OneDrive/Documents/GitHub/Unreal-Engine-C-/Content/MetaHumans/Common/FemaleHair/Textures/Helmets/Hair_S_LowPonytail_RootUVSeedCoverage.ubulk" 3415
"C:/Users/whart/OneDrive/Documents/GitHub/Unreal-Engine-C-/Content/MetaHumans/Common/FemaleHair/Textures/Helmets/Hair_S_LowPonytail_RootUVSeedCoverage.uasset" 3416
"C:/Users/whart/OneDrive/Documents/GitHub/Unreal-Engine-C-/Content/MetaHumans/Common/FemaleHair/Textures/Helmets/Hair_S_LowPonytail_RootUVSeedCoverage.uexp" 3417
"C:/Users/whart/OneDrive/Documents/GitHub/Unreal-Engine-C-/Content/MetaHumans/Common/FemaleHair/Textures/Helmets/Hair_S_LowPonytail_ColorXYDepthGroupID.ubulk" 3418
"C:/Users/whart/OneDrive/Documents/GitHub/Unreal-Engine-C-/Content/MetaHumans/Common/FemaleHair/Textures/Helmets/Hair_S_LowPonytail_ColorXYDepthGroupID.uasset" 3419
"C:/Users/whart/OneDrive/Documents/GitHub/Unreal-Engine-C-/Content/MetaHumans/Common/FemaleHair/Textures/Helmets/Hair_S_LowPonytail_ColorXYDepthGroupID.uexp" 3420
"C:/Users/whart/OneDrive/Documents/GitHub/Unreal-Engine-C-/Content/Assets/CharacterAssets/MetaHuman_Selecton/Hair/Hair6/Hair_S_LowPonytail.ubulk" 3421
"C:/Users/whart/OneDrive/Documents/GitHub/Unreal-Engine-C-/Content/Assets/CharacterAssets/MetaHuman_Selecton/Hair/Hair6/Hair_S_LowPonytail.uasset" 3422
"C:/Users/whart/OneDrive/Documents/GitHub/Unreal-Engine-C-/Content/Assets/CharacterAssets/MetaHuman_Selecton/Hair/Hair6/Hair_S_LowPonytail.uexp" 3423
"C:/Users/whart/OneDrive/Documents/GitHub/Unreal-Engine-C-/Content/MetaHumans/Lucille/FemaleHair/Helmets/Hair_L_Straight_Helmet_LOD7.uasset" 3424
"C:/Users/whart/OneDrive/Documents/GitHub/Unreal-Engine-C-/Content/MetaHumans/Lucille/FemaleHair/Helmets/Hair_L_Straight_Helmet_LOD7.uexp" 3425
"C:/Users/whart/OneDrive/Documents/GitHub/Unreal-Engine-C-/Content/MetaHumans/Lucille/FemaleHair/Helmets/Hair_L_Straight_Helmet_LOD5.uasset" 3426
"C:/Users/whart/OneDrive/Documents/GitHub/Unreal-Engine-C-/Content/MetaHumans/Lucille/FemaleHair/Helmets/Hair_L_Straight_Helmet_LOD5.uexp" 3427
"C:/Users/whart/OneDrive/Documents/GitHub/Unreal-Engine-C-/Content/MetaHumans/Lucille/FemaleHair/Hair/Hair_L_Straight_CardsMesh_Group1_LOD3.uasset" 3428
"C:/Users/whart/OneDrive/Documents/GitHub/Unreal-Engine-C-/Content/MetaHumans/Lucille/FemaleHair/Hair/Hair_L_Straight_CardsMesh_Group1_LOD3.uexp" 3429
"C:/Users/whart/OneDrive/Documents/GitHub/Unreal-Engine-C-/Content/MetaHumans/Lucille/FemaleHair/Hair/Hair_L_Straight_CardsMesh_Group0_LOD3.uasset" 3430
"C:/Users/whart/OneDrive/Documents/GitHub/Unreal-Engine-C-/Content/MetaHumans/Lucille/FemaleHair/Hair/Hair_L_Straight_CardsMesh_Group0_LOD3.uexp" 3431
"C:/Users/whart/OneDrive/Documents/GitHub/Unreal-Engine-C-/Content/MetaHumans/Common/FemaleHair/Textures/Hair_L_Straight_CardsAtlas_Tangent.ubulk" 3432
"C:/Users/whart/OneDrive/Documents/GitHub/Unreal-Engine-C-/Content/MetaHumans/Common/FemaleHair/Textures/Hair_L_Straight_CardsAtlas_Tangent.uasset" 3433
"C:/Users/whart/OneDrive/Documents/GitHub/Unreal-Engine-C-/Content/MetaHumans/Common/FemaleHair/Textures/Hair_L_Straight_CardsAtlas_Tangent.uexp" 3434
"C:/Users/whart/OneDrive/Documents/GitHub/Unreal-Engine-C-/Content/MetaHumans/Common/FemaleHair/Textures/Hair_L_Straight_CardsAtlas_Attribute.ubulk" 3435
"C:/Users/whart/OneDrive/Documents/GitHub/Unreal-Engine-C-/Content/MetaHumans/Common/FemaleHair/Textures/Hair_L_Straight_CardsAtlas_Attribute.uasset" 3436
"C:/Users/whart/OneDrive/Documents/GitHub/Unreal-Engine-C-/Content/MetaHumans/Common/FemaleHair/Textures/Hair_L_Straight_CardsAtlas_Attribute.uexp" 3437
"C:/Users/whart/OneDrive/Documents/GitHub/Unreal-Engine-C-/Content/MetaHumans/Common/FemaleHair/Textures/Helmets/Hair_L_Straight_TangentCoordU.ubulk" 3438
"C:/Users/whart/OneDrive/Documents/GitHub/Unreal-Engine-C-/Content/MetaHumans/Common/FemaleHair/Textures/Helmets/Hair_L_Straight_TangentCoordU.uasset" 3439
"C:/Users/whart/OneDrive/Documents/GitHub/Unreal-Engine-C-/Content/MetaHumans/Common/FemaleHair/Textures/Helmets/Hair_L_Straight_TangentCoordU.uexp" 3440
"C:/Users/whart/OneDrive/Documents/GitHub/Unreal-Engine-C-/Content/MetaHumans/Common/FemaleHair/Textures/Helmets/Hair_L_Straight_RooUVSeedCoverage.ubulk" 3441
"C:/Users/whart/OneDrive/Documents/GitHub/Unreal-Engine-C-/Content/MetaHumans/Common/FemaleHair/Textures/Helmets/Hair_L_Straight_RooUVSeedCoverage.uasset" 3442
"C:/Users/whart/OneDrive/Documents/GitHub/Unreal-Engine-C-/Content/MetaHumans/Common/FemaleHair/Textures/Helmets/Hair_L_Straight_RooUVSeedCoverage.uexp" 3443
"C:/Users/whart/OneDrive/Documents/GitHub/Unreal-Engine-C-/Content/MetaHumans/Common/FemaleHair/Textures/Helmets/Hair_L_Straight_ColorXYDepthGroupID.ubulk" 3444
"C:/Users/whart/OneDrive/Documents/GitHub/Unreal-Engine-C-/Content/MetaHumans/Common/FemaleHair/Textures/Helmets/Hair_L_Straight_ColorXYDepthGroupID.uasset" 3445
"C:/Users/whart/OneDrive/Documents/GitHub/Unreal-Engine-C-/Content/MetaHumans/Common/FemaleHair/Textures/Helmets/Hair_L_Straight_ColorXYDepthGroupID.uexp" 3446
"C:/Users/whart/OneDrive/Documents/GitHub/Unreal-Engine-C-/Content/Assets/CharacterAssets/MetaHuman_Selecton/Hair/Hair7/Hair_L_Straight.ubulk" 3447
"C:/Users/whart/OneDrive/Documents/GitHub/Unreal-Engine-C-/Content/Assets/CharacterAssets/MetaHuman_Selecton/Hair/Hair7/Hair_L_Straight.uasset" 3448
"C:/Users/whart/OneDrive/Documents/GitHub/Unreal-Engine-C-/Content/Assets/CharacterAssets/MetaHuman_Selecton/Hair/Hair7/Hair_L_Straight.uexp" 3449
"C:/Users/whart/OneDrive/Documents/GitHub/Unreal-Engine-C-/Content/Assets/CharacterAssets/MetaHuman_Selecton/Hair/Hair7/Hair_L_Straight_Binding1.ubulk" 3450
"C:/Users/whart/OneDrive/Documents/GitHub/Unreal-Engine-C-/Content/Assets/CharacterAssets/MetaHuman_Selecton/Hair/Hair7/Hair_L_Straight_Binding1.uasset" 3451
"C:/Users/whart/OneDrive/Documents/GitHub/Unreal-Engine-C-/Content/Assets/CharacterAssets/MetaHuman_Selecton/Hair/Hair7/Hair_L_Straight_Binding1.uexp" 3452
"C:/Users/whart/OneDrive/Documents/GitHub/Unreal-Engine-C-/Content/Assets/CharacterAssets/MetaHuman_Selecton/Hair/Hair7/Hair_L_Straight_Binding2.ubulk" 3453
"C:/Users/whart/OneDrive/Documents/GitHub/Unreal-Engine-C-/Content/Assets/CharacterAssets/MetaHuman_Selecton/Hair/Hair7/Hair_L_Straight_Binding2.uasset" 3454
"C:/Users/whart/OneDrive/Documents/GitHub/Unreal-Engine-C-/Content/Assets/CharacterAssets/MetaHuman_Selecton/Hair/Hair7/Hair_L_Straight_Binding2.uexp" 3455
"C:/Users/whart/OneDrive/Documents/GitHub/Unreal-Engine-C-/Content/MetaHumans/Common/FemaleHair/Textures/Eyelashes_L_SlightCurl_Coverage.ubulk" 3456
"C:/Users/whart/OneDrive/Documents/GitHub/Unreal-Engine-C-/Content/MetaHumans/Common/FemaleHair/Textures/Eyelashes_L_SlightCurl_Coverage.uasset" 3457
"C:/Users/whart/OneDrive/Documents/GitHub/Unreal-Engine-C-/Content/MetaHumans/Common/FemaleHair/Textures/Eyelashes_L_SlightCurl_Coverage.uexp" 3458
"C:/Users/whart/OneDrive/Documents/GitHub/Unreal-Engine-C-/Content/MetaHumans/Head3/Materials/M_EyeLash_HigherLODs_Inst.uasset" 3459
"C:/Users/whart/OneDrive/Documents/GitHub/Unreal-Engine-C-/Content/MetaHumans/Head3/Materials/M_EyeLash_HigherLODs_Inst.uexp" 3460
"C:/Users/whart/OneDrive/Documents/GitHub/Unreal-Engine-C-/Content/MetaHumans/Head3/Face/ABP_Head3_FaceMesh_PostProcess.uasset" 3461
"C:/Users/whart/OneDrive/Documents/GitHub/Unreal-Engine-C-/Content/MetaHumans/Head3/Face/ABP_Head3_FaceMesh_PostProcess.uexp" 3462
"C:/Users/whart/OneDrive/Documents/GitHub/Unreal-Engine-C-/Content/MetaHumans/Head3/Face/Materials/MI_Teeth_Simplified.uasset" 3463
"C:/Users/whart/OneDrive/Documents/GitHub/Unreal-Engine-C-/Content/MetaHumans/Head3/Face/Materials/MI_Teeth_Simplified.uexp" 3464
"C:/Users/whart/OneDrive/Documents/GitHub/Unreal-Engine-C-/Content/MetaHumans/Head3/Face/Materials/MI_MetaHumanEye_Simplified.uasset" 3465
"C:/Users/whart/OneDrive/Documents/GitHub/Unreal-Engine-C-/Content/MetaHumans/Head3/Face/Materials/MI_MetaHumanEye_Simplified.uexp" 3466
"C:/Users/whart/OneDrive/Documents/GitHub/Unreal-Engine-C-/Content/MetaHumans/Head3/Face/Textures/T_HeadLOD3_Specular.ubulk" 3467
"C:/Users/whart/OneDrive/Documents/GitHub/Unreal-Engine-C-/Content/MetaHumans/Head3/Face/Textures/T_HeadLOD3_Specular.uasset" 3468
"C:/Users/whart/OneDrive/Documents/GitHub/Unreal-Engine-C-/Content/MetaHumans/Head3/Face/Textures/T_HeadLOD3_Specular.uexp" 3469
"C:/Users/whart/OneDrive/Documents/GitHub/Unreal-Engine-C-/Content/MetaHumans/Head3/Face/Textures/T_HeadLOD3_Normal.ubulk" 3470
"C:/Users/whart/OneDrive/Documents/GitHub/Unreal-Engine-C-/Content/MetaHumans/Head3/Face/Textures/T_HeadLOD3_Normal.uasset" 3471
"C:/Users/whart/OneDrive/Documents/GitHub/Unreal-Engine-C-/Content/MetaHumans/Head3/Face/Textures/T_HeadLOD3_Normal.uexp" 3472
"C:/Users/whart/OneDrive/Documents/GitHub/Unreal-Engine-C-/Content/MetaHumans/Head3/Face/Textures/T_HeadLOD3_BaseColor.ubulk" 3473
"C:/Users/whart/OneDrive/Documents/GitHub/Unreal-Engine-C-/Content/MetaHumans/Head3/Face/Textures/T_HeadLOD3_BaseColor.uasset" 3474
"C:/Users/whart/OneDrive/Documents/GitHub/Unreal-Engine-C-/Content/MetaHumans/Head3/Face/Textures/T_HeadLOD3_BaseColor.uexp" 3475
"C:/Users/whart/OneDrive/Documents/GitHub/Unreal-Engine-C-/Content/MetaHumans/Head3/Face/Materials/MI_HeadSynthesized_Simplified_LOD3.uasset" 3476
"C:/Users/whart/OneDrive/Documents/GitHub/Unreal-Engine-C-/Content/MetaHumans/Head3/Face/Materials/MI_HeadSynthesized_Simplified_LOD3.uexp" 3477
"C:/Users/whart/OneDrive/Documents/GitHub/Unreal-Engine-C-/Content/MetaHumans/Head3/Face/Textures/T_HeadLOD5_Specular.ubulk" 3478
"C:/Users/whart/OneDrive/Documents/GitHub/Unreal-Engine-C-/Content/MetaHumans/Head3/Face/Textures/T_HeadLOD5_Specular.uasset" 3479
"C:/Users/whart/OneDrive/Documents/GitHub/Unreal-Engine-C-/Content/MetaHumans/Head3/Face/Textures/T_HeadLOD5_Specular.uexp" 3480
"C:/Users/whart/OneDrive/Documents/GitHub/Unreal-Engine-C-/Content/MetaHumans/Head3/Face/Textures/T_HeadLOD5_Normal.ubulk" 3481
"C:/Users/whart/OneDrive/Documents/GitHub/Unreal-Engine-C-/Content/MetaHumans/Head3/Face/Textures/T_HeadLOD5_Normal.uasset" 3482
"C:/Users/whart/OneDrive/Documents/GitHub/Unreal-Engine-C-/Content/MetaHumans/Head3/Face/Textures/T_HeadLOD5_Normal.uexp" 3483
"C:/Users/whart/OneDrive/Documents/GitHub/Unreal-Engine-C-/Content/MetaHumans/Head3/Face/Textures/T_HeadLOD5_BaseColor.ubulk" 3484
"C:/Users/whart/OneDrive/Documents/GitHub/Unreal-Engine-C-/Content/MetaHumans/Head3/Face/Textures/T_HeadLOD5_BaseColor.uasset" 3485
"C:/Users/whart/OneDrive/Documents/GitHub/Unreal-Engine-C-/Content/MetaHumans/Head3/Face/Textures/T_HeadLOD5_BaseColor.uexp" 3486
"C:/Users/whart/OneDrive/Documents/GitHub/Unreal-Engine-C-/Content/MetaHumans/Head3/Face/Materials/MI_HeadSynthesized_Simplified_LOD5.uasset" 3487
"C:/Users/whart/OneDrive/Documents/GitHub/Unreal-Engine-C-/Content/MetaHumans/Head3/Face/Materials/MI_HeadSynthesized_Simplified_LOD5.uexp" 3488
"C:/Users/whart/OneDrive/Documents/GitHub/Unreal-Engine-C-/Content/Assets/CharacterAssets/MetaHuman_Selecton/Heads/SKM_Head3.uasset" 3489
"C:/Users/whart/OneDrive/Documents/GitHub/Unreal-Engine-C-/Content/Assets/CharacterAssets/MetaHuman_Selecton/Heads/SKM_Head3.uexp" 3490
"C:/Users/whart/OneDrive/Documents/GitHub/Unreal-Engine-C-/Content/MetaHumans/Head4/Materials/M_EyeLash_HigherLODs_Inst.uasset" 3491
"C:/Users/whart/OneDrive/Documents/GitHub/Unreal-Engine-C-/Content/MetaHumans/Head4/Materials/M_EyeLash_HigherLODs_Inst.uexp" 3492
"C:/Users/whart/OneDrive/Documents/GitHub/Unreal-Engine-C-/Content/MetaHumans/Head4/Face/ABP_Head4_FaceMesh_PostProcess.uasset" 3493
"C:/Users/whart/OneDrive/Documents/GitHub/Unreal-Engine-C-/Content/MetaHumans/Head4/Face/ABP_Head4_FaceMesh_PostProcess.uexp" 3494
"C:/Users/whart/OneDrive/Documents/GitHub/Unreal-Engine-C-/Content/MetaHumans/Head4/Face/Materials/MI_Teeth_Simplified.uasset" 3495
"C:/Users/whart/OneDrive/Documents/GitHub/Unreal-Engine-C-/Content/MetaHumans/Head4/Face/Materials/MI_Teeth_Simplified.uexp" 3496
"C:/Users/whart/OneDrive/Documents/GitHub/Unreal-Engine-C-/Content/MetaHumans/Head4/Face/Materials/MI_MetaHumanEye_Simplified.uasset" 3497
"C:/Users/whart/OneDrive/Documents/GitHub/Unreal-Engine-C-/Content/MetaHumans/Head4/Face/Materials/MI_MetaHumanEye_Simplified.uexp" 3498
"C:/Users/whart/OneDrive/Documents/GitHub/Unreal-Engine-C-/Content/MetaHumans/Head4/Face/Textures/T_HeadLOD3_Specular.ubulk" 3499
"C:/Users/whart/OneDrive/Documents/GitHub/Unreal-Engine-C-/Content/MetaHumans/Head4/Face/Textures/T_HeadLOD3_Specular.uasset" 3500
"C:/Users/whart/OneDrive/Documents/GitHub/Unreal-Engine-C-/Content/MetaHumans/Head4/Face/Textures/T_HeadLOD3_Specular.uexp" 3501
"C:/Users/whart/OneDrive/Documents/GitHub/Unreal-Engine-C-/Content/MetaHumans/Head4/Face/Textures/T_HeadLOD3_Normal.ubulk" 3502
"C:/Users/whart/OneDrive/Documents/GitHub/Unreal-Engine-C-/Content/MetaHumans/Head4/Face/Textures/T_HeadLOD3_Normal.uasset" 3503
"C:/Users/whart/OneDrive/Documents/GitHub/Unreal-Engine-C-/Content/MetaHumans/Head4/Face/Textures/T_HeadLOD3_Normal.uexp" 3504
"C:/Users/whart/OneDrive/Documents/GitHub/Unreal-Engine-C-/Content/MetaHumans/Head4/Face/Textures/T_HeadLOD3_BaseColor.ubulk" 3505
"C:/Users/whart/OneDrive/Documents/GitHub/Unreal-Engine-C-/Content/MetaHumans/Head4/Face/Textures/T_HeadLOD3_BaseColor.uasset" 3506
"C:/Users/whart/OneDrive/Documents/GitHub/Unreal-Engine-C-/Content/MetaHumans/Head4/Face/Textures/T_HeadLOD3_BaseColor.uexp" 3507
"C:/Users/whart/OneDrive/Documents/GitHub/Unreal-Engine-C-/Content/MetaHumans/Head4/Face/Materials/MI_HeadSynthesized_Simplified_LOD3.uasset" 3508
"C:/Users/whart/OneDrive/Documents/GitHub/Unreal-Engine-C-/Content/MetaHumans/Head4/Face/Materials/MI_HeadSynthesized_Simplified_LOD3.uexp" 3509
"C:/Users/whart/OneDrive/Documents/GitHub/Unreal-Engine-C-/Content/MetaHumans/Head4/Face/Textures/T_HeadLOD5_Specular.ubulk" 3510
"C:/Users/whart/OneDrive/Documents/GitHub/Unreal-Engine-C-/Content/MetaHumans/Head4/Face/Textures/T_HeadLOD5_Specular.uasset" 3511
"C:/Users/whart/OneDrive/Documents/GitHub/Unreal-Engine-C-/Content/MetaHumans/Head4/Face/Textures/T_HeadLOD5_Specular.uexp" 3512
"C:/Users/whart/OneDrive/Documents/GitHub/Unreal-Engine-C-/Content/MetaHumans/Head4/Face/Textures/T_HeadLOD5_Normal.ubulk" 3513
"C:/Users/whart/OneDrive/Documents/GitHub/Unreal-Engine-C-/Content/MetaHumans/Head4/Face/Textures/T_HeadLOD5_Normal.uasset" 3514
"C:/Users/whart/OneDrive/Documents/GitHub/Unreal-Engine-C-/Content/MetaHumans/Head4/Face/Textures/T_HeadLOD5_Normal.uexp" 3515
"C:/Users/whart/OneDrive/Documents/GitHub/Unreal-Engine-C-/Content/MetaHumans/Head4/Face/Textures/T_HeadLOD5_BaseColor.ubulk" 3516
"C:/Users/whart/OneDrive/Documents/GitHub/Unreal-Engine-C-/Content/MetaHumans/Head4/Face/Textures/T_HeadLOD5_BaseColor.uasset" 3517
"C:/Users/whart/OneDrive/Documents/GitHub/Unreal-Engine-C-/Content/MetaHumans/Head4/Face/Textures/T_HeadLOD5_BaseColor.uexp" 3518
"C:/Users/whart/OneDrive/Documents/GitHub/Unreal-Engine-C-/Content/MetaHumans/Head4/Face/Materials/MI_HeadSynthesized_Simplified_LOD5.uasset" 3519
"C:/Users/whart/OneDrive/Documents/GitHub/Unreal-Engine-C-/Content/MetaHumans/Head4/Face/Materials/MI_HeadSynthesized_Simplified_LOD5.uexp" 3520
"C:/Users/whart/OneDrive/Documents/GitHub/Unreal-Engine-C-/Content/Assets/CharacterAssets/MetaHuman_Selecton/Heads/SKM_Head4.uasset" 3521
"C:/Users/whart/OneDrive/Documents/GitHub/Unreal-Engine-C-/Content/Assets/CharacterAssets/MetaHuman_Selecton/Heads/SKM_Head4.uexp" 3522
"C:/Users/whart/OneDrive/Documents/GitHub/Unreal-Engine-C-/Content/MetaHumans/Head5/Materials/M_EyeLash_HigherLODs_Inst.uasset" 3523
"C:/Users/whart/OneDrive/Documents/GitHub/Unreal-Engine-C-/Content/MetaHumans/Head5/Materials/M_EyeLash_HigherLODs_Inst.uexp" 3524
"C:/Users/whart/OneDrive/Documents/GitHub/Unreal-Engine-C-/Content/MetaHumans/Head5/Face/ABP_Head5_FaceMesh_PostProcess.uasset" 3525
"C:/Users/whart/OneDrive/Documents/GitHub/Unreal-Engine-C-/Content/MetaHumans/Head5/Face/ABP_Head5_FaceMesh_PostProcess.uexp" 3526
"C:/Users/whart/OneDrive/Documents/GitHub/Unreal-Engine-C-/Content/MetaHumans/Head5/Face/Materials/MI_Teeth_Simplified.uasset" 3527
"C:/Users/whart/OneDrive/Documents/GitHub/Unreal-Engine-C-/Content/MetaHumans/Head5/Face/Materials/MI_Teeth_Simplified.uexp" 3528
"C:/Users/whart/OneDrive/Documents/GitHub/Unreal-Engine-C-/Content/MetaHumans/Head5/Face/Materials/MI_MetaHumanEye_Simplified.uasset" 3529
"C:/Users/whart/OneDrive/Documents/GitHub/Unreal-Engine-C-/Content/MetaHumans/Head5/Face/Materials/MI_MetaHumanEye_Simplified.uexp" 3530
"C:/Users/whart/OneDrive/Documents/GitHub/Unreal-Engine-C-/Content/MetaHumans/Head5/Face/Textures/T_HeadLOD3_Specular.ubulk" 3531
"C:/Users/whart/OneDrive/Documents/GitHub/Unreal-Engine-C-/Content/MetaHumans/Head5/Face/Textures/T_HeadLOD3_Specular.uasset" 3532
"C:/Users/whart/OneDrive/Documents/GitHub/Unreal-Engine-C-/Content/MetaHumans/Head5/Face/Textures/T_HeadLOD3_Specular.uexp" 3533
"C:/Users/whart/OneDrive/Documents/GitHub/Unreal-Engine-C-/Content/MetaHumans/Head5/Face/Textures/T_HeadLOD3_Normal.ubulk" 3534
"C:/Users/whart/OneDrive/Documents/GitHub/Unreal-Engine-C-/Content/MetaHumans/Head5/Face/Textures/T_HeadLOD3_Normal.uasset" 3535
"C:/Users/whart/OneDrive/Documents/GitHub/Unreal-Engine-C-/Content/MetaHumans/Head5/Face/Textures/T_HeadLOD3_Normal.uexp" 3536
"C:/Users/whart/OneDrive/Documents/GitHub/Unreal-Engine-C-/Content/MetaHumans/Head5/Face/Textures/T_HeadLOD3_BaseColor.ubulk" 3537
"C:/Users/whart/OneDrive/Documents/GitHub/Unreal-Engine-C-/Content/MetaHumans/Head5/Face/Textures/T_HeadLOD3_BaseColor.uasset" 3538
"C:/Users/whart/OneDrive/Documents/GitHub/Unreal-Engine-C-/Content/MetaHumans/Head5/Face/Textures/T_HeadLOD3_BaseColor.uexp" 3539
"C:/Users/whart/OneDrive/Documents/GitHub/Unreal-Engine-C-/Content/MetaHumans/Head5/Face/Materials/MI_HeadSynthesized_Simplified_LOD3.uasset" 3540
"C:/Users/whart/OneDrive/Documents/GitHub/Unreal-Engine-C-/Content/MetaHumans/Head5/Face/Materials/MI_HeadSynthesized_Simplified_LOD3.uexp" 3541
"C:/Users/whart/OneDrive/Documents/GitHub/Unreal-Engine-C-/Content/MetaHumans/Head5/Face/Textures/T_HeadLOD5_Specular.ubulk" 3542
"C:/Users/whart/OneDrive/Documents/GitHub/Unreal-Engine-C-/Content/MetaHumans/Head5/Face/Textures/T_HeadLOD5_Specular.uasset" 3543
"C:/Users/whart/OneDrive/Documents/GitHub/Unreal-Engine-C-/Content/MetaHumans/Head5/Face/Textures/T_HeadLOD5_Specular.uexp" 3544
"C:/Users/whart/OneDrive/Documents/GitHub/Unreal-Engine-C-/Content/MetaHumans/Head5/Face/Textures/T_HeadLOD5_Normal.ubulk" 3545
"C:/Users/whart/OneDrive/Documents/GitHub/Unreal-Engine-C-/Content/MetaHumans/Head5/Face/Textures/T_HeadLOD5_Normal.uasset" 3546
"C:/Users/whart/OneDrive/Documents/GitHub/Unreal-Engine-C-/Content/MetaHumans/Head5/Face/Textures/T_HeadLOD5_Normal.uexp" 3547
"C:/Users/whart/OneDrive/Documents/GitHub/Unreal-Engine-C-/Content/MetaHumans/Head5/Face/Textures/T_HeadLOD5_BaseColor.ubulk" 3548
"C:/Users/whart/OneDrive/Documents/GitHub/Unreal-Engine-C-/Content/MetaHumans/Head5/Face/Textures/T_HeadLOD5_BaseColor.uasset" 3549
"C:/Users/whart/OneDrive/Documents/GitHub/Unreal-Engine-C-/Content/MetaHumans/Head5/Face/Textures/T_HeadLOD5_BaseColor.uexp" 3550
"C:/Users/whart/OneDrive/Documents/GitHub/Unreal-Engine-C-/Content/MetaHumans/Head5/Face/Materials/MI_HeadSynthesized_Simplified_LOD5.uasset" 3551
"C:/Users/whart/OneDrive/Documents/GitHub/Unreal-Engine-C-/Content/MetaHumans/Head5/Face/Materials/MI_HeadSynthesized_Simplified_LOD5.uexp" 3552
"C:/Users/whart/OneDrive/Documents/GitHub/Unreal-Engine-C-/Content/Assets/CharacterAssets/MetaHuman_Selecton/Heads/SKM_Head5.uasset" 3553
"C:/Users/whart/OneDrive/Documents/GitHub/Unreal-Engine-C-/Content/Assets/CharacterAssets/MetaHuman_Selecton/Heads/SKM_Head5.uexp" 3554
"C:/Users/whart/OneDrive/Documents/GitHub/Unreal-Engine-C-/Content/MetaHumans/Head6/Materials/M_EyeLash_HigherLODs_Inst.uasset" 3555
"C:/Users/whart/OneDrive/Documents/GitHub/Unreal-Engine-C-/Content/MetaHumans/Head6/Materials/M_EyeLash_HigherLODs_Inst.uexp" 3556
"C:/Users/whart/OneDrive/Documents/GitHub/Unreal-Engine-C-/Content/MetaHumans/Head6/Face/ABP_Head6_FaceMesh_PostProcess.uasset" 3557
"C:/Users/whart/OneDrive/Documents/GitHub/Unreal-Engine-C-/Content/MetaHumans/Head6/Face/ABP_Head6_FaceMesh_PostProcess.uexp" 3558
"C:/Users/whart/OneDrive/Documents/GitHub/Unreal-Engine-C-/Content/MetaHumans/Head6/Face/Materials/MI_Teeth_Simplified.uasset" 3559
"C:/Users/whart/OneDrive/Documents/GitHub/Unreal-Engine-C-/Content/MetaHumans/Head6/Face/Materials/MI_Teeth_Simplified.uexp" 3560
"C:/Users/whart/OneDrive/Documents/GitHub/Unreal-Engine-C-/Content/MetaHumans/Head6/Face/Materials/MI_MetaHumanEye_Simplified.uasset" 3561
"C:/Users/whart/OneDrive/Documents/GitHub/Unreal-Engine-C-/Content/MetaHumans/Head6/Face/Materials/MI_MetaHumanEye_Simplified.uexp" 3562
"C:/Users/whart/OneDrive/Documents/GitHub/Unreal-Engine-C-/Content/MetaHumans/Head6/Face/Textures/T_HeadLOD3_Specular.ubulk" 3563
"C:/Users/whart/OneDrive/Documents/GitHub/Unreal-Engine-C-/Content/MetaHumans/Head6/Face/Textures/T_HeadLOD3_Specular.uasset" 3564
"C:/Users/whart/OneDrive/Documents/GitHub/Unreal-Engine-C-/Content/MetaHumans/Head6/Face/Textures/T_HeadLOD3_Specular.uexp" 3565
"C:/Users/whart/OneDrive/Documents/GitHub/Unreal-Engine-C-/Content/MetaHumans/Head6/Face/Textures/T_HeadLOD3_Normal.ubulk" 3566
"C:/Users/whart/OneDrive/Documents/GitHub/Unreal-Engine-C-/Content/MetaHumans/Head6/Face/Textures/T_HeadLOD3_Normal.uasset" 3567
"C:/Users/whart/OneDrive/Documents/GitHub/Unreal-Engine-C-/Content/MetaHumans/Head6/Face/Textures/T_HeadLOD3_Normal.uexp" 3568
"C:/Users/whart/OneDrive/Documents/GitHub/Unreal-Engine-C-/Content/MetaHumans/Head6/Face/Textures/T_HeadLOD3_BaseColor.ubulk" 3569
"C:/Users/whart/OneDrive/Documents/GitHub/Unreal-Engine-C-/Content/MetaHumans/Head6/Face/Textures/T_HeadLOD3_BaseColor.uasset" 3570
"C:/Users/whart/OneDrive/Documents/GitHub/Unreal-Engine-C-/Content/MetaHumans/Head6/Face/Textures/T_HeadLOD3_BaseColor.uexp" 3571
"C:/Users/whart/OneDrive/Documents/GitHub/Unreal-Engine-C-/Content/MetaHumans/Head6/Face/Materials/MI_HeadSynthesized_Simplified_LOD3.uasset" 3572
"C:/Users/whart/OneDrive/Documents/GitHub/Unreal-Engine-C-/Content/MetaHumans/Head6/Face/Materials/MI_HeadSynthesized_Simplified_LOD3.uexp" 3573
"C:/Users/whart/OneDrive/Documents/GitHub/Unreal-Engine-C-/Content/MetaHumans/Head6/Face/Textures/T_HeadLOD5_Specular.ubulk" 3574
"C:/Users/whart/OneDrive/Documents/GitHub/Unreal-Engine-C-/Content/MetaHumans/Head6/Face/Textures/T_HeadLOD5_Specular.uasset" 3575
"C:/Users/whart/OneDrive/Documents/GitHub/Unreal-Engine-C-/Content/MetaHumans/Head6/Face/Textures/T_HeadLOD5_Specular.uexp" 3576
"C:/Users/whart/OneDrive/Documents/GitHub/Unreal-Engine-C-/Content/MetaHumans/Head6/Face/Textures/T_HeadLOD5_Normal.ubulk" 3577
"C:/Users/whart/OneDrive/Documents/GitHub/Unreal-Engine-C-/Content/MetaHumans/Head6/Face/Textures/T_HeadLOD5_Normal.uasset" 3578
"C:/Users/whart/OneDrive/Documents/GitHub/Unreal-Engine-C-/Content/MetaHumans/Head6/Face/Textures/T_HeadLOD5_Normal.uexp" 3579
"C:/Users/whart/OneDrive/Documents/GitHub/Unreal-Engine-C-/Content/MetaHumans/Head6/Face/Textures/T_HeadLOD5_BaseColor.ubulk" 3580
"C:/Users/whart/OneDrive/Documents/GitHub/Unreal-Engine-C-/Content/MetaHumans/Head6/Face/Textures/T_HeadLOD5_BaseColor.uasset" 3581
"C:/Users/whart/OneDrive/Documents/GitHub/Unreal-Engine-C-/Content/MetaHumans/Head6/Face/Textures/T_HeadLOD5_BaseColor.uexp" 3582
"C:/Users/whart/OneDrive/Documents/GitHub/Unreal-Engine-C-/Content/MetaHumans/Head6/Face/Materials/MI_HeadSynthesized_Simplified_LOD5.uasset" 3583
"C:/Users/whart/OneDrive/Documents/GitHub/Unreal-Engine-C-/Content/MetaHumans/Head6/Face/Materials/MI_HeadSynthesized_Simplified_LOD5.uexp" 3584
"C:/Users/whart/OneDrive/Documents/GitHub/Unreal-Engine-C-/Content/Assets/CharacterAssets/MetaHuman_Selecton/Heads/SKM_Head6.uasset" 3585
"C:/Users/whart/OneDrive/Documents/GitHub/Unreal-Engine-C-/Content/Assets/CharacterAssets/MetaHuman_Selecton/Heads/SKM_Head6.uexp" 3586
"C:/Users/whart/OneDrive/Documents/GitHub/Unreal-Engine-C-/Content/MetaHumans/Head7/Materials/M_EyeLash_HigherLODs_Inst.uasset" 3587
"C:/Users/whart/OneDrive/Documents/GitHub/Unreal-Engine-C-/Content/MetaHumans/Head7/Materials/M_EyeLash_HigherLODs_Inst.uexp" 3588
"C:/Users/whart/OneDrive/Documents/GitHub/Unreal-Engine-C-/Content/MetaHumans/Head7/Face/ABP_Head7_FaceMesh_PostProcess.uasset" 3589
"C:/Users/whart/OneDrive/Documents/GitHub/Unreal-Engine-C-/Content/MetaHumans/Head7/Face/ABP_Head7_FaceMesh_PostProcess.uexp" 3590
"C:/Users/whart/OneDrive/Documents/GitHub/Unreal-Engine-C-/Content/MetaHumans/Head7/Face/Materials/MI_Teeth_Simplified.uasset" 3591
"C:/Users/whart/OneDrive/Documents/GitHub/Unreal-Engine-C-/Content/MetaHumans/Head7/Face/Materials/MI_Teeth_Simplified.uexp" 3592
"C:/Users/whart/OneDrive/Documents/GitHub/Unreal-Engine-C-/Content/MetaHumans/Head7/Face/Materials/MI_MetaHumanEye_Simplified.uasset" 3593
"C:/Users/whart/OneDrive/Documents/GitHub/Unreal-Engine-C-/Content/MetaHumans/Head7/Face/Materials/MI_MetaHumanEye_Simplified.uexp" 3594
"C:/Users/whart/OneDrive/Documents/GitHub/Unreal-Engine-C-/Content/MetaHumans/Head7/Face/Textures/T_HeadLOD3_Specular.ubulk" 3595
"C:/Users/whart/OneDrive/Documents/GitHub/Unreal-Engine-C-/Content/MetaHumans/Head7/Face/Textures/T_HeadLOD3_Specular.uasset" 3596
"C:/Users/whart/OneDrive/Documents/GitHub/Unreal-Engine-C-/Content/MetaHumans/Head7/Face/Textures/T_HeadLOD3_Specular.uexp" 3597
"C:/Users/whart/OneDrive/Documents/GitHub/Unreal-Engine-C-/Content/MetaHumans/Head7/Face/Textures/T_HeadLOD3_Normal.ubulk" 3598
"C:/Users/whart/OneDrive/Documents/GitHub/Unreal-Engine-C-/Content/MetaHumans/Head7/Face/Textures/T_HeadLOD3_Normal.uasset" 3599
"C:/Users/whart/OneDrive/Documents/GitHub/Unreal-Engine-C-/Content/MetaHumans/Head7/Face/Textures/T_HeadLOD3_Normal.uexp" 3600
"C:/Users/whart/OneDrive/Documents/GitHub/Unreal-Engine-C-/Content/MetaHumans/Head7/Face/Textures/T_HeadLOD3_BaseColor.ubulk" 3601
"C:/Users/whart/OneDrive/Documents/GitHub/Unreal-Engine-C-/Content/MetaHumans/Head7/Face/Textures/T_HeadLOD3_BaseColor.uasset" 3602
"C:/Users/whart/OneDrive/Documents/GitHub/Unreal-Engine-C-/Content/MetaHumans/Head7/Face/Textures/T_HeadLOD3_BaseColor.uexp" 3603
"C:/Users/whart/OneDrive/Documents/GitHub/Unreal-Engine-C-/Content/MetaHumans/Head7/Face/Materials/MI_HeadSynthesized_Simplified_LOD3.uasset" 3604
"C:/Users/whart/OneDrive/Documents/GitHub/Unreal-Engine-C-/Content/MetaHumans/Head7/Face/Materials/MI_HeadSynthesized_Simplified_LOD3.uexp" 3605
"C:/Users/whart/OneDrive/Documents/GitHub/Unreal-Engine-C-/Content/MetaHumans/Head7/Face/Textures/T_HeadLOD5_Specular.ubulk" 3606
"C:/Users/whart/OneDrive/Documents/GitHub/Unreal-Engine-C-/Content/MetaHumans/Head7/Face/Textures/T_HeadLOD5_Specular.uasset" 3607
"C:/Users/whart/OneDrive/Documents/GitHub/Unreal-Engine-C-/Content/MetaHumans/Head7/Face/Textures/T_HeadLOD5_Specular.uexp" 3608
"C:/Users/whart/OneDrive/Documents/GitHub/Unreal-Engine-C-/Content/MetaHumans/Head7/Face/Textures/T_HeadLOD5_Normal.ubulk" 3609
"C:/Users/whart/OneDrive/Documents/GitHub/Unreal-Engine-C-/Content/MetaHumans/Head7/Face/Textures/T_HeadLOD5_Normal.uasset" 3610
"C:/Users/whart/OneDrive/Documents/GitHub/Unreal-Engine-C-/Content/MetaHumans/Head7/Face/Textures/T_HeadLOD5_Normal.uexp" 3611
"C:/Users/whart/OneDrive/Documents/GitHub/Unreal-Engine-C-/Content/MetaHumans/Head7/Face/Textures/T_HeadLOD5_BaseColor.ubulk" 3612
"C:/Users/whart/OneDrive/Documents/GitHub/Unreal-Engine-C-/Content/MetaHumans/Head7/Face/Textures/T_HeadLOD5_BaseColor.uasset" 3613
"C:/Users/whart/OneDrive/Documents/GitHub/Unreal-Engine-C-/Content/MetaHumans/Head7/Face/Textures/T_HeadLOD5_BaseColor.uexp" 3614
"C:/Users/whart/OneDrive/Documents/GitHub/Unreal-Engine-C-/Content/MetaHumans/Head7/Face/Materials/MI_HeadSynthesized_Simplified_LOD5.uasset" 3615
"C:/Users/whart/OneDrive/Documents/GitHub/Unreal-Engine-C-/Content/MetaHumans/Head7/Face/Materials/MI_HeadSynthesized_Simplified_LOD5.uexp" 3616
"C:/Users/whart/OneDrive/Documents/GitHub/Unreal-Engine-C-/Content/Assets/CharacterAssets/MetaHuman_Selecton/Heads/SKM_Head7.uasset" 3617
"C:/Users/whart/OneDrive/Documents/GitHub/Unreal-Engine-C-/Content/Assets/CharacterAssets/MetaHuman_Selecton/Heads/SKM_Head7.uexp" 3618
"C:/Users/whart/OneDrive/Documents/GitHub/Unreal-Engine-C-/Content/Assets/CharacterAssets/MetaHuman_Selecton/Pants/Pants1.uasset" 3619
"C:/Users/whart/OneDrive/Documents/GitHub/Unreal-Engine-C-/Content/Assets/CharacterAssets/MetaHuman_Selecton/Pants/Pants1.uexp" 3620
"C:/Users/whart/OneDrive/Documents/GitHub/Unreal-Engine-C-/Content/MetaHumans/Common/Common/MetaHuman_Clothing_LODSettings_Medium.uasset" 3621
"C:/Users/whart/OneDrive/Documents/GitHub/Unreal-Engine-C-/Content/MetaHumans/Common/Common/MetaHuman_Clothing_LODSettings_Medium.uexp" 3622
"C:/Users/whart/OneDrive/Documents/GitHub/Unreal-Engine-C-/Content/MetaHumans/Common/Male/Medium/NormalWeight/Bottoms/Jeans/m_med_nrw_btm_jeans_nrm_Physics.uasset" 3623
"C:/Users/whart/OneDrive/Documents/GitHub/Unreal-Engine-C-/Content/MetaHumans/Common/Male/Medium/NormalWeight/Bottoms/Jeans/m_med_nrw_btm_jeans_nrm_Physics.uexp" 3624
"C:/Users/whart/OneDrive/Documents/GitHub/Unreal-Engine-C-/Content/Assets/CharacterAssets/MetaHuman_Selecton/Pants/Pants2.uasset" 3625
"C:/Users/whart/OneDrive/Documents/GitHub/Unreal-Engine-C-/Content/Assets/CharacterAssets/MetaHuman_Selecton/Pants/Pants2.uexp" 3626
"C:/Users/whart/OneDrive/Documents/GitHub/Unreal-Engine-C-/Content/MetaHumans/Common/Female/Medium/NormalWeight/Bottoms/Shorts/f_med_nrw_btm_shorts_nrm_Bounding.uasset" 3627
"C:/Users/whart/OneDrive/Documents/GitHub/Unreal-Engine-C-/Content/MetaHumans/Common/Female/Medium/NormalWeight/Bottoms/Shorts/f_med_nrw_btm_shorts_nrm_Bounding.uexp" 3628
"C:/Users/whart/OneDrive/Documents/GitHub/Unreal-Engine-C-/Content/Assets/CharacterAssets/MetaHuman_Selecton/Pants/Pants3.uasset" 3629
"C:/Users/whart/OneDrive/Documents/GitHub/Unreal-Engine-C-/Content/Assets/CharacterAssets/MetaHuman_Selecton/Pants/Pants3.uexp" 3630
"C:/Users/whart/OneDrive/Documents/GitHub/Unreal-Engine-C-/Content/Assets/CharacterAssets/MetaHuman_Selecton/Pants/Pants4.uasset" 3631
"C:/Users/whart/OneDrive/Documents/GitHub/Unreal-Engine-C-/Content/Assets/CharacterAssets/MetaHuman_Selecton/Pants/Pants4.uexp" 3632
"C:/Users/whart/OneDrive/Documents/GitHub/Unreal-Engine-C-/Content/Assets/CharacterAssets/MetaHuman_Selecton/Pants/Pants5.uasset" 3633
"C:/Users/whart/OneDrive/Documents/GitHub/Unreal-Engine-C-/Content/Assets/CharacterAssets/MetaHuman_Selecton/Pants/Pants5.uexp" 3634
"C:/Users/whart/OneDrive/Documents/GitHub/Unreal-Engine-C-/Content/Assets/CharacterAssets/MetaHuman_Selecton/Shoes/Shoes1.uasset" 3635
"C:/Users/whart/OneDrive/Documents/GitHub/Unreal-Engine-C-/Content/Assets/CharacterAssets/MetaHuman_Selecton/Shoes/Shoes1.uexp" 3636
"C:/Users/whart/OneDrive/Documents/GitHub/Unreal-Engine-C-/Content/Assets/CharacterAssets/MetaHuman_Selecton/Shoes/Shoes2.uasset" 3637
"C:/Users/whart/OneDrive/Documents/GitHub/Unreal-Engine-C-/Content/Assets/CharacterAssets/MetaHuman_Selecton/Shoes/Shoes2.uexp" 3638
"C:/Users/whart/OneDrive/Documents/GitHub/Unreal-Engine-C-/Content/MetaHumans/Common/Male/Medium/NormalWeight/Shoes/CasualSneakers/m_med_nrw_shs_casualsneakers_Physics.uasset" 3639
"C:/Users/whart/OneDrive/Documents/GitHub/Unreal-Engine-C-/Content/MetaHumans/Common/Male/Medium/NormalWeight/Shoes/CasualSneakers/m_med_nrw_shs_casualsneakers_Physics.uexp" 3640
"C:/Users/whart/OneDrive/Documents/GitHub/Unreal-Engine-C-/Content/MetaHumans/Common/Shared/Animation/CR_PlaceHolder.uasset" 3641
"C:/Users/whart/OneDrive/Documents/GitHub/Unreal-Engine-C-/Content/MetaHumans/Common/Shared/Animation/CR_PlaceHolder.uexp" 3642
"C:/Users/whart/OneDrive/Documents/GitHub/Unreal-Engine-C-/Content/MetaHumans/Common/Shared/Animation/ABP_Clothing_PostProcess.uasset" 3643
"C:/Users/whart/OneDrive/Documents/GitHub/Unreal-Engine-C-/Content/MetaHumans/Common/Shared/Animation/ABP_Clothing_PostProcess.uexp" 3644
"C:/Users/whart/OneDrive/Documents/GitHub/Unreal-Engine-C-/Content/MetaHumans/Common/Female/Medium/NormalWeight/Shoes/Flipflops/mh_flipflops_Skeleton.uasset" 3645
"C:/Users/whart/OneDrive/Documents/GitHub/Unreal-Engine-C-/Content/MetaHumans/Common/Female/Medium/NormalWeight/Shoes/Flipflops/mh_flipflops_Skeleton.uexp" 3646
"C:/Users/whart/OneDrive/Documents/GitHub/Unreal-Engine-C-/Content/MetaHumans/Common/Female/Medium/NormalWeight/Shoes/Flipflops/mh_flipflops_CtrlRig.uasset" 3647
"C:/Users/whart/OneDrive/Documents/GitHub/Unreal-Engine-C-/Content/MetaHumans/Common/Female/Medium/NormalWeight/Shoes/Flipflops/mh_flipflops_CtrlRig.uexp" 3648
"C:/Users/whart/OneDrive/Documents/GitHub/Unreal-Engine-C-/Content/MetaHumans/Common/Female/Medium/NormalWeight/Shoes/Flipflops/mh_flipflops_Skeleton_AnimBlueprint_Medium.uasset" 3649
"C:/Users/whart/OneDrive/Documents/GitHub/Unreal-Engine-C-/Content/MetaHumans/Common/Female/Medium/NormalWeight/Shoes/Flipflops/mh_flipflops_Skeleton_AnimBlueprint_Medium.uexp" 3650
"C:/Users/whart/OneDrive/Documents/GitHub/Unreal-Engine-C-/Content/Assets/CharacterAssets/MetaHuman_Selecton/Shoes/Shoes3.uasset" 3651
"C:/Users/whart/OneDrive/Documents/GitHub/Unreal-Engine-C-/Content/Assets/CharacterAssets/MetaHuman_Selecton/Shoes/Shoes3.uexp" 3652
"C:/Users/whart/OneDrive/Documents/GitHub/Unreal-Engine-C-/Content/MetaHumans/Common/Female/Medium/NormalWeight/Tops/Shirt/f_med_nrw_top_shirt_nrm_Skeleton.uasset" 3653
"C:/Users/whart/OneDrive/Documents/GitHub/Unreal-Engine-C-/Content/MetaHumans/Common/Female/Medium/NormalWeight/Tops/Shirt/f_med_nrw_top_shirt_nrm_Skeleton.uexp" 3654
"C:/Users/whart/OneDrive/Documents/GitHub/Unreal-Engine-C-/Content/MetaHumans/Common/Female/Medium/NormalWeight/Tops/Shirt/f_med_nrw_top_shirt_nrm_CtrlRig.uasset" 3655
"C:/Users/whart/OneDrive/Documents/GitHub/Unreal-Engine-C-/Content/MetaHumans/Common/Female/Medium/NormalWeight/Tops/Shirt/f_med_nrw_top_shirt_nrm_CtrlRig.uexp" 3656
"C:/Users/whart/OneDrive/Documents/GitHub/Unreal-Engine-C-/Content/MetaHumans/Common/Female/Medium/NormalWeight/Tops/Shirt/f_med_nrw_top_shirt_nrm_Skeleton_AnimBlueprint_Medium.uasset" 3657
"C:/Users/whart/OneDrive/Documents/GitHub/Unreal-Engine-C-/Content/MetaHumans/Common/Female/Medium/NormalWeight/Tops/Shirt/f_med_nrw_top_shirt_nrm_Skeleton_AnimBlueprint_Medium.uexp" 3658
"C:/Users/whart/OneDrive/Documents/GitHub/Unreal-Engine-C-/Content/MetaHumans/Common/Female/Medium/NormalWeight/Tops/Shirt/f_med_nrw_top_shirt_nrm_PhysicsAsset.uasset" 3659
"C:/Users/whart/OneDrive/Documents/GitHub/Unreal-Engine-C-/Content/MetaHumans/Common/Female/Medium/NormalWeight/Tops/Shirt/f_med_nrw_top_shirt_nrm_PhysicsAsset.uexp" 3660
"C:/Users/whart/OneDrive/Documents/GitHub/Unreal-Engine-C-/Content/MetaHumans/Common/Female/Medium/NormalWeight/Tops/Shirt/f_med_nrw_top_shirt_nrm_Medium.uasset" 3661
"C:/Users/whart/OneDrive/Documents/GitHub/Unreal-Engine-C-/Content/MetaHumans/Common/Female/Medium/NormalWeight/Tops/Shirt/f_med_nrw_top_shirt_nrm_Medium.uexp" 3662
"C:/Users/whart/OneDrive/Documents/GitHub/Unreal-Engine-C-/Content/MetaHumans/Head1/Body/Textures/T_Body_Specular.ubulk" 3663
"C:/Users/whart/OneDrive/Documents/GitHub/Unreal-Engine-C-/Content/MetaHumans/Head1/Body/Textures/T_Body_Specular.uasset" 3664
"C:/Users/whart/OneDrive/Documents/GitHub/Unreal-Engine-C-/Content/MetaHumans/Head1/Body/Textures/T_Body_Specular.uexp" 3665
"C:/Users/whart/OneDrive/Documents/GitHub/Unreal-Engine-C-/Content/MetaHumans/Head1/Body/Textures/T_Body_Normal.ubulk" 3666
"C:/Users/whart/OneDrive/Documents/GitHub/Unreal-Engine-C-/Content/MetaHumans/Head1/Body/Textures/T_Body_Normal.uasset" 3667
"C:/Users/whart/OneDrive/Documents/GitHub/Unreal-Engine-C-/Content/MetaHumans/Head1/Body/Textures/T_Body_Normal.uexp" 3668
"C:/Users/whart/OneDrive/Documents/GitHub/Unreal-Engine-C-/Content/MetaHumans/Head1/Body/Textures/T_Body_BaseColor.ubulk" 3669
"C:/Users/whart/OneDrive/Documents/GitHub/Unreal-Engine-C-/Content/MetaHumans/Head1/Body/Textures/T_Body_BaseColor.uasset" 3670
"C:/Users/whart/OneDrive/Documents/GitHub/Unreal-Engine-C-/Content/MetaHumans/Head1/Body/Textures/T_Body_BaseColor.uexp" 3671
"C:/Users/whart/OneDrive/Documents/GitHub/Unreal-Engine-C-/Content/MetaHumans/Head1/Body/Materials/MI_BodySynthesized_Simplified.uasset" 3672
"C:/Users/whart/OneDrive/Documents/GitHub/Unreal-Engine-C-/Content/MetaHumans/Head1/Body/Materials/MI_BodySynthesized_Simplified.uexp" 3673
"C:/Users/whart/OneDrive/Documents/GitHub/Unreal-Engine-C-/Content/MetaHumans/Head1/Body/m_med_nrw_body.uasset" 3674
"C:/Users/whart/OneDrive/Documents/GitHub/Unreal-Engine-C-/Content/MetaHumans/Head1/Body/m_med_nrw_body.uexp" 3675
"C:/Users/whart/OneDrive/Documents/GitHub/Unreal-Engine-C-/Content/MetaHumans/Head2/Body/Textures/T_Body_Specular.ubulk" 3676
"C:/Users/whart/OneDrive/Documents/GitHub/Unreal-Engine-C-/Content/MetaHumans/Head2/Body/Textures/T_Body_Specular.uasset" 3677
"C:/Users/whart/OneDrive/Documents/GitHub/Unreal-Engine-C-/Content/MetaHumans/Head2/Body/Textures/T_Body_Specular.uexp" 3678
"C:/Users/whart/OneDrive/Documents/GitHub/Unreal-Engine-C-/Content/MetaHumans/Head2/Body/Textures/T_Body_Normal.ubulk" 3679
"C:/Users/whart/OneDrive/Documents/GitHub/Unreal-Engine-C-/Content/MetaHumans/Head2/Body/Textures/T_Body_Normal.uasset" 3680
"C:/Users/whart/OneDrive/Documents/GitHub/Unreal-Engine-C-/Content/MetaHumans/Head2/Body/Textures/T_Body_Normal.uexp" 3681
"C:/Users/whart/OneDrive/Documents/GitHub/Unreal-Engine-C-/Content/MetaHumans/Head2/Body/Textures/T_Body_BaseColor.ubulk" 3682
"C:/Users/whart/OneDrive/Documents/GitHub/Unreal-Engine-C-/Content/MetaHumans/Head2/Body/Textures/T_Body_BaseColor.uasset" 3683
"C:/Users/whart/OneDrive/Documents/GitHub/Unreal-Engine-C-/Content/MetaHumans/Head2/Body/Textures/T_Body_BaseColor.uexp" 3684
"C:/Users/whart/OneDrive/Documents/GitHub/Unreal-Engine-C-/Content/MetaHumans/Head2/Body/Materials/MI_BodySynthesized_Simplified.uasset" 3685
"C:/Users/whart/OneDrive/Documents/GitHub/Unreal-Engine-C-/Content/MetaHumans/Head2/Body/Materials/MI_BodySynthesized_Simplified.uexp" 3686
"C:/Users/whart/OneDrive/Documents/GitHub/Unreal-Engine-C-/Content/MetaHumans/Common/Female/Medium/NormalWeight/Poses/f_med_nrw_upperarm_r_anim.uasset" 3687
"C:/Users/whart/OneDrive/Documents/GitHub/Unreal-Engine-C-/Content/MetaHumans/Common/Female/Medium/NormalWeight/Poses/f_med_nrw_upperarm_r_anim.m.ubulk" 3688
"C:/Users/whart/OneDrive/Documents/GitHub/Unreal-Engine-C-/Content/MetaHumans/Common/Female/Medium/NormalWeight/Poses/f_med_nrw_upperarm_r_anim.uexp" 3689
"C:/Users/whart/OneDrive/Documents/GitHub/Unreal-Engine-C-/Content/MetaHumans/Common/Female/Medium/NormalWeight/Poses/f_med_nrw_upperarm_r_pose.uasset" 3690
"C:/Users/whart/OneDrive/Documents/GitHub/Unreal-Engine-C-/Content/MetaHumans/Common/Female/Medium/NormalWeight/Poses/f_med_nrw_upperarm_r_pose.uexp" 3691
"C:/Users/whart/OneDrive/Documents/GitHub/Unreal-Engine-C-/Content/MetaHumans/Common/Female/Medium/NormalWeight/Poses/f_med_nrw_upperarm_l_anim.uasset" 3692
"C:/Users/whart/OneDrive/Documents/GitHub/Unreal-Engine-C-/Content/MetaHumans/Common/Female/Medium/NormalWeight/Poses/f_med_nrw_upperarm_l_anim.m.ubulk" 3693
"C:/Users/whart/OneDrive/Documents/GitHub/Unreal-Engine-C-/Content/MetaHumans/Common/Female/Medium/NormalWeight/Poses/f_med_nrw_upperarm_l_anim.uexp" 3694
"C:/Users/whart/OneDrive/Documents/GitHub/Unreal-Engine-C-/Content/MetaHumans/Common/Female/Medium/NormalWeight/Poses/f_med_nrw_upperarm_l_pose.uasset" 3695
"C:/Users/whart/OneDrive/Documents/GitHub/Unreal-Engine-C-/Content/MetaHumans/Common/Female/Medium/NormalWeight/Poses/f_med_nrw_upperarm_l_pose.uexp" 3696
"C:/Users/whart/OneDrive/Documents/GitHub/Unreal-Engine-C-/Content/MetaHumans/Common/Female/Medium/NormalWeight/Poses/f_med_nrw_thumb_03_r_anim.uasset" 3697
"C:/Users/whart/OneDrive/Documents/GitHub/Unreal-Engine-C-/Content/MetaHumans/Common/Female/Medium/NormalWeight/Poses/f_med_nrw_thumb_03_r_anim.m.ubulk" 3698
"C:/Users/whart/OneDrive/Documents/GitHub/Unreal-Engine-C-/Content/MetaHumans/Common/Female/Medium/NormalWeight/Poses/f_med_nrw_thumb_03_r_anim.uexp" 3699
"C:/Users/whart/OneDrive/Documents/GitHub/Unreal-Engine-C-/Content/MetaHumans/Common/Female/Medium/NormalWeight/Poses/f_med_nrw_thumb_03_r_pose.uasset" 3700
"C:/Users/whart/OneDrive/Documents/GitHub/Unreal-Engine-C-/Content/MetaHumans/Common/Female/Medium/NormalWeight/Poses/f_med_nrw_thumb_03_r_pose.uexp" 3701
"C:/Users/whart/OneDrive/Documents/GitHub/Unreal-Engine-C-/Content/MetaHumans/Common/Female/Medium/NormalWeight/Poses/f_med_nrw_thumb_03_l_anim.uasset" 3702
"C:/Users/whart/OneDrive/Documents/GitHub/Unreal-Engine-C-/Content/MetaHumans/Common/Female/Medium/NormalWeight/Poses/f_med_nrw_thumb_03_l_anim.m.ubulk" 3703
"C:/Users/whart/OneDrive/Documents/GitHub/Unreal-Engine-C-/Content/MetaHumans/Common/Female/Medium/NormalWeight/Poses/f_med_nrw_thumb_03_l_anim.uexp" 3704
"C:/Users/whart/OneDrive/Documents/GitHub/Unreal-Engine-C-/Content/MetaHumans/Common/Female/Medium/NormalWeight/Poses/f_med_nrw_thumb_03_l_pose.uasset" 3705
"C:/Users/whart/OneDrive/Documents/GitHub/Unreal-Engine-C-/Content/MetaHumans/Common/Female/Medium/NormalWeight/Poses/f_med_nrw_thumb_03_l_pose.uexp" 3706
"C:/Users/whart/OneDrive/Documents/GitHub/Unreal-Engine-C-/Content/MetaHumans/Common/Female/Medium/NormalWeight/Poses/f_med_nrw_thumb_02_r_anim.uasset" 3707
"C:/Users/whart/OneDrive/Documents/GitHub/Unreal-Engine-C-/Content/MetaHumans/Common/Female/Medium/NormalWeight/Poses/f_med_nrw_thumb_02_r_anim.m.ubulk" 3708
"C:/Users/whart/OneDrive/Documents/GitHub/Unreal-Engine-C-/Content/MetaHumans/Common/Female/Medium/NormalWeight/Poses/f_med_nrw_thumb_02_r_anim.uexp" 3709
"C:/Users/whart/OneDrive/Documents/GitHub/Unreal-Engine-C-/Content/MetaHumans/Common/Female/Medium/NormalWeight/Poses/f_med_nrw_thumb_02_r_pose.uasset" 3710
"C:/Users/whart/OneDrive/Documents/GitHub/Unreal-Engine-C-/Content/MetaHumans/Common/Female/Medium/NormalWeight/Poses/f_med_nrw_thumb_02_r_pose.uexp" 3711
"C:/Users/whart/OneDrive/Documents/GitHub/Unreal-Engine-C-/Content/MetaHumans/Common/Female/Medium/NormalWeight/Poses/f_med_nrw_thumb_02_l_anim.uasset" 3712
"C:/Users/whart/OneDrive/Documents/GitHub/Unreal-Engine-C-/Content/MetaHumans/Common/Female/Medium/NormalWeight/Poses/f_med_nrw_thumb_02_l_anim.m.ubulk" 3713
"C:/Users/whart/OneDrive/Documents/GitHub/Unreal-Engine-C-/Content/MetaHumans/Common/Female/Medium/NormalWeight/Poses/f_med_nrw_thumb_02_l_anim.uexp" 3714
"C:/Users/whart/OneDrive/Documents/GitHub/Unreal-Engine-C-/Content/MetaHumans/Common/Female/Medium/NormalWeight/Poses/f_med_nrw_thumb_02_l_pose.uasset" 3715
"C:/Users/whart/OneDrive/Documents/GitHub/Unreal-Engine-C-/Content/MetaHumans/Common/Female/Medium/NormalWeight/Poses/f_med_nrw_thumb_02_l_pose.uexp" 3716
"C:/Users/whart/OneDrive/Documents/GitHub/Unreal-Engine-C-/Content/MetaHumans/Common/Female/Medium/NormalWeight/Poses/f_med_nrw_thumb_01_r_anim.uasset" 3717
"C:/Users/whart/OneDrive/Documents/GitHub/Unreal-Engine-C-/Content/MetaHumans/Common/Female/Medium/NormalWeight/Poses/f_med_nrw_thumb_01_r_anim.m.ubulk" 3718
"C:/Users/whart/OneDrive/Documents/GitHub/Unreal-Engine-C-/Content/MetaHumans/Common/Female/Medium/NormalWeight/Poses/f_med_nrw_thumb_01_r_anim.uexp" 3719
"C:/Users/whart/OneDrive/Documents/GitHub/Unreal-Engine-C-/Content/MetaHumans/Common/Female/Medium/NormalWeight/Poses/f_med_nrw_thumb_01_r_pose.uasset" 3720
"C:/Users/whart/OneDrive/Documents/GitHub/Unreal-Engine-C-/Content/MetaHumans/Common/Female/Medium/NormalWeight/Poses/f_med_nrw_thumb_01_r_pose.uexp" 3721
"C:/Users/whart/OneDrive/Documents/GitHub/Unreal-Engine-C-/Content/MetaHumans/Common/Female/Medium/NormalWeight/Poses/f_med_nrw_thumb_01_l_anim.uasset" 3722
"C:/Users/whart/OneDrive/Documents/GitHub/Unreal-Engine-C-/Content/MetaHumans/Common/Female/Medium/NormalWeight/Poses/f_med_nrw_thumb_01_l_anim.m.ubulk" 3723
"C:/Users/whart/OneDrive/Documents/GitHub/Unreal-Engine-C-/Content/MetaHumans/Common/Female/Medium/NormalWeight/Poses/f_med_nrw_thumb_01_l_anim.uexp" 3724
"C:/Users/whart/OneDrive/Documents/GitHub/Unreal-Engine-C-/Content/MetaHumans/Common/Female/Medium/NormalWeight/Poses/f_med_nrw_thumb_01_l_pose.uasset" 3725
"C:/Users/whart/OneDrive/Documents/GitHub/Unreal-Engine-C-/Content/MetaHumans/Common/Female/Medium/NormalWeight/Poses/f_med_nrw_thumb_01_l_pose.uexp" 3726
"C:/Users/whart/OneDrive/Documents/GitHub/Unreal-Engine-C-/Content/MetaHumans/Common/Female/Medium/NormalWeight/Poses/f_med_nrw_thigh_r_anim.uasset" 3727
"C:/Users/whart/OneDrive/Documents/GitHub/Unreal-Engine-C-/Content/MetaHumans/Common/Female/Medium/NormalWeight/Poses/f_med_nrw_thigh_r_anim.m.ubulk" 3728
"C:/Users/whart/OneDrive/Documents/GitHub/Unreal-Engine-C-/Content/MetaHumans/Common/Female/Medium/NormalWeight/Poses/f_med_nrw_thigh_r_anim.uexp" 3729
"C:/Users/whart/OneDrive/Documents/GitHub/Unreal-Engine-C-/Content/MetaHumans/Common/Female/Medium/NormalWeight/Poses/f_med_nrw_thigh_r_pose.uasset" 3730
"C:/Users/whart/OneDrive/Documents/GitHub/Unreal-Engine-C-/Content/MetaHumans/Common/Female/Medium/NormalWeight/Poses/f_med_nrw_thigh_r_pose.uexp" 3731
"C:/Users/whart/OneDrive/Documents/GitHub/Unreal-Engine-C-/Content/MetaHumans/Common/Female/Medium/NormalWeight/Poses/f_med_nrw_thigh_l_anim.uasset" 3732
"C:/Users/whart/OneDrive/Documents/GitHub/Unreal-Engine-C-/Content/MetaHumans/Common/Female/Medium/NormalWeight/Poses/f_med_nrw_thigh_l_anim.m.ubulk" 3733
"C:/Users/whart/OneDrive/Documents/GitHub/Unreal-Engine-C-/Content/MetaHumans/Common/Female/Medium/NormalWeight/Poses/f_med_nrw_thigh_l_anim.uexp" 3734
"C:/Users/whart/OneDrive/Documents/GitHub/Unreal-Engine-C-/Content/MetaHumans/Common/Female/Medium/NormalWeight/Poses/f_med_nrw_thigh_l_pose.uasset" 3735
"C:/Users/whart/OneDrive/Documents/GitHub/Unreal-Engine-C-/Content/MetaHumans/Common/Female/Medium/NormalWeight/Poses/f_med_nrw_thigh_l_pose.uexp" 3736
"C:/Users/whart/OneDrive/Documents/GitHub/Unreal-Engine-C-/Content/MetaHumans/Common/Female/Medium/NormalWeight/Poses/f_med_nrw_ring_03_r_anim.uasset" 3737
"C:/Users/whart/OneDrive/Documents/GitHub/Unreal-Engine-C-/Content/MetaHumans/Common/Female/Medium/NormalWeight/Poses/f_med_nrw_ring_03_r_anim.m.ubulk" 3738
"C:/Users/whart/OneDrive/Documents/GitHub/Unreal-Engine-C-/Content/MetaHumans/Common/Female/Medium/NormalWeight/Poses/f_med_nrw_ring_03_r_anim.uexp" 3739
"C:/Users/whart/OneDrive/Documents/GitHub/Unreal-Engine-C-/Content/MetaHumans/Common/Female/Medium/NormalWeight/Poses/f_med_nrw_ring_03_r_pose.uasset" 3740
"C:/Users/whart/OneDrive/Documents/GitHub/Unreal-Engine-C-/Content/MetaHumans/Common/Female/Medium/NormalWeight/Poses/f_med_nrw_ring_03_r_pose.uexp" 3741
"C:/Users/whart/OneDrive/Documents/GitHub/Unreal-Engine-C-/Content/MetaHumans/Common/Female/Medium/NormalWeight/Poses/f_med_nrw_ring_03_l_anim.uasset" 3742
"C:/Users/whart/OneDrive/Documents/GitHub/Unreal-Engine-C-/Content/MetaHumans/Common/Female/Medium/NormalWeight/Poses/f_med_nrw_ring_03_l_anim.m.ubulk" 3743
"C:/Users/whart/OneDrive/Documents/GitHub/Unreal-Engine-C-/Content/MetaHumans/Common/Female/Medium/NormalWeight/Poses/f_med_nrw_ring_03_l_anim.uexp" 3744
"C:/Users/whart/OneDrive/Documents/GitHub/Unreal-Engine-C-/Content/MetaHumans/Common/Female/Medium/NormalWeight/Poses/f_med_nrw_ring_03_l_pose.uasset" 3745
"C:/Users/whart/OneDrive/Documents/GitHub/Unreal-Engine-C-/Content/MetaHumans/Common/Female/Medium/NormalWeight/Poses/f_med_nrw_ring_03_l_pose.uexp" 3746
"C:/Users/whart/OneDrive/Documents/GitHub/Unreal-Engine-C-/Content/MetaHumans/Common/Female/Medium/NormalWeight/Poses/f_med_nrw_ring_02_r_anim.uasset" 3747
"C:/Users/whart/OneDrive/Documents/GitHub/Unreal-Engine-C-/Content/MetaHumans/Common/Female/Medium/NormalWeight/Poses/f_med_nrw_ring_02_r_anim.m.ubulk" 3748
"C:/Users/whart/OneDrive/Documents/GitHub/Unreal-Engine-C-/Content/MetaHumans/Common/Female/Medium/NormalWeight/Poses/f_med_nrw_ring_02_r_anim.uexp" 3749
"C:/Users/whart/OneDrive/Documents/GitHub/Unreal-Engine-C-/Content/MetaHumans/Common/Female/Medium/NormalWeight/Poses/f_med_nrw_ring_02_r_pose.uasset" 3750
"C:/Users/whart/OneDrive/Documents/GitHub/Unreal-Engine-C-/Content/MetaHumans/Common/Female/Medium/NormalWeight/Poses/f_med_nrw_ring_02_r_pose.uexp" 3751
"C:/Users/whart/OneDrive/Documents/GitHub/Unreal-Engine-C-/Content/MetaHumans/Common/Female/Medium/NormalWeight/Poses/f_med_nrw_ring_02_l_anim.uasset" 3752
"C:/Users/whart/OneDrive/Documents/GitHub/Unreal-Engine-C-/Content/MetaHumans/Common/Female/Medium/NormalWeight/Poses/f_med_nrw_ring_02_l_anim.m.ubulk" 3753
"C:/Users/whart/OneDrive/Documents/GitHub/Unreal-Engine-C-/Content/MetaHumans/Common/Female/Medium/NormalWeight/Poses/f_med_nrw_ring_02_l_anim.uexp" 3754
"C:/Users/whart/OneDrive/Documents/GitHub/Unreal-Engine-C-/Content/MetaHumans/Common/Female/Medium/NormalWeight/Poses/f_med_nrw_ring_02_l_pose.uasset" 3755
"C:/Users/whart/OneDrive/Documents/GitHub/Unreal-Engine-C-/Content/MetaHumans/Common/Female/Medium/NormalWeight/Poses/f_med_nrw_ring_02_l_pose.uexp" 3756
"C:/Users/whart/OneDrive/Documents/GitHub/Unreal-Engine-C-/Content/MetaHumans/Common/Female/Medium/NormalWeight/Poses/f_med_nrw_ring_01_r_anim.uasset" 3757
"C:/Users/whart/OneDrive/Documents/GitHub/Unreal-Engine-C-/Content/MetaHumans/Common/Female/Medium/NormalWeight/Poses/f_med_nrw_ring_01_r_anim.m.ubulk" 3758
"C:/Users/whart/OneDrive/Documents/GitHub/Unreal-Engine-C-/Content/MetaHumans/Common/Female/Medium/NormalWeight/Poses/f_med_nrw_ring_01_r_anim.uexp" 3759
"C:/Users/whart/OneDrive/Documents/GitHub/Unreal-Engine-C-/Content/MetaHumans/Common/Female/Medium/NormalWeight/Poses/f_med_nrw_ring_01_r_pose.uasset" 3760
"C:/Users/whart/OneDrive/Documents/GitHub/Unreal-Engine-C-/Content/MetaHumans/Common/Female/Medium/NormalWeight/Poses/f_med_nrw_ring_01_r_pose.uexp" 3761
"C:/Users/whart/OneDrive/Documents/GitHub/Unreal-Engine-C-/Content/MetaHumans/Common/Female/Medium/NormalWeight/Poses/f_med_nrw_ring_01_l_anim.uasset" 3762
"C:/Users/whart/OneDrive/Documents/GitHub/Unreal-Engine-C-/Content/MetaHumans/Common/Female/Medium/NormalWeight/Poses/f_med_nrw_ring_01_l_anim.m.ubulk" 3763
"C:/Users/whart/OneDrive/Documents/GitHub/Unreal-Engine-C-/Content/MetaHumans/Common/Female/Medium/NormalWeight/Poses/f_med_nrw_ring_01_l_anim.uexp" 3764
"C:/Users/whart/OneDrive/Documents/GitHub/Unreal-Engine-C-/Content/MetaHumans/Common/Female/Medium/NormalWeight/Poses/f_med_nrw_ring_01_l_pose.uasset" 3765
"C:/Users/whart/OneDrive/Documents/GitHub/Unreal-Engine-C-/Content/MetaHumans/Common/Female/Medium/NormalWeight/Poses/f_med_nrw_ring_01_l_pose.uexp" 3766
"C:/Users/whart/OneDrive/Documents/GitHub/Unreal-Engine-C-/Content/MetaHumans/Common/Female/Medium/NormalWeight/Poses/f_med_nrw_pinky_03_r_anim.uasset" 3767
"C:/Users/whart/OneDrive/Documents/GitHub/Unreal-Engine-C-/Content/MetaHumans/Common/Female/Medium/NormalWeight/Poses/f_med_nrw_pinky_03_r_anim.m.ubulk" 3768
"C:/Users/whart/OneDrive/Documents/GitHub/Unreal-Engine-C-/Content/MetaHumans/Common/Female/Medium/NormalWeight/Poses/f_med_nrw_pinky_03_r_anim.uexp" 3769
"C:/Users/whart/OneDrive/Documents/GitHub/Unreal-Engine-C-/Content/MetaHumans/Common/Female/Medium/NormalWeight/Poses/f_med_nrw_pinky_03_r_pose.uasset" 3770
"C:/Users/whart/OneDrive/Documents/GitHub/Unreal-Engine-C-/Content/MetaHumans/Common/Female/Medium/NormalWeight/Poses/f_med_nrw_pinky_03_r_pose.uexp" 3771
"C:/Users/whart/OneDrive/Documents/GitHub/Unreal-Engine-C-/Content/MetaHumans/Common/Female/Medium/NormalWeight/Poses/f_med_nrw_pinky_03_l_anim.uasset" 3772
"C:/Users/whart/OneDrive/Documents/GitHub/Unreal-Engine-C-/Content/MetaHumans/Common/Female/Medium/NormalWeight/Poses/f_med_nrw_pinky_03_l_anim.m.ubulk" 3773
"C:/Users/whart/OneDrive/Documents/GitHub/Unreal-Engine-C-/Content/MetaHumans/Common/Female/Medium/NormalWeight/Poses/f_med_nrw_pinky_03_l_anim.uexp" 3774
"C:/Users/whart/OneDrive/Documents/GitHub/Unreal-Engine-C-/Content/MetaHumans/Common/Female/Medium/NormalWeight/Poses/f_med_nrw_pinky_03_l_pose.uasset" 3775
"C:/Users/whart/OneDrive/Documents/GitHub/Unreal-Engine-C-/Content/MetaHumans/Common/Female/Medium/NormalWeight/Poses/f_med_nrw_pinky_03_l_pose.uexp" 3776
"C:/Users/whart/OneDrive/Documents/GitHub/Unreal-Engine-C-/Content/MetaHumans/Common/Female/Medium/NormalWeight/Poses/f_med_nrw_pinky_02_r_anim.uasset" 3777
"C:/Users/whart/OneDrive/Documents/GitHub/Unreal-Engine-C-/Content/MetaHumans/Common/Female/Medium/NormalWeight/Poses/f_med_nrw_pinky_02_r_anim.m.ubulk" 3778
"C:/Users/whart/OneDrive/Documents/GitHub/Unreal-Engine-C-/Content/MetaHumans/Common/Female/Medium/NormalWeight/Poses/f_med_nrw_pinky_02_r_anim.uexp" 3779
"C:/Users/whart/OneDrive/Documents/GitHub/Unreal-Engine-C-/Content/MetaHumans/Common/Female/Medium/NormalWeight/Poses/f_med_nrw_pinky_02_r_pose.uasset" 3780
"C:/Users/whart/OneDrive/Documents/GitHub/Unreal-Engine-C-/Content/MetaHumans/Common/Female/Medium/NormalWeight/Poses/f_med_nrw_pinky_02_r_pose.uexp" 3781
"C:/Users/whart/OneDrive/Documents/GitHub/Unreal-Engine-C-/Content/MetaHumans/Common/Female/Medium/NormalWeight/Poses/f_med_nrw_pinky_02_l_anim.uasset" 3782
"C:/Users/whart/OneDrive/Documents/GitHub/Unreal-Engine-C-/Content/MetaHumans/Common/Female/Medium/NormalWeight/Poses/f_med_nrw_pinky_02_l_anim.m.ubulk" 3783
"C:/Users/whart/OneDrive/Documents/GitHub/Unreal-Engine-C-/Content/MetaHumans/Common/Female/Medium/NormalWeight/Poses/f_med_nrw_pinky_02_l_anim.uexp" 3784
"C:/Users/whart/OneDrive/Documents/GitHub/Unreal-Engine-C-/Content/MetaHumans/Common/Female/Medium/NormalWeight/Poses/f_med_nrw_pinky_02_l_pose.uasset" 3785
"C:/Users/whart/OneDrive/Documents/GitHub/Unreal-Engine-C-/Content/MetaHumans/Common/Female/Medium/NormalWeight/Poses/f_med_nrw_pinky_02_l_pose.uexp" 3786
"C:/Users/whart/OneDrive/Documents/GitHub/Unreal-Engine-C-/Content/MetaHumans/Common/Female/Medium/NormalWeight/Poses/f_med_nrw_pinky_01_r_anim.uasset" 3787
"C:/Users/whart/OneDrive/Documents/GitHub/Unreal-Engine-C-/Content/MetaHumans/Common/Female/Medium/NormalWeight/Poses/f_med_nrw_pinky_01_r_anim.m.ubulk" 3788
"C:/Users/whart/OneDrive/Documents/GitHub/Unreal-Engine-C-/Content/MetaHumans/Common/Female/Medium/NormalWeight/Poses/f_med_nrw_pinky_01_r_anim.uexp" 3789
"C:/Users/whart/OneDrive/Documents/GitHub/Unreal-Engine-C-/Content/MetaHumans/Common/Female/Medium/NormalWeight/Poses/f_med_nrw_pinky_01_r_pose.uasset" 3790
"C:/Users/whart/OneDrive/Documents/GitHub/Unreal-Engine-C-/Content/MetaHumans/Common/Female/Medium/NormalWeight/Poses/f_med_nrw_pinky_01_r_pose.uexp" 3791
"C:/Users/whart/OneDrive/Documents/GitHub/Unreal-Engine-C-/Content/MetaHumans/Common/Female/Medium/NormalWeight/Poses/f_med_nrw_pinky_01_l_anim.uasset" 3792
"C:/Users/whart/OneDrive/Documents/GitHub/Unreal-Engine-C-/Content/MetaHumans/Common/Female/Medium/NormalWeight/Poses/f_med_nrw_pinky_01_l_anim.m.ubulk" 3793
"C:/Users/whart/OneDrive/Documents/GitHub/Unreal-Engine-C-/Content/MetaHumans/Common/Female/Medium/NormalWeight/Poses/f_med_nrw_pinky_01_l_anim.uexp" 3794
"C:/Users/whart/OneDrive/Documents/GitHub/Unreal-Engine-C-/Content/MetaHumans/Common/Female/Medium/NormalWeight/Poses/f_med_nrw_pinky_01_l_pose.uasset" 3795
"C:/Users/whart/OneDrive/Documents/GitHub/Unreal-Engine-C-/Content/MetaHumans/Common/Female/Medium/NormalWeight/Poses/f_med_nrw_pinky_01_l_pose.uexp" 3796
"C:/Users/whart/OneDrive/Documents/GitHub/Unreal-Engine-C-/Content/MetaHumans/Common/Female/Medium/NormalWeight/Poses/f_med_nrw_middle_03_r_anim.uasset" 3797
"C:/Users/whart/OneDrive/Documents/GitHub/Unreal-Engine-C-/Content/MetaHumans/Common/Female/Medium/NormalWeight/Poses/f_med_nrw_middle_03_r_anim.m.ubulk" 3798
"C:/Users/whart/OneDrive/Documents/GitHub/Unreal-Engine-C-/Content/MetaHumans/Common/Female/Medium/NormalWeight/Poses/f_med_nrw_middle_03_r_anim.uexp" 3799
"C:/Users/whart/OneDrive/Documents/GitHub/Unreal-Engine-C-/Content/MetaHumans/Common/Female/Medium/NormalWeight/Poses/f_med_nrw_middle_03_r_pose.uasset" 3800
"C:/Users/whart/OneDrive/Documents/GitHub/Unreal-Engine-C-/Content/MetaHumans/Common/Female/Medium/NormalWeight/Poses/f_med_nrw_middle_03_r_pose.uexp" 3801
"C:/Users/whart/OneDrive/Documents/GitHub/Unreal-Engine-C-/Content/MetaHumans/Common/Female/Medium/NormalWeight/Poses/f_med_nrw_middle_03_l_anim.uasset" 3802
"C:/Users/whart/OneDrive/Documents/GitHub/Unreal-Engine-C-/Content/MetaHumans/Common/Female/Medium/NormalWeight/Poses/f_med_nrw_middle_03_l_anim.m.ubulk" 3803
"C:/Users/whart/OneDrive/Documents/GitHub/Unreal-Engine-C-/Content/MetaHumans/Common/Female/Medium/NormalWeight/Poses/f_med_nrw_middle_03_l_anim.uexp" 3804
"C:/Users/whart/OneDrive/Documents/GitHub/Unreal-Engine-C-/Content/MetaHumans/Common/Female/Medium/NormalWeight/Poses/f_med_nrw_middle_03_l_pose.uasset" 3805
"C:/Users/whart/OneDrive/Documents/GitHub/Unreal-Engine-C-/Content/MetaHumans/Common/Female/Medium/NormalWeight/Poses/f_med_nrw_middle_03_l_pose.uexp" 3806
"C:/Users/whart/OneDrive/Documents/GitHub/Unreal-Engine-C-/Content/MetaHumans/Common/Female/Medium/NormalWeight/Poses/f_med_nrw_middle_02_r_anim.uasset" 3807
"C:/Users/whart/OneDrive/Documents/GitHub/Unreal-Engine-C-/Content/MetaHumans/Common/Female/Medium/NormalWeight/Poses/f_med_nrw_middle_02_r_anim.m.ubulk" 3808
"C:/Users/whart/OneDrive/Documents/GitHub/Unreal-Engine-C-/Content/MetaHumans/Common/Female/Medium/NormalWeight/Poses/f_med_nrw_middle_02_r_anim.uexp" 3809
"C:/Users/whart/OneDrive/Documents/GitHub/Unreal-Engine-C-/Content/MetaHumans/Common/Female/Medium/NormalWeight/Poses/f_med_nrw_middle_02_r_pose.uasset" 3810
"C:/Users/whart/OneDrive/Documents/GitHub/Unreal-Engine-C-/Content/MetaHumans/Common/Female/Medium/NormalWeight/Poses/f_med_nrw_middle_02_r_pose.uexp" 3811
"C:/Users/whart/OneDrive/Documents/GitHub/Unreal-Engine-C-/Content/MetaHumans/Common/Female/Medium/NormalWeight/Poses/f_med_nrw_middle_02_l_anim.uasset" 3812
"C:/Users/whart/OneDrive/Documents/GitHub/Unreal-Engine-C-/Content/MetaHumans/Common/Female/Medium/NormalWeight/Poses/f_med_nrw_middle_02_l_anim.m.ubulk" 3813
"C:/Users/whart/OneDrive/Documents/GitHub/Unreal-Engine-C-/Content/MetaHumans/Common/Female/Medium/NormalWeight/Poses/f_med_nrw_middle_02_l_anim.uexp" 3814
"C:/Users/whart/OneDrive/Documents/GitHub/Unreal-Engine-C-/Content/MetaHumans/Common/Female/Medium/NormalWeight/Poses/f_med_nrw_middle_02_l_pose.uasset" 3815
"C:/Users/whart/OneDrive/Documents/GitHub/Unreal-Engine-C-/Content/MetaHumans/Common/Female/Medium/NormalWeight/Poses/f_med_nrw_middle_02_l_pose.uexp" 3816
"C:/Users/whart/OneDrive/Documents/GitHub/Unreal-Engine-C-/Content/MetaHumans/Common/Female/Medium/NormalWeight/Poses/f_med_nrw_middle_01_r_anim.uasset" 3817
"C:/Users/whart/OneDrive/Documents/GitHub/Unreal-Engine-C-/Content/MetaHumans/Common/Female/Medium/NormalWeight/Poses/f_med_nrw_middle_01_r_anim.m.ubulk" 3818
"C:/Users/whart/OneDrive/Documents/GitHub/Unreal-Engine-C-/Content/MetaHumans/Common/Female/Medium/NormalWeight/Poses/f_med_nrw_middle_01_r_anim.uexp" 3819
"C:/Users/whart/OneDrive/Documents/GitHub/Unreal-Engine-C-/Content/MetaHumans/Common/Female/Medium/NormalWeight/Poses/f_med_nrw_middle_01_r_pose.uasset" 3820
"C:/Users/whart/OneDrive/Documents/GitHub/Unreal-Engine-C-/Content/MetaHumans/Common/Female/Medium/NormalWeight/Poses/f_med_nrw_middle_01_r_pose.uexp" 3821
"C:/Users/whart/OneDrive/Documents/GitHub/Unreal-Engine-C-/Content/MetaHumans/Common/Female/Medium/NormalWeight/Poses/f_med_nrw_middle_01_l_anim.uasset" 3822
"C:/Users/whart/OneDrive/Documents/GitHub/Unreal-Engine-C-/Content/MetaHumans/Common/Female/Medium/NormalWeight/Poses/f_med_nrw_middle_01_l_anim.m.ubulk" 3823
"C:/Users/whart/OneDrive/Documents/GitHub/Unreal-Engine-C-/Content/MetaHumans/Common/Female/Medium/NormalWeight/Poses/f_med_nrw_middle_01_l_anim.uexp" 3824
"C:/Users/whart/OneDrive/Documents/GitHub/Unreal-Engine-C-/Content/MetaHumans/Common/Female/Medium/NormalWeight/Poses/f_med_nrw_middle_01_l_pose.uasset" 3825
"C:/Users/whart/OneDrive/Documents/GitHub/Unreal-Engine-C-/Content/MetaHumans/Common/Female/Medium/NormalWeight/Poses/f_med_nrw_middle_01_l_pose.uexp" 3826
"C:/Users/whart/OneDrive/Documents/GitHub/Unreal-Engine-C-/Content/MetaHumans/Common/Female/Medium/NormalWeight/Poses/f_med_nrw_lowerarm_r_anim.uasset" 3827
"C:/Users/whart/OneDrive/Documents/GitHub/Unreal-Engine-C-/Content/MetaHumans/Common/Female/Medium/NormalWeight/Poses/f_med_nrw_lowerarm_r_anim.m.ubulk" 3828
"C:/Users/whart/OneDrive/Documents/GitHub/Unreal-Engine-C-/Content/MetaHumans/Common/Female/Medium/NormalWeight/Poses/f_med_nrw_lowerarm_r_anim.uexp" 3829
"C:/Users/whart/OneDrive/Documents/GitHub/Unreal-Engine-C-/Content/MetaHumans/Common/Female/Medium/NormalWeight/Poses/f_med_nrw_lowerarm_r_pose.uasset" 3830
"C:/Users/whart/OneDrive/Documents/GitHub/Unreal-Engine-C-/Content/MetaHumans/Common/Female/Medium/NormalWeight/Poses/f_med_nrw_lowerarm_r_pose.uexp" 3831
"C:/Users/whart/OneDrive/Documents/GitHub/Unreal-Engine-C-/Content/MetaHumans/Common/Female/Medium/NormalWeight/Poses/f_med_nrw_lowerarm_l_anim.uasset" 3832
"C:/Users/whart/OneDrive/Documents/GitHub/Unreal-Engine-C-/Content/MetaHumans/Common/Female/Medium/NormalWeight/Poses/f_med_nrw_lowerarm_l_anim.m.ubulk" 3833
"C:/Users/whart/OneDrive/Documents/GitHub/Unreal-Engine-C-/Content/MetaHumans/Common/Female/Medium/NormalWeight/Poses/f_med_nrw_lowerarm_l_anim.uexp" 3834
"C:/Users/whart/OneDrive/Documents/GitHub/Unreal-Engine-C-/Content/MetaHumans/Common/Female/Medium/NormalWeight/Poses/f_med_nrw_lowerarm_l_pose.uasset" 3835
"C:/Users/whart/OneDrive/Documents/GitHub/Unreal-Engine-C-/Content/MetaHumans/Common/Female/Medium/NormalWeight/Poses/f_med_nrw_lowerarm_l_pose.uexp" 3836
"C:/Users/whart/OneDrive/Documents/GitHub/Unreal-Engine-C-/Content/MetaHumans/Common/Female/Medium/NormalWeight/Poses/f_med_nrw_index_03_r_anim.uasset" 3837
"C:/Users/whart/OneDrive/Documents/GitHub/Unreal-Engine-C-/Content/MetaHumans/Common/Female/Medium/NormalWeight/Poses/f_med_nrw_index_03_r_anim.m.ubulk" 3838
"C:/Users/whart/OneDrive/Documents/GitHub/Unreal-Engine-C-/Content/MetaHumans/Common/Female/Medium/NormalWeight/Poses/f_med_nrw_index_03_r_anim.uexp" 3839
"C:/Users/whart/OneDrive/Documents/GitHub/Unreal-Engine-C-/Content/MetaHumans/Common/Female/Medium/NormalWeight/Poses/f_med_nrw_index_03_r_pose.uasset" 3840
"C:/Users/whart/OneDrive/Documents/GitHub/Unreal-Engine-C-/Content/MetaHumans/Common/Female/Medium/NormalWeight/Poses/f_med_nrw_index_03_r_pose.uexp" 3841
"C:/Users/whart/OneDrive/Documents/GitHub/Unreal-Engine-C-/Content/MetaHumans/Common/Female/Medium/NormalWeight/Poses/f_med_nrw_index_03_l_anim.uasset" 3842
"C:/Users/whart/OneDrive/Documents/GitHub/Unreal-Engine-C-/Content/MetaHumans/Common/Female/Medium/NormalWeight/Poses/f_med_nrw_index_03_l_anim.m.ubulk" 3843
"C:/Users/whart/OneDrive/Documents/GitHub/Unreal-Engine-C-/Content/MetaHumans/Common/Female/Medium/NormalWeight/Poses/f_med_nrw_index_03_l_anim.uexp" 3844
"C:/Users/whart/OneDrive/Documents/GitHub/Unreal-Engine-C-/Content/MetaHumans/Common/Female/Medium/NormalWeight/Poses/f_med_nrw_index_03_l_pose.uasset" 3845
"C:/Users/whart/OneDrive/Documents/GitHub/Unreal-Engine-C-/Content/MetaHumans/Common/Female/Medium/NormalWeight/Poses/f_med_nrw_index_03_l_pose.uexp" 3846
"C:/Users/whart/OneDrive/Documents/GitHub/Unreal-Engine-C-/Content/MetaHumans/Common/Female/Medium/NormalWeight/Poses/f_med_nrw_index_02_r_anim.uasset" 3847
"C:/Users/whart/OneDrive/Documents/GitHub/Unreal-Engine-C-/Content/MetaHumans/Common/Female/Medium/NormalWeight/Poses/f_med_nrw_index_02_r_anim.m.ubulk" 3848
"C:/Users/whart/OneDrive/Documents/GitHub/Unreal-Engine-C-/Content/MetaHumans/Common/Female/Medium/NormalWeight/Poses/f_med_nrw_index_02_r_anim.uexp" 3849
"C:/Users/whart/OneDrive/Documents/GitHub/Unreal-Engine-C-/Content/MetaHumans/Common/Female/Medium/NormalWeight/Poses/f_med_nrw_index_02_r_pose.uasset" 3850
"C:/Users/whart/OneDrive/Documents/GitHub/Unreal-Engine-C-/Content/MetaHumans/Common/Female/Medium/NormalWeight/Poses/f_med_nrw_index_02_r_pose.uexp" 3851
"C:/Users/whart/OneDrive/Documents/GitHub/Unreal-Engine-C-/Content/MetaHumans/Common/Female/Medium/NormalWeight/Poses/f_med_nrw_index_02_l_anim.uasset" 3852
"C:/Users/whart/OneDrive/Documents/GitHub/Unreal-Engine-C-/Content/MetaHumans/Common/Female/Medium/NormalWeight/Poses/f_med_nrw_index_02_l_anim.m.ubulk" 3853
"C:/Users/whart/OneDrive/Documents/GitHub/Unreal-Engine-C-/Content/MetaHumans/Common/Female/Medium/NormalWeight/Poses/f_med_nrw_index_02_l_anim.uexp" 3854
"C:/Users/whart/OneDrive/Documents/GitHub/Unreal-Engine-C-/Content/MetaHumans/Common/Female/Medium/NormalWeight/Poses/f_med_nrw_index_02_l_pose.uasset" 3855
"C:/Users/whart/OneDrive/Documents/GitHub/Unreal-Engine-C-/Content/MetaHumans/Common/Female/Medium/NormalWeight/Poses/f_med_nrw_index_02_l_pose.uexp" 3856
"C:/Users/whart/OneDrive/Documents/GitHub/Unreal-Engine-C-/Content/MetaHumans/Common/Female/Medium/NormalWeight/Poses/f_med_nrw_index_01_r_anim.uasset" 3857
"C:/Users/whart/OneDrive/Documents/GitHub/Unreal-Engine-C-/Content/MetaHumans/Common/Female/Medium/NormalWeight/Poses/f_med_nrw_index_01_r_anim.m.ubulk" 3858
"C:/Users/whart/OneDrive/Documents/GitHub/Unreal-Engine-C-/Content/MetaHumans/Common/Female/Medium/NormalWeight/Poses/f_med_nrw_index_01_r_anim.uexp" 3859
"C:/Users/whart/OneDrive/Documents/GitHub/Unreal-Engine-C-/Content/MetaHumans/Common/Female/Medium/NormalWeight/Poses/f_med_nrw_index_01_r_pose.uasset" 3860
"C:/Users/whart/OneDrive/Documents/GitHub/Unreal-Engine-C-/Content/MetaHumans/Common/Female/Medium/NormalWeight/Poses/f_med_nrw_index_01_r_pose.uexp" 3861
"C:/Users/whart/OneDrive/Documents/GitHub/Unreal-Engine-C-/Content/MetaHumans/Common/Female/Medium/NormalWeight/Poses/f_med_nrw_index_01_l_anim.uasset" 3862
"C:/Users/whart/OneDrive/Documents/GitHub/Unreal-Engine-C-/Content/MetaHumans/Common/Female/Medium/NormalWeight/Poses/f_med_nrw_index_01_l_anim.m.ubulk" 3863
"C:/Users/whart/OneDrive/Documents/GitHub/Unreal-Engine-C-/Content/MetaHumans/Common/Female/Medium/NormalWeight/Poses/f_med_nrw_index_01_l_anim.uexp" 3864
"C:/Users/whart/OneDrive/Documents/GitHub/Unreal-Engine-C-/Content/MetaHumans/Common/Female/Medium/NormalWeight/Poses/f_med_nrw_index_01_l_pose.uasset" 3865
"C:/Users/whart/OneDrive/Documents/GitHub/Unreal-Engine-C-/Content/MetaHumans/Common/Female/Medium/NormalWeight/Poses/f_med_nrw_index_01_l_pose.uexp" 3866
"C:/Users/whart/OneDrive/Documents/GitHub/Unreal-Engine-C-/Content/MetaHumans/Common/Female/Medium/NormalWeight/Poses/f_med_nrw_hand_r_anim.uasset" 3867
"C:/Users/whart/OneDrive/Documents/GitHub/Unreal-Engine-C-/Content/MetaHumans/Common/Female/Medium/NormalWeight/Poses/f_med_nrw_hand_r_anim.m.ubulk" 3868
"C:/Users/whart/OneDrive/Documents/GitHub/Unreal-Engine-C-/Content/MetaHumans/Common/Female/Medium/NormalWeight/Poses/f_med_nrw_hand_r_anim.uexp" 3869
"C:/Users/whart/OneDrive/Documents/GitHub/Unreal-Engine-C-/Content/MetaHumans/Common/Female/Medium/NormalWeight/Poses/f_med_nrw_hand_r_pose.uasset" 3870
"C:/Users/whart/OneDrive/Documents/GitHub/Unreal-Engine-C-/Content/MetaHumans/Common/Female/Medium/NormalWeight/Poses/f_med_nrw_hand_r_pose.uexp" 3871
"C:/Users/whart/OneDrive/Documents/GitHub/Unreal-Engine-C-/Content/MetaHumans/Common/Female/Medium/NormalWeight/Poses/f_med_nrw_hand_l_anim.uasset" 3872
"C:/Users/whart/OneDrive/Documents/GitHub/Unreal-Engine-C-/Content/MetaHumans/Common/Female/Medium/NormalWeight/Poses/f_med_nrw_hand_l_anim.m.ubulk" 3873
"C:/Users/whart/OneDrive/Documents/GitHub/Unreal-Engine-C-/Content/MetaHumans/Common/Female/Medium/NormalWeight/Poses/f_med_nrw_hand_l_anim.uexp" 3874
"C:/Users/whart/OneDrive/Documents/GitHub/Unreal-Engine-C-/Content/MetaHumans/Common/Female/Medium/NormalWeight/Poses/f_med_nrw_hand_l_pose.uasset" 3875
"C:/Users/whart/OneDrive/Documents/GitHub/Unreal-Engine-C-/Content/MetaHumans/Common/Female/Medium/NormalWeight/Poses/f_med_nrw_hand_l_pose.uexp" 3876
"C:/Users/whart/OneDrive/Documents/GitHub/Unreal-Engine-C-/Content/MetaHumans/Common/Female/Medium/NormalWeight/Poses/f_med_nrw_foot_r_anim.uasset" 3877
"C:/Users/whart/OneDrive/Documents/GitHub/Unreal-Engine-C-/Content/MetaHumans/Common/Female/Medium/NormalWeight/Poses/f_med_nrw_foot_r_anim.m.ubulk" 3878
"C:/Users/whart/OneDrive/Documents/GitHub/Unreal-Engine-C-/Content/MetaHumans/Common/Female/Medium/NormalWeight/Poses/f_med_nrw_foot_r_anim.uexp" 3879
"C:/Users/whart/OneDrive/Documents/GitHub/Unreal-Engine-C-/Content/MetaHumans/Common/Female/Medium/NormalWeight/Poses/f_med_nrw_foot_r_pose.uasset" 3880
"C:/Users/whart/OneDrive/Documents/GitHub/Unreal-Engine-C-/Content/MetaHumans/Common/Female/Medium/NormalWeight/Poses/f_med_nrw_foot_r_pose.uexp" 3881
"C:/Users/whart/OneDrive/Documents/GitHub/Unreal-Engine-C-/Content/MetaHumans/Common/Female/Medium/NormalWeight/Poses/f_med_nrw_foot_l_anim.uasset" 3882
"C:/Users/whart/OneDrive/Documents/GitHub/Unreal-Engine-C-/Content/MetaHumans/Common/Female/Medium/NormalWeight/Poses/f_med_nrw_foot_l_anim.m.ubulk" 3883
"C:/Users/whart/OneDrive/Documents/GitHub/Unreal-Engine-C-/Content/MetaHumans/Common/Female/Medium/NormalWeight/Poses/f_med_nrw_foot_l_anim.uexp" 3884
"C:/Users/whart/OneDrive/Documents/GitHub/Unreal-Engine-C-/Content/MetaHumans/Common/Female/Medium/NormalWeight/Poses/f_med_nrw_foot_l_pose.uasset" 3885
"C:/Users/whart/OneDrive/Documents/GitHub/Unreal-Engine-C-/Content/MetaHumans/Common/Female/Medium/NormalWeight/Poses/f_med_nrw_foot_l_pose.uexp" 3886
"C:/Users/whart/OneDrive/Documents/GitHub/Unreal-Engine-C-/Content/MetaHumans/Common/Female/Medium/NormalWeight/Poses/f_med_nrw_clavicle_r_anim.uasset" 3887
"C:/Users/whart/OneDrive/Documents/GitHub/Unreal-Engine-C-/Content/MetaHumans/Common/Female/Medium/NormalWeight/Poses/f_med_nrw_clavicle_r_anim.m.ubulk" 3888
"C:/Users/whart/OneDrive/Documents/GitHub/Unreal-Engine-C-/Content/MetaHumans/Common/Female/Medium/NormalWeight/Poses/f_med_nrw_clavicle_r_anim.uexp" 3889
"C:/Users/whart/OneDrive/Documents/GitHub/Unreal-Engine-C-/Content/MetaHumans/Common/Female/Medium/NormalWeight/Poses/f_med_nrw_clavicle_r_pose.uasset" 3890
"C:/Users/whart/OneDrive/Documents/GitHub/Unreal-Engine-C-/Content/MetaHumans/Common/Female/Medium/NormalWeight/Poses/f_med_nrw_clavicle_r_pose.uexp" 3891
"C:/Users/whart/OneDrive/Documents/GitHub/Unreal-Engine-C-/Content/MetaHumans/Common/Female/Medium/NormalWeight/Poses/f_med_nrw_clavicle_l_anim.uasset" 3892
"C:/Users/whart/OneDrive/Documents/GitHub/Unreal-Engine-C-/Content/MetaHumans/Common/Female/Medium/NormalWeight/Poses/f_med_nrw_clavicle_l_anim.m.ubulk" 3893
"C:/Users/whart/OneDrive/Documents/GitHub/Unreal-Engine-C-/Content/MetaHumans/Common/Female/Medium/NormalWeight/Poses/f_med_nrw_clavicle_l_anim.uexp" 3894
"C:/Users/whart/OneDrive/Documents/GitHub/Unreal-Engine-C-/Content/MetaHumans/Common/Female/Medium/NormalWeight/Poses/f_med_nrw_clavicle_l_pose.uasset" 3895
"C:/Users/whart/OneDrive/Documents/GitHub/Unreal-Engine-C-/Content/MetaHumans/Common/Female/Medium/NormalWeight/Poses/f_med_nrw_clavicle_l_pose.uexp" 3896
"C:/Users/whart/OneDrive/Documents/GitHub/Unreal-Engine-C-/Content/MetaHumans/Common/Female/Medium/NormalWeight/Poses/f_med_nrw_calf_r_anim.uasset" 3897
"C:/Users/whart/OneDrive/Documents/GitHub/Unreal-Engine-C-/Content/MetaHumans/Common/Female/Medium/NormalWeight/Poses/f_med_nrw_calf_r_anim.m.ubulk" 3898
"C:/Users/whart/OneDrive/Documents/GitHub/Unreal-Engine-C-/Content/MetaHumans/Common/Female/Medium/NormalWeight/Poses/f_med_nrw_calf_r_anim.uexp" 3899
"C:/Users/whart/OneDrive/Documents/GitHub/Unreal-Engine-C-/Content/MetaHumans/Common/Female/Medium/NormalWeight/Poses/f_med_nrw_calf_r_pose.uasset" 3900
"C:/Users/whart/OneDrive/Documents/GitHub/Unreal-Engine-C-/Content/MetaHumans/Common/Female/Medium/NormalWeight/Poses/f_med_nrw_calf_r_pose.uexp" 3901
"C:/Users/whart/OneDrive/Documents/GitHub/Unreal-Engine-C-/Content/MetaHumans/Common/Female/Medium/NormalWeight/Poses/f_med_nrw_calf_l_anim.uasset" 3902
"C:/Users/whart/OneDrive/Documents/GitHub/Unreal-Engine-C-/Content/MetaHumans/Common/Female/Medium/NormalWeight/Poses/f_med_nrw_calf_l_anim.m.ubulk" 3903
"C:/Users/whart/OneDrive/Documents/GitHub/Unreal-Engine-C-/Content/MetaHumans/Common/Female/Medium/NormalWeight/Poses/f_med_nrw_calf_l_anim.uexp" 3904
"C:/Users/whart/OneDrive/Documents/GitHub/Unreal-Engine-C-/Content/MetaHumans/Common/Female/Medium/NormalWeight/Poses/f_med_nrw_calf_l_pose.uasset" 3905
"C:/Users/whart/OneDrive/Documents/GitHub/Unreal-Engine-C-/Content/MetaHumans/Common/Female/Medium/NormalWeight/Poses/f_med_nrw_calf_l_pose.uexp" 3906
"C:/Users/whart/OneDrive/Documents/GitHub/Unreal-Engine-C-/Content/MetaHumans/Common/Female/Medium/NormalWeight/Body/f_med_nrw_animbp_Medium.uasset" 3907
"C:/Users/whart/OneDrive/Documents/GitHub/Unreal-Engine-C-/Content/MetaHumans/Common/Female/Medium/NormalWeight/Body/f_med_nrw_animbp_Medium.uexp" 3908
"C:/Users/whart/OneDrive/Documents/GitHub/Unreal-Engine-C-/Content/MetaHumans/Common/Female/Medium/NormalWeight/Body/f_med_nrw_body_Physics.uasset" 3909
"C:/Users/whart/OneDrive/Documents/GitHub/Unreal-Engine-C-/Content/MetaHumans/Common/Female/Medium/NormalWeight/Body/f_med_nrw_body_Physics.uexp" 3910
"C:/Users/whart/OneDrive/Documents/GitHub/Unreal-Engine-C-/Content/MetaHumans/Head2/Body/f_med_nrw_body.uasset" 3911
"C:/Users/whart/OneDrive/Documents/GitHub/Unreal-Engine-C-/Content/MetaHumans/Head2/Body/f_med_nrw_body.uexp" 3912
"C:/Users/whart/OneDrive/Documents/GitHub/Unreal-Engine-C-/Content/MetaHumans/Head3/Body/Textures/T_Body_Specular.ubulk" 3913
"C:/Users/whart/OneDrive/Documents/GitHub/Unreal-Engine-C-/Content/MetaHumans/Head3/Body/Textures/T_Body_Specular.uasset" 3914
"C:/Users/whart/OneDrive/Documents/GitHub/Unreal-Engine-C-/Content/MetaHumans/Head3/Body/Textures/T_Body_Specular.uexp" 3915
"C:/Users/whart/OneDrive/Documents/GitHub/Unreal-Engine-C-/Content/MetaHumans/Head3/Body/Textures/T_Body_Normal.ubulk" 3916
"C:/Users/whart/OneDrive/Documents/GitHub/Unreal-Engine-C-/Content/MetaHumans/Head3/Body/Textures/T_Body_Normal.uasset" 3917
"C:/Users/whart/OneDrive/Documents/GitHub/Unreal-Engine-C-/Content/MetaHumans/Head3/Body/Textures/T_Body_Normal.uexp" 3918
"C:/Users/whart/OneDrive/Documents/GitHub/Unreal-Engine-C-/Content/MetaHumans/Head3/Body/Textures/T_Body_BaseColor.ubulk" 3919
"C:/Users/whart/OneDrive/Documents/GitHub/Unreal-Engine-C-/Content/MetaHumans/Head3/Body/Textures/T_Body_BaseColor.uasset" 3920
"C:/Users/whart/OneDrive/Documents/GitHub/Unreal-Engine-C-/Content/MetaHumans/Head3/Body/Textures/T_Body_BaseColor.uexp" 3921
"C:/Users/whart/OneDrive/Documents/GitHub/Unreal-Engine-C-/Content/MetaHumans/Head3/Body/Materials/MI_BodySynthesized_Simplified.uasset" 3922
"C:/Users/whart/OneDrive/Documents/GitHub/Unreal-Engine-C-/Content/MetaHumans/Head3/Body/Materials/MI_BodySynthesized_Simplified.uexp" 3923
"C:/Users/whart/OneDrive/Documents/GitHub/Unreal-Engine-C-/Content/MetaHumans/Head3/Body/f_med_nrw_body.uasset" 3924
"C:/Users/whart/OneDrive/Documents/GitHub/Unreal-Engine-C-/Content/MetaHumans/Head3/Body/f_med_nrw_body.uexp" 3925
"C:/Users/whart/OneDrive/Documents/GitHub/Unreal-Engine-C-/Content/MetaHumans/Head4/Body/Textures/T_Body_Specular.ubulk" 3926
"C:/Users/whart/OneDrive/Documents/GitHub/Unreal-Engine-C-/Content/MetaHumans/Head4/Body/Textures/T_Body_Specular.uasset" 3927
"C:/Users/whart/OneDrive/Documents/GitHub/Unreal-Engine-C-/Content/MetaHumans/Head4/Body/Textures/T_Body_Specular.uexp" 3928
"C:/Users/whart/OneDrive/Documents/GitHub/Unreal-Engine-C-/Content/MetaHumans/Head4/Body/Textures/T_Body_Normal.ubulk" 3929
"C:/Users/whart/OneDrive/Documents/GitHub/Unreal-Engine-C-/Content/MetaHumans/Head4/Body/Textures/T_Body_Normal.uasset" 3930
"C:/Users/whart/OneDrive/Documents/GitHub/Unreal-Engine-C-/Content/MetaHumans/Head4/Body/Textures/T_Body_Normal.uexp" 3931
"C:/Users/whart/OneDrive/Documents/GitHub/Unreal-Engine-C-/Content/MetaHumans/Head4/Body/Textures/T_Body_BaseColor.ubulk" 3932
"C:/Users/whart/OneDrive/Documents/GitHub/Unreal-Engine-C-/Content/MetaHumans/Head4/Body/Textures/T_Body_BaseColor.uasset" 3933
"C:/Users/whart/OneDrive/Documents/GitHub/Unreal-Engine-C-/Content/MetaHumans/Head4/Body/Textures/T_Body_BaseColor.uexp" 3934
"C:/Users/whart/OneDrive/Documents/GitHub/Unreal-Engine-C-/Content/MetaHumans/Head4/Body/Materials/MI_BodySynthesized_Simplified.uasset" 3935
"C:/Users/whart/OneDrive/Documents/GitHub/Unreal-Engine-C-/Content/MetaHumans/Head4/Body/Materials/MI_BodySynthesized_Simplified.uexp" 3936
"C:/Users/whart/OneDrive/Documents/GitHub/Unreal-Engine-C-/Content/MetaHumans/Head4/Body/f_med_nrw_body.uasset" 3937
"C:/Users/whart/OneDrive/Documents/GitHub/Unreal-Engine-C-/Content/MetaHumans/Head4/Body/f_med_nrw_body.uexp" 3938
"C:/Users/whart/OneDrive/Documents/GitHub/Unreal-Engine-C-/Content/MetaHumans/Head5/Body/Textures/T_Body_Specular.ubulk" 3939
"C:/Users/whart/OneDrive/Documents/GitHub/Unreal-Engine-C-/Content/MetaHumans/Head5/Body/Textures/T_Body_Specular.uasset" 3940
"C:/Users/whart/OneDrive/Documents/GitHub/Unreal-Engine-C-/Content/MetaHumans/Head5/Body/Textures/T_Body_Specular.uexp" 3941
"C:/Users/whart/OneDrive/Documents/GitHub/Unreal-Engine-C-/Content/MetaHumans/Head5/Body/Textures/T_Body_Normal.ubulk" 3942
"C:/Users/whart/OneDrive/Documents/GitHub/Unreal-Engine-C-/Content/MetaHumans/Head5/Body/Textures/T_Body_Normal.uasset" 3943
"C:/Users/whart/OneDrive/Documents/GitHub/Unreal-Engine-C-/Content/MetaHumans/Head5/Body/Textures/T_Body_Normal.uexp" 3944
"C:/Users/whart/OneDrive/Documents/GitHub/Unreal-Engine-C-/Content/MetaHumans/Head5/Body/Textures/T_Body_BaseColor.ubulk" 3945
"C:/Users/whart/OneDrive/Documents/GitHub/Unreal-Engine-C-/Content/MetaHumans/Head5/Body/Textures/T_Body_BaseColor.uasset" 3946
"C:/Users/whart/OneDrive/Documents/GitHub/Unreal-Engine-C-/Content/MetaHumans/Head5/Body/Textures/T_Body_BaseColor.uexp" 3947
"C:/Users/whart/OneDrive/Documents/GitHub/Unreal-Engine-C-/Content/MetaHumans/Head5/Body/Materials/MI_BodySynthesized_Simplified.uasset" 3948
"C:/Users/whart/OneDrive/Documents/GitHub/Unreal-Engine-C-/Content/MetaHumans/Head5/Body/Materials/MI_BodySynthesized_Simplified.uexp" 3949
"C:/Users/whart/OneDrive/Documents/GitHub/Unreal-Engine-C-/Content/MetaHumans/Head5/Body/m_med_nrw_body.uasset" 3950
"C:/Users/whart/OneDrive/Documents/GitHub/Unreal-Engine-C-/Content/MetaHumans/Head5/Body/m_med_nrw_body.uexp" 3951
"C:/Users/whart/OneDrive/Documents/GitHub/Unreal-Engine-C-/Content/MetaHumans/Head6/Body/Textures/T_Body_Specular.ubulk" 3952
"C:/Users/whart/OneDrive/Documents/GitHub/Unreal-Engine-C-/Content/MetaHumans/Head6/Body/Textures/T_Body_Specular.uasset" 3953
"C:/Users/whart/OneDrive/Documents/GitHub/Unreal-Engine-C-/Content/MetaHumans/Head6/Body/Textures/T_Body_Specular.uexp" 3954
"C:/Users/whart/OneDrive/Documents/GitHub/Unreal-Engine-C-/Content/MetaHumans/Head6/Body/Textures/T_Body_Normal.ubulk" 3955
"C:/Users/whart/OneDrive/Documents/GitHub/Unreal-Engine-C-/Content/MetaHumans/Head6/Body/Textures/T_Body_Normal.uasset" 3956
"C:/Users/whart/OneDrive/Documents/GitHub/Unreal-Engine-C-/Content/MetaHumans/Head6/Body/Textures/T_Body_Normal.uexp" 3957
"C:/Users/whart/OneDrive/Documents/GitHub/Unreal-Engine-C-/Content/MetaHumans/Head6/Body/Textures/T_Body_BaseColor.ubulk" 3958
"C:/Users/whart/OneDrive/Documents/GitHub/Unreal-Engine-C-/Content/MetaHumans/Head6/Body/Textures/T_Body_BaseColor.uasset" 3959
"C:/Users/whart/OneDrive/Documents/GitHub/Unreal-Engine-C-/Content/MetaHumans/Head6/Body/Textures/T_Body_BaseColor.uexp" 3960
"C:/Users/whart/OneDrive/Documents/GitHub/Unreal-Engine-C-/Content/MetaHumans/Head6/Body/Materials/MI_BodySynthesized_Simplified.uasset" 3961
"C:/Users/whart/OneDrive/Documents/GitHub/Unreal-Engine-C-/Content/MetaHumans/Head6/Body/Materials/MI_BodySynthesized_Simplified.uexp" 3962
"C:/Users/whart/OneDrive/Documents/GitHub/Unreal-Engine-C-/Content/MetaHumans/Head6/Body/f_med_nrw_body.uasset" 3963
"C:/Users/whart/OneDrive/Documents/GitHub/Unreal-Engine-C-/Content/MetaHumans/Head6/Body/f_med_nrw_body.uexp" 3964
"C:/Users/whart/OneDrive/Documents/GitHub/Unreal-Engine-C-/Content/MetaHumans/Head7/Body/Textures/T_Body_Specular.ubulk" 3965
"C:/Users/whart/OneDrive/Documents/GitHub/Unreal-Engine-C-/Content/MetaHumans/Head7/Body/Textures/T_Body_Specular.uasset" 3966
"C:/Users/whart/OneDrive/Documents/GitHub/Unreal-Engine-C-/Content/MetaHumans/Head7/Body/Textures/T_Body_Specular.uexp" 3967
"C:/Users/whart/OneDrive/Documents/GitHub/Unreal-Engine-C-/Content/MetaHumans/Head7/Body/Textures/T_Body_Normal.ubulk" 3968
"C:/Users/whart/OneDrive/Documents/GitHub/Unreal-Engine-C-/Content/MetaHumans/Head7/Body/Textures/T_Body_Normal.uasset" 3969
"C:/Users/whart/OneDrive/Documents/GitHub/Unreal-Engine-C-/Content/MetaHumans/Head7/Body/Textures/T_Body_Normal.uexp" 3970
"C:/Users/whart/OneDrive/Documents/GitHub/Unreal-Engine-C-/Content/MetaHumans/Head7/Body/Textures/T_Body_BaseColor.ubulk" 3971
"C:/Users/whart/OneDrive/Documents/GitHub/Unreal-Engine-C-/Content/MetaHumans/Head7/Body/Textures/T_Body_BaseColor.uasset" 3972
"C:/Users/whart/OneDrive/Documents/GitHub/Unreal-Engine-C-/Content/MetaHumans/Head7/Body/Textures/T_Body_BaseColor.uexp" 3973
"C:/Users/whart/OneDrive/Documents/GitHub/Unreal-Engine-C-/Content/MetaHumans/Head7/Body/Materials/MI_BodySynthesized_Simplified.uasset" 3974
"C:/Users/whart/OneDrive/Documents/GitHub/Unreal-Engine-C-/Content/MetaHumans/Head7/Body/Materials/MI_BodySynthesized_Simplified.uexp" 3975
"C:/Users/whart/OneDrive/Documents/GitHub/Unreal-Engine-C-/Content/MetaHumans/Head7/Body/m_med_nrw_body.uasset" 3976
"C:/Users/whart/OneDrive/Documents/GitHub/Unreal-Engine-C-/Content/MetaHumans/Head7/Body/m_med_nrw_body.uexp" 3977
"C:/Users/whart/OneDrive/Documents/GitHub/Unreal-Engine-C-/Content/Player/Blueprints/BP_MainChar.uasset" 3978
"C:/Users/whart/OneDrive/Documents/GitHub/Unreal-Engine-C-/Content/Player/Blueprints/BP_MainChar.uexp" 3979
"C:/Users/whart/OneDrive/Documents/GitHub/Unreal-Engine-C-/Content/M4/Blueprints/SystemResources/ThirdPersonBP/Blueprints/M4ThirdPersonGameMode.uasset" 3980
"C:/Users/whart/OneDrive/Documents/GitHub/Unreal-Engine-C-/Content/M4/Blueprints/SystemResources/ThirdPersonBP/Blueprints/M4ThirdPersonGameMode.uexp" 3981
"C:/Users/whart/OneDrive/Documents/GitHub/Unreal-Engine-C-/Content/Assets/Portals/Portal_AnimusLevel.uasset" 3982
"C:/Users/whart/OneDrive/Documents/GitHub/Unreal-Engine-C-/Content/Assets/Portals/Portal_AnimusLevel.uexp" 3983
"C:/Users/whart/OneDrive/Documents/GitHub/Unreal-Engine-C-/Content/Assets/Portals/MI_Portal_Animus.uasset" 3984
"C:/Users/whart/OneDrive/Documents/GitHub/Unreal-Engine-C-/Content/Assets/Portals/MI_Portal_Animus.uexp" 3985
"C:/Users/whart/OneDrive/Documents/GitHub/Unreal-Engine-C-/Content/Assets/Portals/Portal_Animus.uasset" 3986
"C:/Users/whart/OneDrive/Documents/GitHub/Unreal-Engine-C-/Content/Assets/Portals/Portal_Animus.uexp" 3987
"C:/Users/whart/OneDrive/Documents/GitHub/Unreal-Engine-C-/Content/M4/Blueprints/SystemResources/RVT/Color/RuntimeVirtualTextureColorLarge.uasset" 3988
"C:/Users/whart/OneDrive/Documents/GitHub/Unreal-Engine-C-/Content/M4/Blueprints/SystemResources/RVT/Color/RuntimeVirtualTextureColorLarge.uexp" 3989
"C:/Users/whart/OneDrive/Documents/GitHub/Unreal-Engine-C-/Content/M4/Blueprints/SystemResources/RVT/Height/RuntimeVirtualTextureHeightLarge.uasset" 3990
"C:/Users/whart/OneDrive/Documents/GitHub/Unreal-Engine-C-/Content/M4/Blueprints/SystemResources/RVT/Height/RuntimeVirtualTextureHeightLarge.uexp" 3991
"C:/Users/whart/OneDrive/Documents/GitHub/Unreal-Engine-C-/Content/M4/Blueprints/SystemResources/RVT/Volumes/RVT-Volume-Color-Large.uasset" 3992
"C:/Users/whart/OneDrive/Documents/GitHub/Unreal-Engine-C-/Content/M4/Blueprints/SystemResources/RVT/Volumes/RVT-Volume-Color-Large.uexp" 3993
"C:/Users/whart/OneDrive/Documents/GitHub/Unreal-Engine-C-/Content/M4/Blueprints/SystemResources/RVT/Volumes/RVT-Volume-Height-Large.uasset" 3994
"C:/Users/whart/OneDrive/Documents/GitHub/Unreal-Engine-C-/Content/M4/Blueprints/SystemResources/RVT/Volumes/RVT-Volume-Height-Large.uexp" 3995
"C:/Users/whart/OneDrive/Documents/GitHub/Unreal-Engine-C-/Content/M4/Blueprints/SystemResources/MagicMapMaterialBP/MPCs/PTM-MPC-Variables.uasset" 3996
"C:/Users/whart/OneDrive/Documents/GitHub/Unreal-Engine-C-/Content/M4/Blueprints/SystemResources/MagicMapMaterialBP/MPCs/PTM-MPC-Variables.uexp" 3997
"C:/Users/whart/OneDrive/Documents/GitHub/Unreal-Engine-C-/Content/M4/Blueprints/SystemResources/MagicMapMaterialBP/Enums/PerformancePreferences.uasset" 3998
"C:/Users/whart/OneDrive/Documents/GitHub/Unreal-Engine-C-/Content/M4/Blueprints/SystemResources/MagicMapMaterialBP/Enums/PerformancePreferences.uexp" 3999
"C:/Users/whart/OneDrive/Documents/GitHub/Unreal-Engine-C-/Content/M4/Blueprints/SystemResources/MagicMapMaterialBP/Enums/TerrainBiomePresets.uasset" 4000
"C:/Users/whart/OneDrive/Documents/GitHub/Unreal-Engine-C-/Content/M4/Blueprints/SystemResources/MagicMapMaterialBP/Enums/TerrainBiomePresets.uexp" 4001
"C:/Users/whart/OneDrive/Documents/GitHub/Unreal-Engine-C-/Content/M4/Blueprints/SystemResources/RenderTargets/SplatBaker/TundraHM/TundraFinalizedSplatmap.uasset" 4002
"C:/Users/whart/OneDrive/Documents/GitHub/Unreal-Engine-C-/Content/M4/Blueprints/SystemResources/RenderTargets/SplatBaker/TundraHM/TundraFinalizedSplatmap.uexp" 4003
"C:/Users/whart/OneDrive/Documents/GitHub/Unreal-Engine-C-/Content/M4/Textures/Tutorials/CustomPaintLayerTexture.ubulk" 4004
"C:/Users/whart/OneDrive/Documents/GitHub/Unreal-Engine-C-/Content/M4/Textures/Tutorials/CustomPaintLayerTexture.uasset" 4005
"C:/Users/whart/OneDrive/Documents/GitHub/Unreal-Engine-C-/Content/M4/Textures/Tutorials/CustomPaintLayerTexture.uexp" 4006
"C:/Users/whart/OneDrive/Documents/GitHub/Unreal-Engine-C-/Content/M4/Textures/Tutorials/CustomPaintLayerSR.ubulk" 4007
"C:/Users/whart/OneDrive/Documents/GitHub/Unreal-Engine-C-/Content/M4/Textures/Tutorials/CustomPaintLayerSR.uasset" 4008
"C:/Users/whart/OneDrive/Documents/GitHub/Unreal-Engine-C-/Content/M4/Textures/Tutorials/CustomPaintLayerSR.uexp" 4009
"C:/Users/whart/OneDrive/Documents/GitHub/Unreal-Engine-C-/Content/M4/Textures/Tutorials/CustomPaintLayerNormal.ubulk" 4010
"C:/Users/whart/OneDrive/Documents/GitHub/Unreal-Engine-C-/Content/M4/Textures/Tutorials/CustomPaintLayerNormal.uasset" 4011
"C:/Users/whart/OneDrive/Documents/GitHub/Unreal-Engine-C-/Content/M4/Textures/Tutorials/CustomPaintLayerNormal.uexp" 4012
"C:/Users/whart/OneDrive/Documents/GitHub/Unreal-Engine-C-/Content/M4/Textures/Snow/Snow_Normal.uasset" 4013
"C:/Users/whart/OneDrive/Documents/GitHub/Unreal-Engine-C-/Content/M4/Textures/Snow/Snow_Normal.uexp" 4014
"C:/Users/whart/OneDrive/Documents/GitHub/Unreal-Engine-C-/Content/M4/Textures/Snow/Snow_Diffuse.uasset" 4015
"C:/Users/whart/OneDrive/Documents/GitHub/Unreal-Engine-C-/Content/M4/Textures/Snow/Snow_Diffuse.uexp" 4016
"C:/Users/whart/OneDrive/Documents/GitHub/Unreal-Engine-C-/Content/M4/Textures/Noise/T_MacroVariation_Normal.ubulk" 4017
"C:/Users/whart/OneDrive/Documents/GitHub/Unreal-Engine-C-/Content/M4/Textures/Noise/T_MacroVariation_Normal.uasset" 4018
"C:/Users/whart/OneDrive/Documents/GitHub/Unreal-Engine-C-/Content/M4/Textures/Noise/T_MacroVariation_Normal.uexp" 4019
"C:/Users/whart/OneDrive/Documents/GitHub/Unreal-Engine-C-/Content/M4/Textures/Noise/T_MacroVariation_Disp_LC.ubulk" 4020
"C:/Users/whart/OneDrive/Documents/GitHub/Unreal-Engine-C-/Content/M4/Textures/Noise/T_MacroVariation_Disp_LC.uasset" 4021
"C:/Users/whart/OneDrive/Documents/GitHub/Unreal-Engine-C-/Content/M4/Textures/Noise/T_MacroVariation_Disp_LC.uexp" 4022
"C:/Users/whart/OneDrive/Documents/GitHub/Unreal-Engine-C-/Content/M4/Textures/Noise/T_MacroVariation.uasset" 4023
"C:/Users/whart/OneDrive/Documents/GitHub/Unreal-Engine-C-/Content/M4/Textures/Noise/T_MacroVariation.uexp" 4024
"C:/Users/whart/OneDrive/Documents/GitHub/Unreal-Engine-C-/Content/M4/Textures/Noise/StaticNoise_LC.ubulk" 4025
"C:/Users/whart/OneDrive/Documents/GitHub/Unreal-Engine-C-/Content/M4/Textures/Noise/StaticNoise_LC.uasset" 4026
"C:/Users/whart/OneDrive/Documents/GitHub/Unreal-Engine-C-/Content/M4/Textures/Noise/StaticNoise_LC.uexp" 4027
"C:/Users/whart/OneDrive/Documents/GitHub/Unreal-Engine-C-/Content/M4/Textures/Noise/SnowFlakes_Normal.uasset" 4028
"C:/Users/whart/OneDrive/Documents/GitHub/Unreal-Engine-C-/Content/M4/Textures/Noise/SnowFlakes_Normal.uexp" 4029
"C:/Users/whart/OneDrive/Documents/GitHub/Unreal-Engine-C-/Content/M4/Textures/Sand/B/SandBaseRoughness.uasset" 4030
"C:/Users/whart/OneDrive/Documents/GitHub/Unreal-Engine-C-/Content/M4/Textures/Sand/B/SandBaseRoughness.uexp" 4031
"C:/Users/whart/OneDrive/Documents/GitHub/Unreal-Engine-C-/Content/M4/Textures/Sand/B/SandBaseDisplacement.ubulk" 4032
"C:/Users/whart/OneDrive/Documents/GitHub/Unreal-Engine-C-/Content/M4/Textures/Sand/B/SandBaseDisplacement.uasset" 4033
"C:/Users/whart/OneDrive/Documents/GitHub/Unreal-Engine-C-/Content/M4/Textures/Sand/B/SandBaseDisplacement.uexp" 4034
"C:/Users/whart/OneDrive/Documents/GitHub/Unreal-Engine-C-/Content/M4/Textures/Sand/B/SandBaseColor_C.ubulk" 4035
"C:/Users/whart/OneDrive/Documents/GitHub/Unreal-Engine-C-/Content/M4/Textures/Sand/B/SandBaseColor_C.uasset" 4036
"C:/Users/whart/OneDrive/Documents/GitHub/Unreal-Engine-C-/Content/M4/Textures/Sand/B/SandBaseColor_C.uexp" 4037
"C:/Users/whart/OneDrive/Documents/GitHub/Unreal-Engine-C-/Content/M4/Textures/GravelAndDirt/A/GravelDirt_Normal.ubulk" 4038
"C:/Users/whart/OneDrive/Documents/GitHub/Unreal-Engine-C-/Content/M4/Textures/GravelAndDirt/A/GravelDirt_Normal.uasset" 4039
"C:/Users/whart/OneDrive/Documents/GitHub/Unreal-Engine-C-/Content/M4/Textures/GravelAndDirt/A/GravelDirt_Normal.uexp" 4040
"C:/Users/whart/OneDrive/Documents/GitHub/Unreal-Engine-C-/Content/M4/Textures/GravelAndDirt/A/GravelDirt_Disp_LC.ubulk" 4041
"C:/Users/whart/OneDrive/Documents/GitHub/Unreal-Engine-C-/Content/M4/Textures/GravelAndDirt/A/GravelDirt_Disp_LC.uasset" 4042
"C:/Users/whart/OneDrive/Documents/GitHub/Unreal-Engine-C-/Content/M4/Textures/GravelAndDirt/A/GravelDirt_Disp_LC.uexp" 4043
"C:/Users/whart/OneDrive/Documents/GitHub/Unreal-Engine-C-/Content/M4/Textures/Sand/B/SandBaseNormal.ubulk" 4044
"C:/Users/whart/OneDrive/Documents/GitHub/Unreal-Engine-C-/Content/M4/Textures/Sand/B/SandBaseNormal.uasset" 4045
"C:/Users/whart/OneDrive/Documents/GitHub/Unreal-Engine-C-/Content/M4/Textures/Sand/B/SandBaseNormal.uexp" 4046
"C:/Users/whart/OneDrive/Documents/GitHub/Unreal-Engine-C-/Content/M4/Textures/Foothills/G/ProceduralFoothill_Normal_G.ubulk" 4047
"C:/Users/whart/OneDrive/Documents/GitHub/Unreal-Engine-C-/Content/M4/Textures/Foothills/G/ProceduralFoothill_Normal_G.uasset" 4048
"C:/Users/whart/OneDrive/Documents/GitHub/Unreal-Engine-C-/Content/M4/Textures/Foothills/G/ProceduralFoothill_Normal_G.uexp" 4049
"C:/Users/whart/OneDrive/Documents/GitHub/Unreal-Engine-C-/Content/M4/Textures/Foothills/G/ProceduralFoothill_Disp_G_LC.ubulk" 4050
"C:/Users/whart/OneDrive/Documents/GitHub/Unreal-Engine-C-/Content/M4/Textures/Foothills/G/ProceduralFoothill_Disp_G_LC.uasset" 4051
"C:/Users/whart/OneDrive/Documents/GitHub/Unreal-Engine-C-/Content/M4/Textures/Foothills/G/ProceduralFoothill_Disp_G_LC.uexp" 4052
"C:/Users/whart/OneDrive/Documents/GitHub/Unreal-Engine-C-/Content/M4/Textures/Foothills/G/ProceduralFoothill_Diffuse_G.ubulk" 4053
"C:/Users/whart/OneDrive/Documents/GitHub/Unreal-Engine-C-/Content/M4/Textures/Foothills/G/ProceduralFoothill_Diffuse_G.uasset" 4054
"C:/Users/whart/OneDrive/Documents/GitHub/Unreal-Engine-C-/Content/M4/Textures/Foothills/G/ProceduralFoothill_Diffuse_G.uexp" 4055
"C:/Users/whart/OneDrive/Documents/GitHub/Unreal-Engine-C-/Content/M4/Textures/GravelAndDirt/A/GravelDirt_Diffuse.ubulk" 4056
"C:/Users/whart/OneDrive/Documents/GitHub/Unreal-Engine-C-/Content/M4/Textures/GravelAndDirt/A/GravelDirt_Diffuse.uasset" 4057
"C:/Users/whart/OneDrive/Documents/GitHub/Unreal-Engine-C-/Content/M4/Textures/GravelAndDirt/A/GravelDirt_Diffuse.uexp" 4058
"../../../Engine/Content/EngineDebugMaterials/HeatmapGradient.ubulk" 4059
"../../../Engine/Content/EngineDebugMaterials/HeatmapGradient.uasset" 4060
"../../../Engine/Content/EngineDebugMaterials/HeatmapGradient.uexp" 4061
"../../../Engine/Content/Functions/Engine_MaterialFunctions01/ImageAdjustment/CheapContrast_RGB.uasset" 4062
"../../../Engine/Content/Functions/Engine_MaterialFunctions01/ImageAdjustment/CheapContrast_RGB.uexp" 4063
"../../../Engine/Content/Functions/Engine_MaterialFunctions02/Utility/AppendMany.uasset" 4064
"../../../Engine/Content/Functions/Engine_MaterialFunctions02/Utility/AppendMany.uexp" 4065
"../../../Engine/Content/EditorResources/S_VectorFieldVol.uasset" 4066
"../../../Engine/Content/EditorResources/S_VectorFieldVol.uexp" 4067
"../../../Engine/Content/EngineMaterials/WeightMapPlaceholderTexture.uasset" 4068
"../../../Engine/Content/EngineMaterials/WeightMapPlaceholderTexture.uexp" 4069
"../../../Engine/Content/EngineMaterials/WeightMapArrayPlaceholderTexture.uasset" 4070
"../../../Engine/Content/EngineMaterials/WeightMapArrayPlaceholderTexture.uexp" 4071
"C:/Users/whart/OneDrive/Documents/GitHub/Unreal-Engine-C-/Content/M4/Blueprints/SystemResources/RVT/Color/RuntimeVirtualTextureColorMedium.uasset" 4072
"C:/Users/whart/OneDrive/Documents/GitHub/Unreal-Engine-C-/Content/M4/Blueprints/SystemResources/RVT/Color/RuntimeVirtualTextureColorMedium.uexp" 4073
"../../../Engine/Content/Functions/Engine_MaterialFunctions02/Math/InverseTransformMatrix.uasset" 4074
"../../../Engine/Content/Functions/Engine_MaterialFunctions02/Math/InverseTransformMatrix.uexp" 4075
"../../../Engine/Content/EngineVolumetrics/Fogsheet/Materials/T_EV_BlankWhite_01.uasset" 4076
"../../../Engine/Content/EngineVolumetrics/Fogsheet/Materials/T_EV_BlankWhite_01.uexp" 4077
"../../../Engine/Content/Functions/Engine_MaterialFunctions02/Math/TransformToZVector.uasset" 4078
"../../../Engine/Content/Functions/Engine_MaterialFunctions02/Math/TransformToZVector.uexp" 4079
"../../../Engine/Content/Functions/Engine_MaterialFunctions01/Texturing/ParallaxOcclusionMapping.uasset" 4080
"../../../Engine/Content/Functions/Engine_MaterialFunctions01/Texturing/ParallaxOcclusionMapping.uexp" 4081
"C:/Users/whart/OneDrive/Documents/GitHub/Unreal-Engine-C-/Content/M4/Blueprints/SystemResources/RenderTargets/SplatBaker/IslandHM/IslandFinalizedSplatmap.uasset" 4082
"C:/Users/whart/OneDrive/Documents/GitHub/Unreal-Engine-C-/Content/M4/Blueprints/SystemResources/RenderTargets/SplatBaker/IslandHM/IslandFinalizedSplatmap.uexp" 4083
"../../../Engine/Content/Functions/Engine_MaterialFunctions02/Utility/Swizzle.uasset" 4084
"../../../Engine/Content/Functions/Engine_MaterialFunctions02/Utility/Swizzle.uexp" 4085
"../../../Engine/Content/Functions/Engine_MaterialFunctions01/Texturing/TextureBomb_SingleSample.uasset" 4086
"../../../Engine/Content/Functions/Engine_MaterialFunctions01/Texturing/TextureBomb_SingleSample.uexp" 4087
"../../../Engine/Content/Functions/Engine_MaterialFunctions01/Texturing/SlopeMask.uasset" 4088
"../../../Engine/Content/Functions/Engine_MaterialFunctions01/Texturing/SlopeMask.uexp" 4089
"../../../Engine/Content/Functions/Engine_MaterialFunctions01/Shading/FuzzyShadingGrass.uasset" 4090
"../../../Engine/Content/Functions/Engine_MaterialFunctions01/Shading/FuzzyShadingGrass.uexp" 4091
"../../../Engine/Content/Functions/Engine_MaterialFunctions03/Procedurals/PreparePerturbNormalHQ.uasset" 4092
"../../../Engine/Content/Functions/Engine_MaterialFunctions03/Procedurals/PreparePerturbNormalHQ.uexp" 4093
"../../../Engine/Content/Functions/Engine_MaterialFunctions03/Procedurals/PerturbNormalHQ.uasset" 4094
"../../../Engine/Content/Functions/Engine_MaterialFunctions03/Procedurals/PerturbNormalHQ.uexp" 4095
"C:/Users/whart/OneDrive/Documents/GitHub/Unreal-Engine-C-/Content/M4/Textures/Water/SmoothWave.ubulk" 4096
"C:/Users/whart/OneDrive/Documents/GitHub/Unreal-Engine-C-/Content/M4/Textures/Water/SmoothWave.uasset" 4097
"C:/Users/whart/OneDrive/Documents/GitHub/Unreal-Engine-C-/Content/M4/Textures/Water/SmoothWave.uexp" 4098
"C:/Users/whart/OneDrive/Documents/GitHub/Unreal-Engine-C-/Content/M4/Blueprints/SystemResources/Trails/MaterialFuncs/BlendTextureBeyondUV.uasset" 4099
"C:/Users/whart/OneDrive/Documents/GitHub/Unreal-Engine-C-/Content/M4/Blueprints/SystemResources/Trails/MaterialFuncs/BlendTextureBeyondUV.uexp" 4100
"C:/Users/whart/OneDrive/Documents/GitHub/Unreal-Engine-C-/Content/M4/Blueprints/SystemResources/Trails/Textures/RTs/V3/TerrainTrails/RT_Trails_Persistent_Blurred.uasset" 4101
"C:/Users/whart/OneDrive/Documents/GitHub/Unreal-Engine-C-/Content/M4/Blueprints/SystemResources/Trails/Textures/RTs/V3/TerrainTrails/RT_Trails_Persistent_Blurred.uexp" 4102
"C:/Users/whart/OneDrive/Documents/GitHub/Unreal-Engine-C-/Content/M4/Blueprints/SystemResources/Trails/Textures/RTs/V3/TerrainTrails/RT_Trails_Persistent_Normals.uasset" 4103
"C:/Users/whart/OneDrive/Documents/GitHub/Unreal-Engine-C-/Content/M4/Blueprints/SystemResources/Trails/Textures/RTs/V3/TerrainTrails/RT_Trails_Persistent_Normals.uexp" 4104
"C:/Users/whart/OneDrive/Documents/GitHub/Unreal-Engine-C-/Content/M4/Textures/Noise/SmoothPerlin.ubulk" 4105
"C:/Users/whart/OneDrive/Documents/GitHub/Unreal-Engine-C-/Content/M4/Textures/Noise/SmoothPerlin.uasset" 4106
"C:/Users/whart/OneDrive/Documents/GitHub/Unreal-Engine-C-/Content/M4/Textures/Noise/SmoothPerlin.uexp" 4107
"C:/Users/whart/OneDrive/Documents/GitHub/Unreal-Engine-C-/Content/M4/Textures/Pebbles/A/MediumPebbleRock_Disp.ubulk" 4108
"C:/Users/whart/OneDrive/Documents/GitHub/Unreal-Engine-C-/Content/M4/Textures/Pebbles/A/MediumPebbleRock_Disp.uasset" 4109
"C:/Users/whart/OneDrive/Documents/GitHub/Unreal-Engine-C-/Content/M4/Textures/Pebbles/A/MediumPebbleRock_Disp.uexp" 4110
"C:/Users/whart/OneDrive/Documents/GitHub/Unreal-Engine-C-/Content/M4/Textures/Pebbles/A/MediumPebbleRock_Normal.ubulk" 4111
"C:/Users/whart/OneDrive/Documents/GitHub/Unreal-Engine-C-/Content/M4/Textures/Pebbles/A/MediumPebbleRock_Normal.uasset" 4112
"C:/Users/whart/OneDrive/Documents/GitHub/Unreal-Engine-C-/Content/M4/Textures/Pebbles/A/MediumPebbleRock_Normal.uexp" 4113
"C:/Users/whart/OneDrive/Documents/GitHub/Unreal-Engine-C-/Content/M4/TrailSystem/ForTerrains/M4-Trail-System.uasset" 4114
"C:/Users/whart/OneDrive/Documents/GitHub/Unreal-Engine-C-/Content/M4/TrailSystem/ForTerrains/M4-Trail-System.uexp" 4115
"C:/Users/whart/OneDrive/Documents/GitHub/Unreal-Engine-C-/Content/M4/TrailSystem/ForTerrains/M4-Trail-Mask-Organizer.uasset" 4116
"C:/Users/whart/OneDrive/Documents/GitHub/Unreal-Engine-C-/Content/M4/TrailSystem/ForTerrains/M4-Trail-Mask-Organizer.uexp" 4117
"C:/Users/whart/OneDrive/Documents/GitHub/Unreal-Engine-C-/Content/M4/Textures/Tutorials/RVT-Warning.ubulk" 4118
"C:/Users/whart/OneDrive/Documents/GitHub/Unreal-Engine-C-/Content/M4/Textures/Tutorials/RVT-Warning.uasset" 4119
"C:/Users/whart/OneDrive/Documents/GitHub/Unreal-Engine-C-/Content/M4/Textures/Tutorials/RVT-Warning.uexp" 4120
"C:/Users/whart/OneDrive/Documents/GitHub/Unreal-Engine-C-/Content/M4/Textures/Tutorials/NaniteLandscapeWarning.ubulk" 4121
"C:/Users/whart/OneDrive/Documents/GitHub/Unreal-Engine-C-/Content/M4/Textures/Tutorials/NaniteLandscapeWarning.uasset" 4122
"C:/Users/whart/OneDrive/Documents/GitHub/Unreal-Engine-C-/Content/M4/Textures/Tutorials/NaniteLandscapeWarning.uexp" 4123
"C:/Users/whart/OneDrive/Documents/GitHub/Unreal-Engine-C-/Content/M4/Textures/Tutorials/NaniteLandscapeAttention.ubulk" 4124
"C:/Users/whart/OneDrive/Documents/GitHub/Unreal-Engine-C-/Content/M4/Textures/Tutorials/NaniteLandscapeAttention.uasset" 4125
"C:/Users/whart/OneDrive/Documents/GitHub/Unreal-Engine-C-/Content/M4/Textures/Tutorials/NaniteLandscapeAttention.uexp" 4126
"C:/Users/whart/OneDrive/Documents/GitHub/Unreal-Engine-C-/Content/M4/Textures/Noise/TilingNoise05.ubulk" 4127
"C:/Users/whart/OneDrive/Documents/GitHub/Unreal-Engine-C-/Content/M4/Textures/Noise/TilingNoise05.uasset" 4128
"C:/Users/whart/OneDrive/Documents/GitHub/Unreal-Engine-C-/Content/M4/Textures/Noise/TilingNoise05.uexp" 4129
"C:/Users/whart/OneDrive/Documents/GitHub/Unreal-Engine-C-/Content/M4/Textures/Noise/SmoothPerlinRGB.ubulk" 4130
"C:/Users/whart/OneDrive/Documents/GitHub/Unreal-Engine-C-/Content/M4/Textures/Noise/SmoothPerlinRGB.uasset" 4131
"C:/Users/whart/OneDrive/Documents/GitHub/Unreal-Engine-C-/Content/M4/Textures/Noise/SmoothPerlinRGB.uexp" 4132
"C:/Users/whart/OneDrive/Documents/GitHub/Unreal-Engine-C-/Content/M4/Textures/Noise/NoiseTextureLowRes.uasset" 4133
"C:/Users/whart/OneDrive/Documents/GitHub/Unreal-Engine-C-/Content/M4/Textures/Noise/NoiseTextureLowRes.uexp" 4134
"C:/Users/whart/OneDrive/Documents/GitHub/Unreal-Engine-C-/Content/M4/Textures/Mud/M4_Mud_R.ubulk" 4135
"C:/Users/whart/OneDrive/Documents/GitHub/Unreal-Engine-C-/Content/M4/Textures/Mud/M4_Mud_R.uasset" 4136
"C:/Users/whart/OneDrive/Documents/GitHub/Unreal-Engine-C-/Content/M4/Textures/Mud/M4_Mud_R.uexp" 4137
"C:/Users/whart/OneDrive/Documents/GitHub/Unreal-Engine-C-/Content/M4/Textures/Mud/M4_Mud_N.ubulk" 4138
"C:/Users/whart/OneDrive/Documents/GitHub/Unreal-Engine-C-/Content/M4/Textures/Mud/M4_Mud_N.uasset" 4139
"C:/Users/whart/OneDrive/Documents/GitHub/Unreal-Engine-C-/Content/M4/Textures/Mud/M4_Mud_N.uexp" 4140
"C:/Users/whart/OneDrive/Documents/GitHub/Unreal-Engine-C-/Content/M4/Textures/Mud/M4_Mud_Height.ubulk" 4141
"C:/Users/whart/OneDrive/Documents/GitHub/Unreal-Engine-C-/Content/M4/Textures/Mud/M4_Mud_Height.uasset" 4142
"C:/Users/whart/OneDrive/Documents/GitHub/Unreal-Engine-C-/Content/M4/Textures/Mud/M4_Mud_Height.uexp" 4143
"C:/Users/whart/OneDrive/Documents/GitHub/Unreal-Engine-C-/Content/M4/Textures/Mud/M4_Mud_BC.ubulk" 4144
"C:/Users/whart/OneDrive/Documents/GitHub/Unreal-Engine-C-/Content/M4/Textures/Mud/M4_Mud_BC.uasset" 4145
"C:/Users/whart/OneDrive/Documents/GitHub/Unreal-Engine-C-/Content/M4/Textures/Mud/M4_Mud_BC.uexp" 4146
"C:/Users/whart/OneDrive/Documents/GitHub/Unreal-Engine-C-/Content/M4/Textures/GroundGrass/4k/B/ProceduralGrass_Roughness_LC.ubulk" 4147
"C:/Users/whart/OneDrive/Documents/GitHub/Unreal-Engine-C-/Content/M4/Textures/GroundGrass/4k/B/ProceduralGrass_Roughness_LC.uasset" 4148
"C:/Users/whart/OneDrive/Documents/GitHub/Unreal-Engine-C-/Content/M4/Textures/GroundGrass/4k/B/ProceduralGrass_Roughness_LC.uexp" 4149
"C:/Users/whart/OneDrive/Documents/GitHub/Unreal-Engine-C-/Content/M4/Textures/GroundGrass/4k/B/ProceduralGrass_Normal.ubulk" 4150
"C:/Users/whart/OneDrive/Documents/GitHub/Unreal-Engine-C-/Content/M4/Textures/GroundGrass/4k/B/ProceduralGrass_Normal.uasset" 4151
"C:/Users/whart/OneDrive/Documents/GitHub/Unreal-Engine-C-/Content/M4/Textures/GroundGrass/4k/B/ProceduralGrass_Normal.uexp" 4152
"C:/Users/whart/OneDrive/Documents/GitHub/Unreal-Engine-C-/Content/M4/Textures/GroundGrass/4k/B/ProceduralGrass_Diffuse.ubulk" 4153
"C:/Users/whart/OneDrive/Documents/GitHub/Unreal-Engine-C-/Content/M4/Textures/GroundGrass/4k/B/ProceduralGrass_Diffuse.uasset" 4154
"C:/Users/whart/OneDrive/Documents/GitHub/Unreal-Engine-C-/Content/M4/Textures/GroundGrass/4k/B/ProceduralGrass_Diffuse.uexp" 4155
"C:/Users/whart/OneDrive/Documents/GitHub/Unreal-Engine-C-/Content/M4/Textures/GroundGrass/4k/B/ProceduralGrass_Disp_LC.ubulk" 4156
"C:/Users/whart/OneDrive/Documents/GitHub/Unreal-Engine-C-/Content/M4/Textures/GroundGrass/4k/B/ProceduralGrass_Disp_LC.uasset" 4157
"C:/Users/whart/OneDrive/Documents/GitHub/Unreal-Engine-C-/Content/M4/Textures/GroundGrass/4k/B/ProceduralGrass_Disp_LC.uexp" 4158
"C:/Users/whart/OneDrive/Documents/GitHub/Unreal-Engine-C-/Content/M4/Materials/MasterMaterials/Functions/PaintFunctions/TextureSetBlending.uasset" 4159
"C:/Users/whart/OneDrive/Documents/GitHub/Unreal-Engine-C-/Content/M4/Materials/MasterMaterials/Functions/PaintFunctions/TextureSetBlending.uexp" 4160
"C:/Users/whart/OneDrive/Documents/GitHub/Unreal-Engine-C-/Content/M4/Textures/Pebbles/B/Pebbles_Normal.ubulk" 4161
"C:/Users/whart/OneDrive/Documents/GitHub/Unreal-Engine-C-/Content/M4/Textures/Pebbles/B/Pebbles_Normal.uasset" 4162
"C:/Users/whart/OneDrive/Documents/GitHub/Unreal-Engine-C-/Content/M4/Textures/Pebbles/B/Pebbles_Normal.uexp" 4163
"C:/Users/whart/OneDrive/Documents/GitHub/Unreal-Engine-C-/Content/M4/Textures/Pebbles/B/Pebbles_Displacement.ubulk" 4164
"C:/Users/whart/OneDrive/Documents/GitHub/Unreal-Engine-C-/Content/M4/Textures/Pebbles/B/Pebbles_Displacement.uasset" 4165
"C:/Users/whart/OneDrive/Documents/GitHub/Unreal-Engine-C-/Content/M4/Textures/Pebbles/B/Pebbles_Displacement.uexp" 4166
"C:/Users/whart/OneDrive/Documents/GitHub/Unreal-Engine-C-/Content/M4/Textures/Pebbles/B/Pebbles_Albedo.ubulk" 4167
"C:/Users/whart/OneDrive/Documents/GitHub/Unreal-Engine-C-/Content/M4/Textures/Pebbles/B/Pebbles_Albedo.uasset" 4168
"C:/Users/whart/OneDrive/Documents/GitHub/Unreal-Engine-C-/Content/M4/Textures/Pebbles/B/Pebbles_Albedo.uexp" 4169
"C:/Users/whart/OneDrive/Documents/GitHub/Unreal-Engine-C-/Content/M4/Materials/PaintLayers/StonesLayer.uasset" 4170
"C:/Users/whart/OneDrive/Documents/GitHub/Unreal-Engine-C-/Content/M4/Materials/PaintLayers/StonesLayer.uexp" 4171
"C:/Users/whart/OneDrive/Documents/GitHub/Unreal-Engine-C-/Content/M4/Materials/PaintLayers/SandLayer.uasset" 4172
"C:/Users/whart/OneDrive/Documents/GitHub/Unreal-Engine-C-/Content/M4/Materials/PaintLayers/SandLayer.uexp" 4173
"C:/Users/whart/OneDrive/Documents/GitHub/Unreal-Engine-C-/Content/M4/Materials/MasterMaterials/Functions/CheapContrastWithoutClamp.uasset" 4174
"C:/Users/whart/OneDrive/Documents/GitHub/Unreal-Engine-C-/Content/M4/Materials/MasterMaterials/Functions/CheapContrastWithoutClamp.uexp" 4175
"C:/Users/whart/OneDrive/Documents/GitHub/Unreal-Engine-C-/Content/M4/Materials/PaintLayers/MudLayer.uasset" 4176
"C:/Users/whart/OneDrive/Documents/GitHub/Unreal-Engine-C-/Content/M4/Materials/PaintLayers/MudLayer.uexp" 4177
"C:/Users/whart/OneDrive/Documents/GitHub/Unreal-Engine-C-/Content/M4/Materials/PaintLayers/JaggedRockLayer.uasset" 4178
"C:/Users/whart/OneDrive/Documents/GitHub/Unreal-Engine-C-/Content/M4/Materials/PaintLayers/JaggedRockLayer.uexp" 4179
"C:/Users/whart/OneDrive/Documents/GitHub/Unreal-Engine-C-/Content/M4/Materials/PaintLayers/GrassLayer.uasset" 4180
"C:/Users/whart/OneDrive/Documents/GitHub/Unreal-Engine-C-/Content/M4/Materials/PaintLayers/GrassLayer.uexp" 4181
"C:/Users/whart/OneDrive/Documents/GitHub/Unreal-Engine-C-/Content/M4/Textures/Forest/B/ForestGroundNormalB.ubulk" 4182
"C:/Users/whart/OneDrive/Documents/GitHub/Unreal-Engine-C-/Content/M4/Textures/Forest/B/ForestGroundNormalB.uasset" 4183
"C:/Users/whart/OneDrive/Documents/GitHub/Unreal-Engine-C-/Content/M4/Textures/Forest/B/ForestGroundNormalB.uexp" 4184
"C:/Users/whart/OneDrive/Documents/GitHub/Unreal-Engine-C-/Content/M4/Textures/Forest/B/ForestGroundDiffuseB.ubulk" 4185
"C:/Users/whart/OneDrive/Documents/GitHub/Unreal-Engine-C-/Content/M4/Textures/Forest/B/ForestGroundDiffuseB.uasset" 4186
"C:/Users/whart/OneDrive/Documents/GitHub/Unreal-Engine-C-/Content/M4/Textures/Forest/B/ForestGroundDiffuseB.uexp" 4187
"C:/Users/whart/OneDrive/Documents/GitHub/Unreal-Engine-C-/Content/M4/Textures/Forest/B/ForestGroundDetailNormalB.ubulk" 4188
"C:/Users/whart/OneDrive/Documents/GitHub/Unreal-Engine-C-/Content/M4/Textures/Forest/B/ForestGroundDetailNormalB.uasset" 4189
"C:/Users/whart/OneDrive/Documents/GitHub/Unreal-Engine-C-/Content/M4/Textures/Forest/B/ForestGroundDetailNormalB.uexp" 4190
"C:/Users/whart/OneDrive/Documents/GitHub/Unreal-Engine-C-/Content/M4/Materials/PaintLayers/ForestLayer.uasset" 4191
"C:/Users/whart/OneDrive/Documents/GitHub/Unreal-Engine-C-/Content/M4/Materials/PaintLayers/ForestLayer.uexp" 4192
"C:/Users/whart/OneDrive/Documents/GitHub/Unreal-Engine-C-/Content/M4/Textures/Ice/B/IceB_Roughness_LC.ubulk" 4193
"C:/Users/whart/OneDrive/Documents/GitHub/Unreal-Engine-C-/Content/M4/Textures/Ice/B/IceB_Roughness_LC.uasset" 4194
"C:/Users/whart/OneDrive/Documents/GitHub/Unreal-Engine-C-/Content/M4/Textures/Ice/B/IceB_Roughness_LC.uexp" 4195
"C:/Users/whart/OneDrive/Documents/GitHub/Unreal-Engine-C-/Content/M4/Textures/Ice/B/IceB_Normal.ubulk" 4196
"C:/Users/whart/OneDrive/Documents/GitHub/Unreal-Engine-C-/Content/M4/Textures/Ice/B/IceB_Normal.uasset" 4197
"C:/Users/whart/OneDrive/Documents/GitHub/Unreal-Engine-C-/Content/M4/Textures/Ice/B/IceB_Normal.uexp" 4198
"C:/Users/whart/OneDrive/Documents/GitHub/Unreal-Engine-C-/Content/M4/Textures/Ice/B/IceB_Diffuse.ubulk" 4199
"C:/Users/whart/OneDrive/Documents/GitHub/Unreal-Engine-C-/Content/M4/Textures/Ice/B/IceB_Diffuse.uasset" 4200
"C:/Users/whart/OneDrive/Documents/GitHub/Unreal-Engine-C-/Content/M4/Textures/Ice/B/IceB_Diffuse.uexp" 4201
"C:/Users/whart/OneDrive/Documents/GitHub/Unreal-Engine-C-/Content/M4/Materials/PaintLayers/FlatIceLayer.uasset" 4202
"C:/Users/whart/OneDrive/Documents/GitHub/Unreal-Engine-C-/Content/M4/Materials/PaintLayers/FlatIceLayer.uexp" 4203
"C:/Users/whart/OneDrive/Documents/GitHub/Unreal-Engine-C-/Content/M4/Materials/PaintLayers/DirtLayer.uasset" 4204
"C:/Users/whart/OneDrive/Documents/GitHub/Unreal-Engine-C-/Content/M4/Materials/PaintLayers/DirtLayer.uexp" 4205
"C:/Users/whart/OneDrive/Documents/GitHub/Unreal-Engine-C-/Content/M4/Textures/CliffWalls/A/Cliff_Disp_A_LC.ubulk" 4206
"C:/Users/whart/OneDrive/Documents/GitHub/Unreal-Engine-C-/Content/M4/Textures/CliffWalls/A/Cliff_Disp_A_LC.uasset" 4207
"C:/Users/whart/OneDrive/Documents/GitHub/Unreal-Engine-C-/Content/M4/Textures/CliffWalls/A/Cliff_Disp_A_LC.uexp" 4208
"C:/Users/whart/OneDrive/Documents/GitHub/Unreal-Engine-C-/Content/M4/Textures/CliffWalls/A/Cliff_Diffuse_A_NORM.ubulk" 4209
"C:/Users/whart/OneDrive/Documents/GitHub/Unreal-Engine-C-/Content/M4/Textures/CliffWalls/A/Cliff_Diffuse_A_NORM.uasset" 4210
"C:/Users/whart/OneDrive/Documents/GitHub/Unreal-Engine-C-/Content/M4/Textures/CliffWalls/A/Cliff_Diffuse_A_NORM.uexp" 4211
"C:/Users/whart/OneDrive/Documents/GitHub/Unreal-Engine-C-/Content/M4/Textures/CliffWalls/A/Cliff_Diffuse_A.ubulk" 4212
"C:/Users/whart/OneDrive/Documents/GitHub/Unreal-Engine-C-/Content/M4/Textures/CliffWalls/A/Cliff_Diffuse_A.uasset" 4213
"C:/Users/whart/OneDrive/Documents/GitHub/Unreal-Engine-C-/Content/M4/Textures/CliffWalls/A/Cliff_Diffuse_A.uexp" 4214
"C:/Users/whart/OneDrive/Documents/GitHub/Unreal-Engine-C-/Content/M4/Materials/MasterMaterials/Functions/M4PlanarProjection-Custom.uasset" 4215
"C:/Users/whart/OneDrive/Documents/GitHub/Unreal-Engine-C-/Content/M4/Materials/MasterMaterials/Functions/M4PlanarProjection-Custom.uexp" 4216
"C:/Users/whart/OneDrive/Documents/GitHub/Unreal-Engine-C-/Content/M4/Materials/MasterMaterials/Functions/TilingReduction/StochasticTexture-Custom.uasset" 4217
"C:/Users/whart/OneDrive/Documents/GitHub/Unreal-Engine-C-/Content/M4/Materials/MasterMaterials/Functions/TilingReduction/StochasticTexture-Custom.uexp" 4218
"C:/Users/whart/OneDrive/Documents/GitHub/Unreal-Engine-C-/Content/M4/Materials/MasterMaterials/Functions/VHFM/DetailTexturingFunction.uasset" 4219
"C:/Users/whart/OneDrive/Documents/GitHub/Unreal-Engine-C-/Content/M4/Materials/MasterMaterials/Functions/VHFM/DetailTexturingFunction.uexp" 4220
"C:/Users/whart/OneDrive/Documents/GitHub/Unreal-Engine-C-/Content/M4/Materials/MasterMaterials/Functions/PaintFunctions/PaintSetBlending.uasset" 4221
"C:/Users/whart/OneDrive/Documents/GitHub/Unreal-Engine-C-/Content/M4/Materials/MasterMaterials/Functions/PaintFunctions/PaintSetBlending.uexp" 4222
"C:/Users/whart/OneDrive/Documents/GitHub/Unreal-Engine-C-/Content/M4/Materials/PaintLayers/Custom02Layer.uasset" 4223
"C:/Users/whart/OneDrive/Documents/GitHub/Unreal-Engine-C-/Content/M4/Materials/PaintLayers/Custom02Layer.uexp" 4224
"C:/Users/whart/OneDrive/Documents/GitHub/Unreal-Engine-C-/Content/M4/Materials/PaintLayers/Custom01Layer.uasset" 4225
"C:/Users/whart/OneDrive/Documents/GitHub/Unreal-Engine-C-/Content/M4/Materials/PaintLayers/Custom01Layer.uexp" 4226
"C:/Users/whart/OneDrive/Documents/GitHub/Unreal-Engine-C-/Content/M4/Materials/MasterMaterials/Functions/ColorCurves/Curves/SlopeColorCurve_TundraA.uasset" 4227
"C:/Users/whart/OneDrive/Documents/GitHub/Unreal-Engine-C-/Content/M4/Materials/MasterMaterials/Functions/ColorCurves/Curves/SlopeColorCurve_TundraA.uexp" 4228
"C:/Users/whart/OneDrive/Documents/GitHub/Unreal-Engine-C-/Content/M4/Materials/MasterMaterials/Functions/ColorCurves/Curves/SlopeColorCurve_IslandC.uasset" 4229
"C:/Users/whart/OneDrive/Documents/GitHub/Unreal-Engine-C-/Content/M4/Materials/MasterMaterials/Functions/ColorCurves/Curves/SlopeColorCurve_IslandC.uexp" 4230
"C:/Users/whart/OneDrive/Documents/GitHub/Unreal-Engine-C-/Content/M4/Materials/MasterMaterials/Functions/ColorCurves/Curves/SlopeColorCurve_DesertB.uasset" 4231
"C:/Users/whart/OneDrive/Documents/GitHub/Unreal-Engine-C-/Content/M4/Materials/MasterMaterials/Functions/ColorCurves/Curves/SlopeColorCurve_DesertB.uexp" 4232
"C:/Users/whart/OneDrive/Documents/GitHub/Unreal-Engine-C-/Content/M4/Materials/MasterMaterials/Functions/ColorCurves/Curves/SlopeColorCurve_IslandB.uasset" 4233
"C:/Users/whart/OneDrive/Documents/GitHub/Unreal-Engine-C-/Content/M4/Materials/MasterMaterials/Functions/ColorCurves/Curves/SlopeColorCurve_IslandB.uexp" 4234
"C:/Users/whart/OneDrive/Documents/GitHub/Unreal-Engine-C-/Content/M4/Materials/MasterMaterials/Functions/ColorCurves/Curves/SlopeColorCurve_IslandA.uasset" 4235
"C:/Users/whart/OneDrive/Documents/GitHub/Unreal-Engine-C-/Content/M4/Materials/MasterMaterials/Functions/ColorCurves/Curves/SlopeColorCurve_IslandA.uexp" 4236
"C:/Users/whart/OneDrive/Documents/GitHub/Unreal-Engine-C-/Content/M4/Materials/MasterMaterials/Functions/ColorCurves/Curves/SlopeColorCurve_DesertA.uasset" 4237
"C:/Users/whart/OneDrive/Documents/GitHub/Unreal-Engine-C-/Content/M4/Materials/MasterMaterials/Functions/ColorCurves/Curves/SlopeColorCurve_DesertA.uexp" 4238
"C:/Users/whart/OneDrive/Documents/GitHub/Unreal-Engine-C-/Content/M4/Materials/MasterMaterials/Functions/ColorCurves/Curves/TerrainCurvesAtlas.uasset" 4239
"C:/Users/whart/OneDrive/Documents/GitHub/Unreal-Engine-C-/Content/M4/Materials/MasterMaterials/Functions/ColorCurves/Curves/TerrainCurvesAtlas.uexp" 4240
"C:/Users/whart/OneDrive/Documents/GitHub/Unreal-Engine-C-/Content/M4/Materials/MasterMaterials/Functions/PaintFunctions/BlendMultiLayeredMaterials.uasset" 4241
"C:/Users/whart/OneDrive/Documents/GitHub/Unreal-Engine-C-/Content/M4/Materials/MasterMaterials/Functions/PaintFunctions/BlendMultiLayeredMaterials.uexp" 4242
"C:/Users/whart/OneDrive/Documents/GitHub/Unreal-Engine-C-/Content/M4/Materials/PaintLayers/MultiBiomePaintLayers/Tundra-MultiLayer.uasset" 4243
"C:/Users/whart/OneDrive/Documents/GitHub/Unreal-Engine-C-/Content/M4/Materials/PaintLayers/MultiBiomePaintLayers/Tundra-MultiLayer.uexp" 4244
"C:/Users/whart/OneDrive/Documents/GitHub/Unreal-Engine-C-/Content/M4/Materials/PaintLayers/MultiBiomePaintLayers/Island-MultiLayer.uasset" 4245
"C:/Users/whart/OneDrive/Documents/GitHub/Unreal-Engine-C-/Content/M4/Materials/PaintLayers/MultiBiomePaintLayers/Island-MultiLayer.uexp" 4246
"C:/Users/whart/OneDrive/Documents/GitHub/Unreal-Engine-C-/Content/M4/Materials/PaintLayers/MultiBiomePaintLayers/Desert-MultiLayer.uasset" 4247
"C:/Users/whart/OneDrive/Documents/GitHub/Unreal-Engine-C-/Content/M4/Materials/PaintLayers/MultiBiomePaintLayers/Desert-MultiLayer.uexp" 4248
"C:/Users/whart/OneDrive/Documents/GitHub/Unreal-Engine-C-/Content/M4/Materials/MasterMaterials/Functions/TextureCoordinateOverride.uasset" 4249
"C:/Users/whart/OneDrive/Documents/GitHub/Unreal-Engine-C-/Content/M4/Materials/MasterMaterials/Functions/TextureCoordinateOverride.uexp" 4250
"C:/Users/whart/OneDrive/Documents/GitHub/Unreal-Engine-C-/Content/M4/Materials/MasterMaterials/Functions/CheapContrastWithoutClampRGBA.uasset" 4251
"C:/Users/whart/OneDrive/Documents/GitHub/Unreal-Engine-C-/Content/M4/Materials/MasterMaterials/Functions/CheapContrastWithoutClampRGBA.uexp" 4252
"C:/Users/whart/OneDrive/Documents/GitHub/Unreal-Engine-C-/Content/M4/Materials/MasterMaterials/Functions/SplatmapDetection.uasset" 4253
"C:/Users/whart/OneDrive/Documents/GitHub/Unreal-Engine-C-/Content/M4/Materials/MasterMaterials/Functions/SplatmapDetection.uexp" 4254
"C:/Users/whart/OneDrive/Documents/GitHub/Unreal-Engine-C-/Content/M4/Materials/MasterMaterials/Functions/Cliff.uasset" 4255
"C:/Users/whart/OneDrive/Documents/GitHub/Unreal-Engine-C-/Content/M4/Materials/MasterMaterials/Functions/Cliff.uexp" 4256
"C:/Users/whart/OneDrive/Documents/GitHub/Unreal-Engine-C-/Content/M4/Materials/MasterMaterials/Functions/CheapVariationUVs.uasset" 4257
"C:/Users/whart/OneDrive/Documents/GitHub/Unreal-Engine-C-/Content/M4/Materials/MasterMaterials/Functions/CheapVariationUVs.uexp" 4258
"C:/Users/whart/OneDrive/Documents/GitHub/Unreal-Engine-C-/Content/M4/Materials/MasterMaterials/Functions/TilingReduction/StochasticTextureVariation.uasset" 4259
"C:/Users/whart/OneDrive/Documents/GitHub/Unreal-Engine-C-/Content/M4/Materials/MasterMaterials/Functions/TilingReduction/StochasticTextureVariation.uexp" 4260
"C:/Users/whart/OneDrive/Documents/GitHub/Unreal-Engine-C-/Content/M4/Materials/MasterMaterials/Functions/Foothill.uasset" 4261
"C:/Users/whart/OneDrive/Documents/GitHub/Unreal-Engine-C-/Content/M4/Materials/MasterMaterials/Functions/Foothill.uexp" 4262
"C:/Users/whart/OneDrive/Documents/GitHub/Unreal-Engine-C-/Content/M4/Materials/MasterMaterials/Functions/MountainTopDetection.uasset" 4263
"C:/Users/whart/OneDrive/Documents/GitHub/Unreal-Engine-C-/Content/M4/Materials/MasterMaterials/Functions/MountainTopDetection.uexp" 4264
"C:/Users/whart/OneDrive/Documents/GitHub/Unreal-Engine-C-/Content/M4/Materials/MasterMaterials/Functions/MountainTopSnow.uasset" 4265
"C:/Users/whart/OneDrive/Documents/GitHub/Unreal-Engine-C-/Content/M4/Materials/MasterMaterials/Functions/MountainTopSnow.uexp" 4266
"C:/Users/whart/OneDrive/Documents/GitHub/Unreal-Engine-C-/Content/M4/Materials/MasterMaterials/Functions/PaintFunctions/Lighten+DarkenPaintLayers.uasset" 4267
"C:/Users/whart/OneDrive/Documents/GitHub/Unreal-Engine-C-/Content/M4/Materials/MasterMaterials/Functions/PaintFunctions/Lighten+DarkenPaintLayers.uexp" 4268
"C:/Users/whart/OneDrive/Documents/GitHub/Unreal-Engine-C-/Content/M4/Materials/MasterMaterials/Functions/SplatmapMaterialSlope.uasset" 4269
"C:/Users/whart/OneDrive/Documents/GitHub/Unreal-Engine-C-/Content/M4/Materials/MasterMaterials/Functions/SplatmapMaterialSlope.uexp" 4270
"C:/Users/whart/OneDrive/Documents/GitHub/Unreal-Engine-C-/Content/M4/Materials/MasterMaterials/Functions/BeachDetection.uasset" 4271
"C:/Users/whart/OneDrive/Documents/GitHub/Unreal-Engine-C-/Content/M4/Materials/MasterMaterials/Functions/BeachDetection.uexp" 4272
"C:/Users/whart/OneDrive/Documents/GitHub/Unreal-Engine-C-/Content/M4/Materials/MasterMaterials/Functions/Beach.uasset" 4273
"C:/Users/whart/OneDrive/Documents/GitHub/Unreal-Engine-C-/Content/M4/Materials/MasterMaterials/Functions/Beach.uexp" 4274
"C:/Users/whart/OneDrive/Documents/GitHub/Unreal-Engine-C-/Content/M4/Blueprints/SystemResources/Legacy/ObjectColorCorrector_Legacy.uasset" 4275
"C:/Users/whart/OneDrive/Documents/GitHub/Unreal-Engine-C-/Content/M4/Blueprints/SystemResources/Legacy/ObjectColorCorrector_Legacy.uexp" 4276
"C:/Users/whart/OneDrive/Documents/GitHub/Unreal-Engine-C-/Content/M4/Materials/MasterMaterials/Functions/TilingReduction/CustomTexture_Bombing.uasset" 4277
"C:/Users/whart/OneDrive/Documents/GitHub/Unreal-Engine-C-/Content/M4/Materials/MasterMaterials/Functions/TilingReduction/CustomTexture_Bombing.uexp" 4278
"C:/Users/whart/OneDrive/Documents/GitHub/Unreal-Engine-C-/Content/M4/Materials/MasterMaterials/Functions/TilingReduction/UV-ScramblingTextureVariation.uasset" 4279
"C:/Users/whart/OneDrive/Documents/GitHub/Unreal-Engine-C-/Content/M4/Materials/MasterMaterials/Functions/TilingReduction/UV-ScramblingTextureVariation.uexp" 4280
"C:/Users/whart/OneDrive/Documents/GitHub/Unreal-Engine-C-/Content/M4/Materials/MasterMaterials/Functions/FlatlandA.uasset" 4281
"C:/Users/whart/OneDrive/Documents/GitHub/Unreal-Engine-C-/Content/M4/Materials/MasterMaterials/Functions/FlatlandA.uexp" 4282
"C:/Users/whart/OneDrive/Documents/GitHub/Unreal-Engine-C-/Content/M4/Materials/MasterMaterials/Functions/FlatlandB.uasset" 4283
"C:/Users/whart/OneDrive/Documents/GitHub/Unreal-Engine-C-/Content/M4/Materials/MasterMaterials/Functions/FlatlandB.uexp" 4284
"C:/Users/whart/OneDrive/Documents/GitHub/Unreal-Engine-C-/Content/M4/Materials/MasterMaterials/Functions/FlatlandMacroNormal.uasset" 4285
"C:/Users/whart/OneDrive/Documents/GitHub/Unreal-Engine-C-/Content/M4/Materials/MasterMaterials/Functions/FlatlandMacroNormal.uexp" 4286
"C:/Users/whart/OneDrive/Documents/GitHub/Unreal-Engine-C-/Content/M4/Materials/MasterMaterials/Functions/FlatlandBlending.uasset" 4287
"C:/Users/whart/OneDrive/Documents/GitHub/Unreal-Engine-C-/Content/M4/Materials/MasterMaterials/Functions/FlatlandBlending.uexp" 4288
"C:/Users/whart/OneDrive/Documents/GitHub/Unreal-Engine-C-/Content/M4/Materials/MasterMaterials/Functions/FlatlandNoisePattern.uasset" 4289
"C:/Users/whart/OneDrive/Documents/GitHub/Unreal-Engine-C-/Content/M4/Materials/MasterMaterials/Functions/FlatlandNoisePattern.uexp" 4290
"C:/Users/whart/OneDrive/Documents/GitHub/Unreal-Engine-C-/Content/M4/Materials/MasterMaterials/Functions/SplatmapMaterialBase.uasset" 4291
"C:/Users/whart/OneDrive/Documents/GitHub/Unreal-Engine-C-/Content/M4/Materials/MasterMaterials/Functions/SplatmapMaterialBase.uexp" 4292
"C:/Users/whart/OneDrive/Documents/GitHub/Unreal-Engine-C-/Content/M4/Materials/MasterMaterials/Functions/SlopeDetection.uasset" 4293
"C:/Users/whart/OneDrive/Documents/GitHub/Unreal-Engine-C-/Content/M4/Materials/MasterMaterials/Functions/SlopeDetection.uexp" 4294
"C:/Users/whart/OneDrive/Documents/GitHub/Unreal-Engine-C-/Content/M4/Materials/MasterMaterials/Functions/ProceduralFoliageMasking.uasset" 4295
"C:/Users/whart/OneDrive/Documents/GitHub/Unreal-Engine-C-/Content/M4/Materials/MasterMaterials/Functions/ProceduralFoliageMasking.uexp" 4296
"C:/Users/whart/OneDrive/Documents/GitHub/Unreal-Engine-C-/Content/M4/Materials/MasterMaterials/Functions/CameraDistanceDetection.uasset" 4297
"C:/Users/whart/OneDrive/Documents/GitHub/Unreal-Engine-C-/Content/M4/Materials/MasterMaterials/Functions/CameraDistanceDetection.uexp" 4298
"C:/Users/whart/OneDrive/Documents/GitHub/Unreal-Engine-C-/Content/M4/Materials/MasterMaterials/Functions/PrepareRegularOuput.uasset" 4299
"C:/Users/whart/OneDrive/Documents/GitHub/Unreal-Engine-C-/Content/M4/Materials/MasterMaterials/Functions/PrepareRegularOuput.uexp" 4300
"C:/Users/whart/OneDrive/Documents/GitHub/Unreal-Engine-C-/Content/M4/Materials/MasterMaterials/Functions/PrepareOutput-RVT.uasset" 4301
"C:/Users/whart/OneDrive/Documents/GitHub/Unreal-Engine-C-/Content/M4/Materials/MasterMaterials/Functions/PrepareOutput-RVT.uexp" 4302
"C:/Users/whart/OneDrive/Documents/GitHub/Unreal-Engine-C-/Content/M4/Extras/UDS-EasyIntegration/TerrainFunctions/IntegrateUDS-Dynamic_Weather_Effects.uasset" 4303
"C:/Users/whart/OneDrive/Documents/GitHub/Unreal-Engine-C-/Content/M4/Extras/UDS-EasyIntegration/TerrainFunctions/IntegrateUDS-Dynamic_Weather_Effects.uexp" 4304
"C:/Users/whart/OneDrive/Documents/GitHub/Unreal-Engine-C-/Content/M4/Extras/UDS-EasyIntegration/TerrainFunctions/PrepareUDS-Dynamic_Weather_Effects.uasset" 4305
"C:/Users/whart/OneDrive/Documents/GitHub/Unreal-Engine-C-/Content/M4/Extras/UDS-EasyIntegration/TerrainFunctions/PrepareUDS-Dynamic_Weather_Effects.uexp" 4306
"C:/Users/whart/OneDrive/Documents/GitHub/Unreal-Engine-C-/Content/M4/Foliage/ProceduralPlacers/Beach/Beach_DryLayer.uasset" 4307
"C:/Users/whart/OneDrive/Documents/GitHub/Unreal-Engine-C-/Content/M4/Foliage/ProceduralPlacers/Beach/Beach_DryLayer.uexp" 4308
"C:/Users/whart/OneDrive/Documents/GitHub/Unreal-Engine-C-/Content/M4/Foliage/ProceduralPlacers/Beach/Beach_WetLayer.uasset" 4309
"C:/Users/whart/OneDrive/Documents/GitHub/Unreal-Engine-C-/Content/M4/Foliage/ProceduralPlacers/Beach/Beach_WetLayer.uexp" 4310
"C:/Users/whart/OneDrive/Documents/GitHub/Unreal-Engine-C-/Content/M4/Foliage/ProceduralPlacers/Desert/Desert_EdgeOfSlope.uasset" 4311
"C:/Users/whart/OneDrive/Documents/GitHub/Unreal-Engine-C-/Content/M4/Foliage/ProceduralPlacers/Desert/Desert_EdgeOfSlope.uexp" 4312
"C:/Users/whart/OneDrive/Documents/GitHub/Unreal-Engine-C-/Content/M4/Foliage/ProceduralPlacers/Desert/Desert_FlatlandA.uasset" 4313
"C:/Users/whart/OneDrive/Documents/GitHub/Unreal-Engine-C-/Content/M4/Foliage/ProceduralPlacers/Desert/Desert_FlatlandA.uexp" 4314
"C:/Users/whart/OneDrive/Documents/GitHub/Unreal-Engine-C-/Content/M4/Foliage/ProceduralPlacers/Desert/Desert_FlatlandB.uasset" 4315
"C:/Users/whart/OneDrive/Documents/GitHub/Unreal-Engine-C-/Content/M4/Foliage/ProceduralPlacers/Desert/Desert_FlatlandB.uexp" 4316
"C:/Users/whart/OneDrive/Documents/GitHub/Unreal-Engine-C-/Content/M4/Foliage/ProceduralPlacers/Desert/Desert_FlatlandRandom.uasset" 4317
"C:/Users/whart/OneDrive/Documents/GitHub/Unreal-Engine-C-/Content/M4/Foliage/ProceduralPlacers/Desert/Desert_FlatlandRandom.uexp" 4318
"C:/Users/whart/OneDrive/Documents/GitHub/Unreal-Engine-C-/Content/M4/Foliage/Rocks/Textures/RockSet01_Normal.ubulk" 4319
"C:/Users/whart/OneDrive/Documents/GitHub/Unreal-Engine-C-/Content/M4/Foliage/Rocks/Textures/RockSet01_Normal.uasset" 4320
"C:/Users/whart/OneDrive/Documents/GitHub/Unreal-Engine-C-/Content/M4/Foliage/Rocks/Textures/RockSet01_Normal.uexp" 4321
"C:/Users/whart/OneDrive/Documents/GitHub/Unreal-Engine-C-/Content/M4/Foliage/Rocks/Textures/RockSet01_Diffuse.ubulk" 4322
"C:/Users/whart/OneDrive/Documents/GitHub/Unreal-Engine-C-/Content/M4/Foliage/Rocks/Textures/RockSet01_Diffuse.uasset" 4323
"C:/Users/whart/OneDrive/Documents/GitHub/Unreal-Engine-C-/Content/M4/Foliage/Rocks/Textures/RockSet01_Diffuse.uexp" 4324
"../../../Engine/Content/Functions/Engine_MaterialFunctions01/SpeedTree/SpeedTreeColorVariation.uasset" 4325
"../../../Engine/Content/Functions/Engine_MaterialFunctions01/SpeedTree/SpeedTreeColorVariation.uexp" 4326
"C:/Users/whart/OneDrive/Documents/GitHub/Unreal-Engine-C-/Content/M4/Foliage/Rocks/Materials/SmallRocks/RockMasterMat.uasset" 4327
"C:/Users/whart/OneDrive/Documents/GitHub/Unreal-Engine-C-/Content/M4/Foliage/Rocks/Materials/SmallRocks/RockMasterMat.uexp" 4328
"C:/Users/whart/OneDrive/Documents/GitHub/Unreal-Engine-C-/Content/M4/Foliage/Rocks/Materials/SmallRocks/RockMasterMat_Inst.uasset" 4329
"C:/Users/whart/OneDrive/Documents/GitHub/Unreal-Engine-C-/Content/M4/Foliage/Rocks/Materials/SmallRocks/RockMasterMat_Inst.uexp" 4330
"C:/Users/whart/OneDrive/Documents/GitHub/Unreal-Engine-C-/Content/M4/Foliage/Rocks/Meshes/SmallRocks/SmallRock01.uasset" 4331
"C:/Users/whart/OneDrive/Documents/GitHub/Unreal-Engine-C-/Content/M4/Foliage/Rocks/Meshes/SmallRocks/SmallRock01.uexp" 4332
"C:/Users/whart/OneDrive/Documents/GitHub/Unreal-Engine-C-/Content/M4/Foliage/Rocks/Meshes/SmallRocks/SmallRock02.uasset" 4333
"C:/Users/whart/OneDrive/Documents/GitHub/Unreal-Engine-C-/Content/M4/Foliage/Rocks/Meshes/SmallRocks/SmallRock02.uexp" 4334
"C:/Users/whart/OneDrive/Documents/GitHub/Unreal-Engine-C-/Content/M4/Foliage/Rocks/Meshes/SmallRocks/SmallRock03.uasset" 4335
"C:/Users/whart/OneDrive/Documents/GitHub/Unreal-Engine-C-/Content/M4/Foliage/Rocks/Meshes/SmallRocks/SmallRock03.uexp" 4336
"C:/Users/whart/OneDrive/Documents/GitHub/Unreal-Engine-C-/Content/M4/Foliage/Rocks/Meshes/SmallRocks/SmallRockGroup01.uasset" 4337
"C:/Users/whart/OneDrive/Documents/GitHub/Unreal-Engine-C-/Content/M4/Foliage/Rocks/Meshes/SmallRocks/SmallRockGroup01.uexp" 4338
"C:/Users/whart/OneDrive/Documents/GitHub/Unreal-Engine-C-/Content/M4/Foliage/Rocks/Meshes/SmallRocks/SmallRockGroup02.uasset" 4339
"C:/Users/whart/OneDrive/Documents/GitHub/Unreal-Engine-C-/Content/M4/Foliage/Rocks/Meshes/SmallRocks/SmallRockGroup02.uexp" 4340
"C:/Users/whart/OneDrive/Documents/GitHub/Unreal-Engine-C-/Content/M4/Foliage/Rocks/Meshes/SmallRocks/SmallRockGroup03.uasset" 4341
"C:/Users/whart/OneDrive/Documents/GitHub/Unreal-Engine-C-/Content/M4/Foliage/Rocks/Meshes/SmallRocks/SmallRockGroup03.uexp" 4342
"C:/Users/whart/OneDrive/Documents/GitHub/Unreal-Engine-C-/Content/M4/Foliage/Plants/Textures/WindNormalMap.ubulk" 4343
"C:/Users/whart/OneDrive/Documents/GitHub/Unreal-Engine-C-/Content/M4/Foliage/Plants/Textures/WindNormalMap.uasset" 4344
"C:/Users/whart/OneDrive/Documents/GitHub/Unreal-Engine-C-/Content/M4/Foliage/Plants/Textures/WindNormalMap.uexp" 4345
"C:/Users/whart/OneDrive/Documents/GitHub/Unreal-Engine-C-/Content/M4/Foliage/Plants/Textures/GrassWithAlpha2.ubulk" 4346
"C:/Users/whart/OneDrive/Documents/GitHub/Unreal-Engine-C-/Content/M4/Foliage/Plants/Textures/GrassWithAlpha2.uasset" 4347
"C:/Users/whart/OneDrive/Documents/GitHub/Unreal-Engine-C-/Content/M4/Foliage/Plants/Textures/GrassWithAlpha2.uexp" 4348
"../../../Engine/Content/Functions/Engine_MaterialFunctions01/Gradient/SphereGradient-2D.uasset" 4349
"../../../Engine/Content/Functions/Engine_MaterialFunctions01/Gradient/SphereGradient-2D.uexp" 4350
"../../../Engine/Content/ArtTools/RenderToTexture/MaterialFunctions/FoliageZRotation.uasset" 4351
"../../../Engine/Content/ArtTools/RenderToTexture/MaterialFunctions/FoliageZRotation.uexp" 4352
"../../../Engine/Content/Functions/Engine_MaterialFunctions02/Utility/CustomReflectionVector.uasset" 4353
"../../../Engine/Content/Functions/Engine_MaterialFunctions02/Utility/CustomReflectionVector.uexp" 4354
"../../../Engine/Content/Functions/Engine_MaterialFunctions01/Reflections/ReflectionVectorSoft.uasset" 4355
"../../../Engine/Content/Functions/Engine_MaterialFunctions01/Reflections/ReflectionVectorSoft.uexp" 4356
"C:/Users/whart/OneDrive/Documents/GitHub/Unreal-Engine-C-/Content/M4/Blueprints/SystemResources/Trails/Textures/RTs/V3/FoliageInteraction/RT_FoliageI_PersistentBlurred.uasset" 4357
"C:/Users/whart/OneDrive/Documents/GitHub/Unreal-Engine-C-/Content/M4/Blueprints/SystemResources/Trails/Textures/RTs/V3/FoliageInteraction/RT_FoliageI_PersistentBlurred.uexp" 4358
"C:/Users/whart/OneDrive/Documents/GitHub/Unreal-Engine-C-/Content/M4/Materials/MasterMaterials/Functions/UE5/NaniteObjectPosition.uasset" 4359
"C:/Users/whart/OneDrive/Documents/GitHub/Unreal-Engine-C-/Content/M4/Materials/MasterMaterials/Functions/UE5/NaniteObjectPosition.uexp" 4360
"C:/Users/whart/OneDrive/Documents/GitHub/Unreal-Engine-C-/Content/M4/Blueprints/SystemResources/Trails/MaterialFuncs/MF_MaskUV0-1.uasset" 4361
"C:/Users/whart/OneDrive/Documents/GitHub/Unreal-Engine-C-/Content/M4/Blueprints/SystemResources/Trails/MaterialFuncs/MF_MaskUV0-1.uexp" 4362
"C:/Users/whart/OneDrive/Documents/GitHub/Unreal-Engine-C-/Content/M4/TrailSystem/ForFoliage/FoliageTrample.uasset" 4363
"C:/Users/whart/OneDrive/Documents/GitHub/Unreal-Engine-C-/Content/M4/TrailSystem/ForFoliage/FoliageTrample.uexp" 4364
"C:/Users/whart/OneDrive/Documents/GitHub/Unreal-Engine-C-/Content/M4/Extras/UniversalColorCorrector/FoliageColorCorrectorMPC.uasset" 4365
"C:/Users/whart/OneDrive/Documents/GitHub/Unreal-Engine-C-/Content/M4/Extras/UniversalColorCorrector/FoliageColorCorrectorMPC.uexp" 4366
"C:/Users/whart/OneDrive/Documents/GitHub/Unreal-Engine-C-/Content/M4/Extras/UniversalColorCorrector/FoliageColorCorrectorFunction.uasset" 4367
"C:/Users/whart/OneDrive/Documents/GitHub/Unreal-Engine-C-/Content/M4/Extras/UniversalColorCorrector/FoliageColorCorrectorFunction.uexp" 4368
"C:/Users/whart/OneDrive/Documents/GitHub/Unreal-Engine-C-/Content/M4/Foliage/Plants/Textures/PerlinNoise.ubulk" 4369
"C:/Users/whart/OneDrive/Documents/GitHub/Unreal-Engine-C-/Content/M4/Foliage/Plants/Textures/PerlinNoise.uasset" 4370
"C:/Users/whart/OneDrive/Documents/GitHub/Unreal-Engine-C-/Content/M4/Foliage/Plants/Textures/PerlinNoise.uexp" 4371
"C:/Users/whart/OneDrive/Documents/GitHub/Unreal-Engine-C-/Content/M4/Foliage/Plants/Materials/WorldCoords-XY.uasset" 4372
"C:/Users/whart/OneDrive/Documents/GitHub/Unreal-Engine-C-/Content/M4/Foliage/Plants/Materials/WorldCoords-XY.uexp" 4373
"C:/Users/whart/OneDrive/Documents/GitHub/Unreal-Engine-C-/Content/M4/Extras/AdvancedFoliageWind/AdvancedFoliageWind.uasset" 4374
"C:/Users/whart/OneDrive/Documents/GitHub/Unreal-Engine-C-/Content/M4/Extras/AdvancedFoliageWind/AdvancedFoliageWind.uexp" 4375
"C:/Users/whart/OneDrive/Documents/GitHub/Unreal-Engine-C-/Content/M4/Foliage/Plants/Textures/SingleBladeofGrassAlphaBlurred.uasset" 4376
"C:/Users/whart/OneDrive/Documents/GitHub/Unreal-Engine-C-/Content/M4/Foliage/Plants/Textures/SingleBladeofGrassAlphaBlurred.uexp" 4377
"C:/Users/whart/OneDrive/Documents/GitHub/Unreal-Engine-C-/Content/M4/Foliage/Plants/Textures/Center_Gradient_NRM.ubulk" 4378
"C:/Users/whart/OneDrive/Documents/GitHub/Unreal-Engine-C-/Content/M4/Foliage/Plants/Textures/Center_Gradient_NRM.uasset" 4379
"C:/Users/whart/OneDrive/Documents/GitHub/Unreal-Engine-C-/Content/M4/Foliage/Plants/Textures/Center_Gradient_NRM.uexp" 4380
"C:/Users/whart/OneDrive/Documents/GitHub/Unreal-Engine-C-/Content/M4/Foliage/Plants/Textures/Center_Gradient.ubulk" 4381
"C:/Users/whart/OneDrive/Documents/GitHub/Unreal-Engine-C-/Content/M4/Foliage/Plants/Textures/Center_Gradient.uasset" 4382
"C:/Users/whart/OneDrive/Documents/GitHub/Unreal-Engine-C-/Content/M4/Foliage/Plants/Textures/Center_Gradient.uexp" 4383
"C:/Users/whart/OneDrive/Documents/GitHub/Unreal-Engine-C-/Content/M4/Materials/MasterMaterials/Functions/TilingReduction/MacroBrightnessVariation.uasset" 4384
"C:/Users/whart/OneDrive/Documents/GitHub/Unreal-Engine-C-/Content/M4/Materials/MasterMaterials/Functions/TilingReduction/MacroBrightnessVariation.uexp" 4385
"C:/Users/whart/OneDrive/Documents/GitHub/Unreal-Engine-C-/Content/M4/Foliage/Plants/Materials/Grass/Misc/ColorVariationFunction.uasset" 4386
"C:/Users/whart/OneDrive/Documents/GitHub/Unreal-Engine-C-/Content/M4/Foliage/Plants/Materials/Grass/Misc/ColorVariationFunction.uexp" 4387
"C:/Users/whart/OneDrive/Documents/GitHub/Unreal-Engine-C-/Content/M4/Foliage/Plants/Materials/Grass/ShortGrass/PolyGrassMaster-ShortSlope.uasset" 4388
"C:/Users/whart/OneDrive/Documents/GitHub/Unreal-Engine-C-/Content/M4/Foliage/Plants/Materials/Grass/ShortGrass/PolyGrassMaster-ShortSlope.uexp" 4389
"C:/Users/whart/OneDrive/Documents/GitHub/Unreal-Engine-C-/Content/M4/Foliage/Plants/Materials/Grass/ShortGrass/BillboardPolyGrass-Short_INST2.uasset" 4390
"C:/Users/whart/OneDrive/Documents/GitHub/Unreal-Engine-C-/Content/M4/Foliage/Plants/Materials/Grass/ShortGrass/BillboardPolyGrass-Short_INST2.uexp" 4391
"C:/Users/whart/OneDrive/Documents/GitHub/Unreal-Engine-C-/Content/M4/Foliage/Plants/Textures/GrassWithAlpha3.ubulk" 4392
"C:/Users/whart/OneDrive/Documents/GitHub/Unreal-Engine-C-/Content/M4/Foliage/Plants/Textures/GrassWithAlpha3.uasset" 4393
"C:/Users/whart/OneDrive/Documents/GitHub/Unreal-Engine-C-/Content/M4/Foliage/Plants/Textures/GrassWithAlpha3.uexp" 4394
"../../../Engine/Content/Functions/Engine_MaterialFunctions01/Texturing/WorldAlignedTexture.uasset" 4395
"../../../Engine/Content/Functions/Engine_MaterialFunctions01/Texturing/WorldAlignedTexture.uexp" 4396
"C:/Users/whart/OneDrive/Documents/GitHub/Unreal-Engine-C-/Content/M4/Foliage/Plants/Textures/NewgrasstexturefromblenderNORMALMAP5.ubulk" 4397
"C:/Users/whart/OneDrive/Documents/GitHub/Unreal-Engine-C-/Content/M4/Foliage/Plants/Textures/NewgrasstexturefromblenderNORMALMAP5.uasset" 4398
"C:/Users/whart/OneDrive/Documents/GitHub/Unreal-Engine-C-/Content/M4/Foliage/Plants/Textures/NewgrasstexturefromblenderNORMALMAP5.uexp" 4399
"C:/Users/whart/OneDrive/Documents/GitHub/Unreal-Engine-C-/Content/M4/Foliage/Plants/Textures/GrassWithAlpha.ubulk" 4400
"C:/Users/whart/OneDrive/Documents/GitHub/Unreal-Engine-C-/Content/M4/Foliage/Plants/Textures/GrassWithAlpha.uasset" 4401
"C:/Users/whart/OneDrive/Documents/GitHub/Unreal-Engine-C-/Content/M4/Foliage/Plants/Textures/GrassWithAlpha.uexp" 4402
"C:/Users/whart/OneDrive/Documents/GitHub/Unreal-Engine-C-/Content/M4/Foliage/Plants/Materials/Grass/ShortGrass/MaskedGrassMaster-Short.uasset" 4403
"C:/Users/whart/OneDrive/Documents/GitHub/Unreal-Engine-C-/Content/M4/Foliage/Plants/Materials/Grass/ShortGrass/MaskedGrassMaster-Short.uexp" 4404
"C:/Users/whart/OneDrive/Documents/GitHub/Unreal-Engine-C-/Content/M4/Foliage/Plants/Materials/Grass/ShortGrass/MaskedGrassMaster_Inst1.uasset" 4405
"C:/Users/whart/OneDrive/Documents/GitHub/Unreal-Engine-C-/Content/M4/Foliage/Plants/Materials/Grass/ShortGrass/MaskedGrassMaster_Inst1.uexp" 4406
"C:/Users/whart/OneDrive/Documents/GitHub/Unreal-Engine-C-/Content/M4/Foliage/Plants/Meshes/Grass/GroundCover/LowPolyLawnGrass2.uasset" 4407
"C:/Users/whart/OneDrive/Documents/GitHub/Unreal-Engine-C-/Content/M4/Foliage/Plants/Meshes/Grass/GroundCover/LowPolyLawnGrass2.uexp" 4408
"C:/Users/whart/OneDrive/Documents/GitHub/Unreal-Engine-C-/Content/M4/Foliage/Plants/Materials/Grass/ShortGrass/BillboardPolyGrass-Short_INST3.uasset" 4409
"C:/Users/whart/OneDrive/Documents/GitHub/Unreal-Engine-C-/Content/M4/Foliage/Plants/Materials/Grass/ShortGrass/BillboardPolyGrass-Short_INST3.uexp" 4410
"C:/Users/whart/OneDrive/Documents/GitHub/Unreal-Engine-C-/Content/M4/Foliage/Plants/Meshes/Grass/GroundCover/MossTest.uasset" 4411
"C:/Users/whart/OneDrive/Documents/GitHub/Unreal-Engine-C-/Content/M4/Foliage/Plants/Meshes/Grass/GroundCover/MossTest.uexp" 4412
"C:/Users/whart/OneDrive/Documents/GitHub/Unreal-Engine-C-/Content/M4/Foliage/ProceduralPlacers/Island/Island_EdgeOfSlope.uasset" 4413
"C:/Users/whart/OneDrive/Documents/GitHub/Unreal-Engine-C-/Content/M4/Foliage/ProceduralPlacers/Island/Island_EdgeOfSlope.uexp" 4414
"C:/Users/whart/OneDrive/Documents/GitHub/Unreal-Engine-C-/Content/M4/Foliage/Plants/Textures/SmallBushAO_occlusion.ubulk" 4415
"C:/Users/whart/OneDrive/Documents/GitHub/Unreal-Engine-C-/Content/M4/Foliage/Plants/Textures/SmallBushAO_occlusion.uasset" 4416
"C:/Users/whart/OneDrive/Documents/GitHub/Unreal-Engine-C-/Content/M4/Foliage/Plants/Textures/SmallBushAO_occlusion.uexp" 4417
"C:/Users/whart/OneDrive/Documents/GitHub/Unreal-Engine-C-/Content/M4/Foliage/Plants/Textures/BushLeavesWithAlpha_SPEC.ubulk" 4418
"C:/Users/whart/OneDrive/Documents/GitHub/Unreal-Engine-C-/Content/M4/Foliage/Plants/Textures/BushLeavesWithAlpha_SPEC.uasset" 4419
"C:/Users/whart/OneDrive/Documents/GitHub/Unreal-Engine-C-/Content/M4/Foliage/Plants/Textures/BushLeavesWithAlpha_SPEC.uexp" 4420
"C:/Users/whart/OneDrive/Documents/GitHub/Unreal-Engine-C-/Content/M4/Foliage/Plants/Textures/BushLeavesWithAlpha_NORM.uasset" 4421
"C:/Users/whart/OneDrive/Documents/GitHub/Unreal-Engine-C-/Content/M4/Foliage/Plants/Textures/BushLeavesWithAlpha_NORM.uexp" 4422
"C:/Users/whart/OneDrive/Documents/GitHub/Unreal-Engine-C-/Content/M4/Foliage/Plants/Textures/BushLeavesWithAlpha.uasset" 4423
"C:/Users/whart/OneDrive/Documents/GitHub/Unreal-Engine-C-/Content/M4/Foliage/Plants/Textures/BushLeavesWithAlpha.uexp" 4424
"../../../Engine/Content/Functions/Engine_MaterialFunctions01/WorldPositionOffset/SimpleGrassWind.uasset" 4425
"../../../Engine/Content/Functions/Engine_MaterialFunctions01/WorldPositionOffset/SimpleGrassWind.uexp" 4426
"../../../Engine/Content/Functions/Engine_MaterialFunctions02/PivotPainter/PivotPainter_PerObjectData.uasset" 4427
"../../../Engine/Content/Functions/Engine_MaterialFunctions02/PivotPainter/PivotPainter_PerObjectData.uexp" 4428
"C:/Users/whart/OneDrive/Documents/GitHub/Unreal-Engine-C-/Content/M4/TrailSystem/ForFoliage/FoliageWiggle.uasset" 4429
"C:/Users/whart/OneDrive/Documents/GitHub/Unreal-Engine-C-/Content/M4/TrailSystem/ForFoliage/FoliageWiggle.uexp" 4430
"C:/Users/whart/OneDrive/Documents/GitHub/Unreal-Engine-C-/Content/M4/Foliage/Plants/Materials/Bushes/BushMasterMat.uasset" 4431
"C:/Users/whart/OneDrive/Documents/GitHub/Unreal-Engine-C-/Content/M4/Foliage/Plants/Materials/Bushes/BushMasterMat.uexp" 4432
"C:/Users/whart/OneDrive/Documents/GitHub/Unreal-Engine-C-/Content/M4/Foliage/Plants/Materials/Bushes/BushMasterMat_Inst.uasset" 4433
"C:/Users/whart/OneDrive/Documents/GitHub/Unreal-Engine-C-/Content/M4/Foliage/Plants/Materials/Bushes/BushMasterMat_Inst.uexp" 4434
"C:/Users/whart/OneDrive/Documents/GitHub/Unreal-Engine-C-/Content/M4/Foliage/Plants/Materials/Bushes/BushMasterMat_Inst_Inst.uasset" 4435
"C:/Users/whart/OneDrive/Documents/GitHub/Unreal-Engine-C-/Content/M4/Foliage/Plants/Materials/Bushes/BushMasterMat_Inst_Inst.uexp" 4436
"C:/Users/whart/OneDrive/Documents/GitHub/Unreal-Engine-C-/Content/M4/Foliage/Plants/Textures/SmallBush01LODCFP.ubulk" 4437
"C:/Users/whart/OneDrive/Documents/GitHub/Unreal-Engine-C-/Content/M4/Foliage/Plants/Textures/SmallBush01LODCFP.uasset" 4438
"C:/Users/whart/OneDrive/Documents/GitHub/Unreal-Engine-C-/Content/M4/Foliage/Plants/Textures/SmallBush01LODCFP.uexp" 4439
"C:/Users/whart/OneDrive/Documents/GitHub/Unreal-Engine-C-/Content/M4/Foliage/Plants/Textures/CatTailLODCFP.uasset" 4440
"C:/Users/whart/OneDrive/Documents/GitHub/Unreal-Engine-C-/Content/M4/Foliage/Plants/Textures/CatTailLODCFP.uexp" 4441
"C:/Users/whart/OneDrive/Documents/GitHub/Unreal-Engine-C-/Content/M4/Foliage/Plants/Materials/Grass/AdvancedGrassSystem/ColorVariation.uasset" 4442
"C:/Users/whart/OneDrive/Documents/GitHub/Unreal-Engine-C-/Content/M4/Foliage/Plants/Materials/Grass/AdvancedGrassSystem/ColorVariation.uexp" 4443
"C:/Users/whart/OneDrive/Documents/GitHub/Unreal-Engine-C-/Content/M4/Foliage/Plants/Materials/Grass/AdvancedGrassSystem/CameraFacing-AGS.uasset" 4444
"C:/Users/whart/OneDrive/Documents/GitHub/Unreal-Engine-C-/Content/M4/Foliage/Plants/Materials/Grass/AdvancedGrassSystem/CameraFacing-AGS.uexp" 4445
"C:/Users/whart/OneDrive/Documents/GitHub/Unreal-Engine-C-/Content/M4/Foliage/Plants/Materials/Common/SimpleLODMasterMat.uasset" 4446
"C:/Users/whart/OneDrive/Documents/GitHub/Unreal-Engine-C-/Content/M4/Foliage/Plants/Materials/Common/SimpleLODMasterMat.uexp" 4447
"C:/Users/whart/OneDrive/Documents/GitHub/Unreal-Engine-C-/Content/M4/Foliage/Plants/Materials/Bushes/SimpleLODMasterMat_Inst1.uasset" 4448
"C:/Users/whart/OneDrive/Documents/GitHub/Unreal-Engine-C-/Content/M4/Foliage/Plants/Materials/Bushes/SimpleLODMasterMat_Inst1.uexp" 4449
"C:/Users/whart/OneDrive/Documents/GitHub/Unreal-Engine-C-/Content/M4/Foliage/Plants/Materials/Common/SimpleColorMat.uasset" 4450
"C:/Users/whart/OneDrive/Documents/GitHub/Unreal-Engine-C-/Content/M4/Foliage/Plants/Materials/Common/SimpleColorMat.uexp" 4451
"C:/Users/whart/OneDrive/Documents/GitHub/Unreal-Engine-C-/Content/M4/Foliage/Plants/Materials/Common/SimpleColorMat_Inst.uasset" 4452
"C:/Users/whart/OneDrive/Documents/GitHub/Unreal-Engine-C-/Content/M4/Foliage/Plants/Materials/Common/SimpleColorMat_Inst.uexp" 4453
"C:/Users/whart/OneDrive/Documents/GitHub/Unreal-Engine-C-/Content/M4/Foliage/Plants/Meshes/Bushes/MediumBush01.uasset" 4454
"C:/Users/whart/OneDrive/Documents/GitHub/Unreal-Engine-C-/Content/M4/Foliage/Plants/Meshes/Bushes/MediumBush01.uexp" 4455
"C:/Users/whart/OneDrive/Documents/GitHub/Unreal-Engine-C-/Content/M4/Foliage/Plants/Meshes/Bushes/MediumSizedBush03.uasset" 4456
"C:/Users/whart/OneDrive/Documents/GitHub/Unreal-Engine-C-/Content/M4/Foliage/Plants/Meshes/Bushes/MediumSizedBush03.uexp" 4457
"C:/Users/whart/OneDrive/Documents/GitHub/Unreal-Engine-C-/Content/M4/Foliage/Plants/Textures/Orange_Flower_Small_Petals.ubulk" 4458
"C:/Users/whart/OneDrive/Documents/GitHub/Unreal-Engine-C-/Content/M4/Foliage/Plants/Textures/Orange_Flower_Small_Petals.uasset" 4459
"C:/Users/whart/OneDrive/Documents/GitHub/Unreal-Engine-C-/Content/M4/Foliage/Plants/Textures/Orange_Flower_Small_Petals.uexp" 4460
"../../../Engine/Content/Functions/Engine_MaterialFunctions02/ExampleContent/Textures/LowResBlurredNoise.uasset" 4461
"../../../Engine/Content/Functions/Engine_MaterialFunctions02/ExampleContent/Textures/LowResBlurredNoise.uexp" 4462
"C:/Users/whart/OneDrive/Documents/GitHub/Unreal-Engine-C-/Content/M4/Foliage/Plants/Textures/Middle_Gradient.ubulk" 4463
"C:/Users/whart/OneDrive/Documents/GitHub/Unreal-Engine-C-/Content/M4/Foliage/Plants/Textures/Middle_Gradient.uasset" 4464
"C:/Users/whart/OneDrive/Documents/GitHub/Unreal-Engine-C-/Content/M4/Foliage/Plants/Textures/Middle_Gradient.uexp" 4465
"C:/Users/whart/OneDrive/Documents/GitHub/Unreal-Engine-C-/Content/M4/Foliage/Plants/Materials/Flowers/FlowerMat-Master.uasset" 4466
"C:/Users/whart/OneDrive/Documents/GitHub/Unreal-Engine-C-/Content/M4/Foliage/Plants/Materials/Flowers/FlowerMat-Master.uexp" 4467
"C:/Users/whart/OneDrive/Documents/GitHub/Unreal-Engine-C-/Content/M4/Foliage/Plants/Materials/Flowers/FlowerTopMat-Master_Inst.uasset" 4468
"C:/Users/whart/OneDrive/Documents/GitHub/Unreal-Engine-C-/Content/M4/Foliage/Plants/Materials/Flowers/FlowerTopMat-Master_Inst.uexp" 4469
"C:/Users/whart/OneDrive/Documents/GitHub/Unreal-Engine-C-/Content/M4/Foliage/Plants/Materials/Flowers/FlowerStemMaster_Inst.uasset" 4470
"C:/Users/whart/OneDrive/Documents/GitHub/Unreal-Engine-C-/Content/M4/Foliage/Plants/Materials/Flowers/FlowerStemMaster_Inst.uexp" 4471
"C:/Users/whart/OneDrive/Documents/GitHub/Unreal-Engine-C-/Content/M4/Foliage/Plants/Textures/FlowerTop-White.uasset" 4472
"C:/Users/whart/OneDrive/Documents/GitHub/Unreal-Engine-C-/Content/M4/Foliage/Plants/Textures/FlowerTop-White.uexp" 4473
"C:/Users/whart/OneDrive/Documents/GitHub/Unreal-Engine-C-/Content/M4/Foliage/Plants/Materials/Flowers/FlowerTopMat-Master_Inst2.uasset" 4474
"C:/Users/whart/OneDrive/Documents/GitHub/Unreal-Engine-C-/Content/M4/Foliage/Plants/Materials/Flowers/FlowerTopMat-Master_Inst2.uexp" 4475
"C:/Users/whart/OneDrive/Documents/GitHub/Unreal-Engine-C-/Content/M4/Foliage/Plants/Textures/SmallLeaf_NRM.ubulk" 4476
"C:/Users/whart/OneDrive/Documents/GitHub/Unreal-Engine-C-/Content/M4/Foliage/Plants/Textures/SmallLeaf_NRM.uasset" 4477
"C:/Users/whart/OneDrive/Documents/GitHub/Unreal-Engine-C-/Content/M4/Foliage/Plants/Textures/SmallLeaf_NRM.uexp" 4478
"C:/Users/whart/OneDrive/Documents/GitHub/Unreal-Engine-C-/Content/M4/Foliage/Plants/Textures/SmallLeaf.ubulk" 4479
"C:/Users/whart/OneDrive/Documents/GitHub/Unreal-Engine-C-/Content/M4/Foliage/Plants/Textures/SmallLeaf.uasset" 4480
"C:/Users/whart/OneDrive/Documents/GitHub/Unreal-Engine-C-/Content/M4/Foliage/Plants/Textures/SmallLeaf.uexp" 4481
"C:/Users/whart/OneDrive/Documents/GitHub/Unreal-Engine-C-/Content/M4/Foliage/Plants/Materials/Leaf/LeafMat.uasset" 4482
"C:/Users/whart/OneDrive/Documents/GitHub/Unreal-Engine-C-/Content/M4/Foliage/Plants/Materials/Leaf/LeafMat.uexp" 4483
"C:/Users/whart/OneDrive/Documents/GitHub/Unreal-Engine-C-/Content/M4/Foliage/Plants/Materials/Leaf/Leaf_Inst.uasset" 4484
"C:/Users/whart/OneDrive/Documents/GitHub/Unreal-Engine-C-/Content/M4/Foliage/Plants/Materials/Leaf/Leaf_Inst.uexp" 4485
"C:/Users/whart/OneDrive/Documents/GitHub/Unreal-Engine-C-/Content/M4/Foliage/Plants/Materials/Leaf/Leaf_Inst2.uasset" 4486
"C:/Users/whart/OneDrive/Documents/GitHub/Unreal-Engine-C-/Content/M4/Foliage/Plants/Materials/Leaf/Leaf_Inst2.uexp" 4487
"C:/Users/whart/OneDrive/Documents/GitHub/Unreal-Engine-C-/Content/M4/Foliage/Plants/Meshes/Flowers/GeraniumCluster.uasset" 4488
"C:/Users/whart/OneDrive/Documents/GitHub/Unreal-Engine-C-/Content/M4/Foliage/Plants/Meshes/Flowers/GeraniumCluster.uexp" 4489
"C:/Users/whart/OneDrive/Documents/GitHub/Unreal-Engine-C-/Content/M4/Foliage/Plants/Meshes/Flowers/GeraniumClusterSmall.uasset" 4490
"C:/Users/whart/OneDrive/Documents/GitHub/Unreal-Engine-C-/Content/M4/Foliage/Plants/Meshes/Flowers/GeraniumClusterSmall.uexp" 4491
"C:/Users/whart/OneDrive/Documents/GitHub/Unreal-Engine-C-/Content/M4/Foliage/Plants/Meshes/Bushes/BabyBush01.uasset" 4492
"C:/Users/whart/OneDrive/Documents/GitHub/Unreal-Engine-C-/Content/M4/Foliage/Plants/Meshes/Bushes/BabyBush01.uexp" 4493
"C:/Users/whart/OneDrive/Documents/GitHub/Unreal-Engine-C-/Content/M4/Foliage/Plants/Materials/Bushes/BushMasterMat_Inst_Inst1.uasset" 4494
"C:/Users/whart/OneDrive/Documents/GitHub/Unreal-Engine-C-/Content/M4/Foliage/Plants/Materials/Bushes/BushMasterMat_Inst_Inst1.uexp" 4495
"C:/Users/whart/OneDrive/Documents/GitHub/Unreal-Engine-C-/Content/M4/Foliage/Plants/Meshes/Bushes/BabyBush03.uasset" 4496
"C:/Users/whart/OneDrive/Documents/GitHub/Unreal-Engine-C-/Content/M4/Foliage/Plants/Meshes/Bushes/BabyBush03.uexp" 4497
"C:/Users/whart/OneDrive/Documents/GitHub/Unreal-Engine-C-/Content/M4/Foliage/Plants/Textures/Clover_NRM.uasset" 4498
"C:/Users/whart/OneDrive/Documents/GitHub/Unreal-Engine-C-/Content/M4/Foliage/Plants/Textures/Clover_NRM.uexp" 4499
"C:/Users/whart/OneDrive/Documents/GitHub/Unreal-Engine-C-/Content/M4/Foliage/Plants/Textures/Clover.uasset" 4500
"C:/Users/whart/OneDrive/Documents/GitHub/Unreal-Engine-C-/Content/M4/Foliage/Plants/Textures/Clover.uexp" 4501
"C:/Users/whart/OneDrive/Documents/GitHub/Unreal-Engine-C-/Content/M4/Foliage/Plants/Materials/Clovers/CloverTop.uasset" 4502
"C:/Users/whart/OneDrive/Documents/GitHub/Unreal-Engine-C-/Content/M4/Foliage/Plants/Materials/Clovers/CloverTop.uexp" 4503
"C:/Users/whart/OneDrive/Documents/GitHub/Unreal-Engine-C-/Content/M4/Foliage/Plants/Materials/Clovers/CloverTop_Inst.uasset" 4504
"C:/Users/whart/OneDrive/Documents/GitHub/Unreal-Engine-C-/Content/M4/Foliage/Plants/Materials/Clovers/CloverTop_Inst.uexp" 4505
"C:/Users/whart/OneDrive/Documents/GitHub/Unreal-Engine-C-/Content/M4/Foliage/Plants/Materials/Clovers/CloverTop_Inst1.uasset" 4506
"C:/Users/whart/OneDrive/Documents/GitHub/Unreal-Engine-C-/Content/M4/Foliage/Plants/Materials/Clovers/CloverTop_Inst1.uexp" 4507
"C:/Users/whart/OneDrive/Documents/GitHub/Unreal-Engine-C-/Content/M4/Foliage/Plants/Meshes/Clovers/CloverPatchMedium.uasset" 4508
"C:/Users/whart/OneDrive/Documents/GitHub/Unreal-Engine-C-/Content/M4/Foliage/Plants/Meshes/Clovers/CloverPatchMedium.uexp" 4509
"C:/Users/whart/OneDrive/Documents/GitHub/Unreal-Engine-C-/Content/M4/Foliage/Plants/Meshes/Clovers/CloverSmall.uasset" 4510
"C:/Users/whart/OneDrive/Documents/GitHub/Unreal-Engine-C-/Content/M4/Foliage/Plants/Meshes/Clovers/CloverSmall.uexp" 4511
"C:/Users/whart/OneDrive/Documents/GitHub/Unreal-Engine-C-/Content/M4/Foliage/Plants/Materials/Grass/ShortGrass/MaskedGrassMaster_Inst.uasset" 4512
"C:/Users/whart/OneDrive/Documents/GitHub/Unreal-Engine-C-/Content/M4/Foliage/Plants/Materials/Grass/ShortGrass/MaskedGrassMaster_Inst.uexp" 4513
"C:/Users/whart/OneDrive/Documents/GitHub/Unreal-Engine-C-/Content/M4/Foliage/Plants/Meshes/Grass/GroundCover/LowPolyShortLawnGrass.uasset" 4514
"C:/Users/whart/OneDrive/Documents/GitHub/Unreal-Engine-C-/Content/M4/Foliage/Plants/Meshes/Grass/GroundCover/LowPolyShortLawnGrass.uexp" 4515
"C:/Users/whart/OneDrive/Documents/GitHub/Unreal-Engine-C-/Content/M4/Foliage/Plants/Textures/GhostGrass_normals.ubulk" 4516
"C:/Users/whart/OneDrive/Documents/GitHub/Unreal-Engine-C-/Content/M4/Foliage/Plants/Textures/GhostGrass_normals.uasset" 4517
"C:/Users/whart/OneDrive/Documents/GitHub/Unreal-Engine-C-/Content/M4/Foliage/Plants/Textures/GhostGrass_normals.uexp" 4518
"../../../Engine/Content/Functions/Engine_MaterialFunctions02/TangentBasis.uasset" 4519
"../../../Engine/Content/Functions/Engine_MaterialFunctions02/TangentBasis.uexp" 4520
"../../../Engine/Content/Functions/Engine_MaterialFunctions01/WorldPositionOffset/SplineThicken.uasset" 4521
"../../../Engine/Content/Functions/Engine_MaterialFunctions01/WorldPositionOffset/SplineThicken.uexp" 4522
"C:/Users/whart/OneDrive/Documents/GitHub/Unreal-Engine-C-/Content/M4/Textures/Noise/ScratchNoiseAlpha.ubulk" 4523
"C:/Users/whart/OneDrive/Documents/GitHub/Unreal-Engine-C-/Content/M4/Textures/Noise/ScratchNoiseAlpha.uasset" 4524
"C:/Users/whart/OneDrive/Documents/GitHub/Unreal-Engine-C-/Content/M4/Textures/Noise/ScratchNoiseAlpha.uexp" 4525
"C:/Users/whart/OneDrive/Documents/GitHub/Unreal-Engine-C-/Content/M4/Foliage/Plants/Materials/Grass/AdvancedGrassSystem/ProceduralDeadening-AGS.uasset" 4526
"C:/Users/whart/OneDrive/Documents/GitHub/Unreal-Engine-C-/Content/M4/Foliage/Plants/Materials/Grass/AdvancedGrassSystem/ProceduralDeadening-AGS.uexp" 4527
"C:/Users/whart/OneDrive/Documents/GitHub/Unreal-Engine-C-/Content/M4/Foliage/Plants/Materials/Grass/AdvancedGrassSystem/ObjectScalingWithNoise-AGS.uasset" 4528
"C:/Users/whart/OneDrive/Documents/GitHub/Unreal-Engine-C-/Content/M4/Foliage/Plants/Materials/Grass/AdvancedGrassSystem/ObjectScalingWithNoise-AGS.uexp" 4529
"C:/Users/whart/OneDrive/Documents/GitHub/Unreal-Engine-C-/Content/M4/Foliage/Plants/Materials/Grass/AdvancedGrassSystem/Eccentricity-AGS.uasset" 4530
"C:/Users/whart/OneDrive/Documents/GitHub/Unreal-Engine-C-/Content/M4/Foliage/Plants/Materials/Grass/AdvancedGrassSystem/Eccentricity-AGS.uexp" 4531
"C:/Users/whart/OneDrive/Documents/GitHub/Unreal-Engine-C-/Content/M4/Foliage/Plants/Materials/Grass/AdvancedGrassSystem/ColoringModule-AGS.uasset" 4532
"C:/Users/whart/OneDrive/Documents/GitHub/Unreal-Engine-C-/Content/M4/Foliage/Plants/Materials/Grass/AdvancedGrassSystem/ColoringModule-AGS.uexp" 4533
"C:/Users/whart/OneDrive/Documents/GitHub/Unreal-Engine-C-/Content/M4/Foliage/Plants/Materials/Grass/AdvancedGrassSystem/BladeCurling-AGS.uasset" 4534
"C:/Users/whart/OneDrive/Documents/GitHub/Unreal-Engine-C-/Content/M4/Foliage/Plants/Materials/Grass/AdvancedGrassSystem/BladeCurling-AGS.uexp" 4535
"C:/Users/whart/OneDrive/Documents/GitHub/Unreal-Engine-C-/Content/M4/Foliage/Plants/Materials/Grass/HQ_Grass/AGS-GrassMaster-Standard.uasset" 4536
"C:/Users/whart/OneDrive/Documents/GitHub/Unreal-Engine-C-/Content/M4/Foliage/Plants/Materials/Grass/HQ_Grass/AGS-GrassMaster-Standard.uexp" 4537
"C:/Users/whart/OneDrive/Documents/GitHub/Unreal-Engine-C-/Content/M4/Foliage/Plants/Materials/Grass/HQ_Grass/AGS-GrassMasterStandard_Inst.uasset" 4538
"C:/Users/whart/OneDrive/Documents/GitHub/Unreal-Engine-C-/Content/M4/Foliage/Plants/Materials/Grass/HQ_Grass/AGS-GrassMasterStandard_Inst.uexp" 4539
"C:/Users/whart/OneDrive/Documents/GitHub/Unreal-Engine-C-/Content/M4/Foliage/Plants/Meshes/Grass/HQ_Grass/GrassClusterB.uasset" 4540
"C:/Users/whart/OneDrive/Documents/GitHub/Unreal-Engine-C-/Content/M4/Foliage/Plants/Meshes/Grass/HQ_Grass/GrassClusterB.uexp" 4541
"C:/Users/whart/OneDrive/Documents/GitHub/Unreal-Engine-C-/Content/M4/Foliage/Plants/Materials/Grass/HQ_Grass/AGS-GrassMaster.uasset" 4542
"C:/Users/whart/OneDrive/Documents/GitHub/Unreal-Engine-C-/Content/M4/Foliage/Plants/Materials/Grass/HQ_Grass/AGS-GrassMaster.uexp" 4543
"C:/Users/whart/OneDrive/Documents/GitHub/Unreal-Engine-C-/Content/M4/Foliage/Plants/Materials/Grass/HQ_Grass/AGS-GrassMaster_Inst1.uasset" 4544
"C:/Users/whart/OneDrive/Documents/GitHub/Unreal-Engine-C-/Content/M4/Foliage/Plants/Materials/Grass/HQ_Grass/AGS-GrassMaster_Inst1.uexp" 4545
"C:/Users/whart/OneDrive/Documents/GitHub/Unreal-Engine-C-/Content/M4/Foliage/Plants/Meshes/Grass/HQ_Grass/Spline-GrassClusterA.uasset" 4546
"C:/Users/whart/OneDrive/Documents/GitHub/Unreal-Engine-C-/Content/M4/Foliage/Plants/Meshes/Grass/HQ_Grass/Spline-GrassClusterA.uexp" 4547
"C:/Users/whart/OneDrive/Documents/GitHub/Unreal-Engine-C-/Content/M4/Foliage/Plants/Materials/Grass/HQ_Grass/AGS-GrassMaster_Inst1_Inst.uasset" 4548
"C:/Users/whart/OneDrive/Documents/GitHub/Unreal-Engine-C-/Content/M4/Foliage/Plants/Materials/Grass/HQ_Grass/AGS-GrassMaster_Inst1_Inst.uexp" 4549
"C:/Users/whart/OneDrive/Documents/GitHub/Unreal-Engine-C-/Content/M4/Foliage/Plants/Meshes/Grass/HQ_Grass/Spline-LowPolyGrassDistanceFill.uasset" 4550
"C:/Users/whart/OneDrive/Documents/GitHub/Unreal-Engine-C-/Content/M4/Foliage/Plants/Meshes/Grass/HQ_Grass/Spline-LowPolyGrassDistanceFill.uexp" 4551
"C:/Users/whart/OneDrive/Documents/GitHub/Unreal-Engine-C-/Content/M4/Foliage/ProceduralPlacers/Island/Island_FlatlandA.uasset" 4552
"C:/Users/whart/OneDrive/Documents/GitHub/Unreal-Engine-C-/Content/M4/Foliage/ProceduralPlacers/Island/Island_FlatlandA.uexp" 4553
"C:/Users/whart/OneDrive/Documents/GitHub/Unreal-Engine-C-/Content/M4/Foliage/ProceduralPlacers/Island/Island_FlatlandB.uasset" 4554
"C:/Users/whart/OneDrive/Documents/GitHub/Unreal-Engine-C-/Content/M4/Foliage/ProceduralPlacers/Island/Island_FlatlandB.uexp" 4555
"C:/Users/whart/OneDrive/Documents/GitHub/Unreal-Engine-C-/Content/M4/Foliage/Plants/Materials/CatTails/SplineStemMasterMat.uasset" 4556
"C:/Users/whart/OneDrive/Documents/GitHub/Unreal-Engine-C-/Content/M4/Foliage/Plants/Materials/CatTails/SplineStemMasterMat.uexp" 4557
"C:/Users/whart/OneDrive/Documents/GitHub/Unreal-Engine-C-/Content/M4/Foliage/Plants/Materials/CatTails/CatTail_Stem_Inst.uasset" 4558
"C:/Users/whart/OneDrive/Documents/GitHub/Unreal-Engine-C-/Content/M4/Foliage/Plants/Materials/CatTails/CatTail_Stem_Inst.uexp" 4559
"../../../Engine/Content/Functions/Engine_MaterialFunctions03/Particles/Distance_Blend.uasset" 4560
"../../../Engine/Content/Functions/Engine_MaterialFunctions03/Particles/Distance_Blend.uexp" 4561
"C:/Users/whart/OneDrive/Documents/GitHub/Unreal-Engine-C-/Content/M4/Foliage/Plants/Textures/CatTailTopDiffuse.ubulk" 4562
"C:/Users/whart/OneDrive/Documents/GitHub/Unreal-Engine-C-/Content/M4/Foliage/Plants/Textures/CatTailTopDiffuse.uasset" 4563
"C:/Users/whart/OneDrive/Documents/GitHub/Unreal-Engine-C-/Content/M4/Foliage/Plants/Textures/CatTailTopDiffuse.uexp" 4564
"C:/Users/whart/OneDrive/Documents/GitHub/Unreal-Engine-C-/Content/M4/Foliage/Plants/Materials/CatTails/SplinePlantMasterMat.uasset" 4565
"C:/Users/whart/OneDrive/Documents/GitHub/Unreal-Engine-C-/Content/M4/Foliage/Plants/Materials/CatTails/SplinePlantMasterMat.uexp" 4566
"C:/Users/whart/OneDrive/Documents/GitHub/Unreal-Engine-C-/Content/M4/Foliage/Plants/Materials/CatTails/CatTail_Top_Inst.uasset" 4567
"C:/Users/whart/OneDrive/Documents/GitHub/Unreal-Engine-C-/Content/M4/Foliage/Plants/Materials/CatTails/CatTail_Top_Inst.uexp" 4568
"C:/Users/whart/OneDrive/Documents/GitHub/Unreal-Engine-C-/Content/M4/Foliage/Plants/Materials/CatTails/SimpleLODMasterMat_Inst.uasset" 4569
"C:/Users/whart/OneDrive/Documents/GitHub/Unreal-Engine-C-/Content/M4/Foliage/Plants/Materials/CatTails/SimpleLODMasterMat_Inst.uexp" 4570
"C:/Users/whart/OneDrive/Documents/GitHub/Unreal-Engine-C-/Content/M4/Foliage/Plants/Meshes/CatTails/CatTail01.uasset" 4571
"C:/Users/whart/OneDrive/Documents/GitHub/Unreal-Engine-C-/Content/M4/Foliage/Plants/Meshes/CatTails/CatTail01.uexp" 4572
"C:/Users/whart/OneDrive/Documents/GitHub/Unreal-Engine-C-/Content/M4/Foliage/ProceduralPlacers/Island/Island_FlatlandRandom.uasset" 4573
"C:/Users/whart/OneDrive/Documents/GitHub/Unreal-Engine-C-/Content/M4/Foliage/ProceduralPlacers/Island/Island_FlatlandRandom.uexp" 4574
"C:/Users/whart/OneDrive/Documents/GitHub/Unreal-Engine-C-/Content/M4/Foliage/ProceduralPlacers/PaintLayers/Custom01_PaintLayerFoliage.uasset" 4575
"C:/Users/whart/OneDrive/Documents/GitHub/Unreal-Engine-C-/Content/M4/Foliage/ProceduralPlacers/PaintLayers/Custom01_PaintLayerFoliage.uexp" 4576
"C:/Users/whart/OneDrive/Documents/GitHub/Unreal-Engine-C-/Content/M4/Foliage/ProceduralPlacers/PaintLayers/Custom02_PaintLayerFoliage.uasset" 4577
"C:/Users/whart/OneDrive/Documents/GitHub/Unreal-Engine-C-/Content/M4/Foliage/ProceduralPlacers/PaintLayers/Custom02_PaintLayerFoliage.uexp" 4578
"C:/Users/whart/OneDrive/Documents/GitHub/Unreal-Engine-C-/Content/M4/Foliage/ProceduralPlacers/PaintLayers/Forest_PaintLayerFoliage.uasset" 4579
"C:/Users/whart/OneDrive/Documents/GitHub/Unreal-Engine-C-/Content/M4/Foliage/ProceduralPlacers/PaintLayers/Forest_PaintLayerFoliage.uexp" 4580
"C:/Users/whart/OneDrive/Documents/GitHub/Unreal-Engine-C-/Content/M4/Foliage/ProceduralPlacers/PaintLayers/Grass_PaintLayerFoliage.uasset" 4581
"C:/Users/whart/OneDrive/Documents/GitHub/Unreal-Engine-C-/Content/M4/Foliage/ProceduralPlacers/PaintLayers/Grass_PaintLayerFoliage.uexp" 4582
"C:/Users/whart/OneDrive/Documents/GitHub/Unreal-Engine-C-/Content/M4/Foliage/ProceduralPlacers/Tundra/Tundra_EdgeOfSlope.uasset" 4583
"C:/Users/whart/OneDrive/Documents/GitHub/Unreal-Engine-C-/Content/M4/Foliage/ProceduralPlacers/Tundra/Tundra_EdgeOfSlope.uexp" 4584
"C:/Users/whart/OneDrive/Documents/GitHub/Unreal-Engine-C-/Content/M4/Foliage/ProceduralPlacers/Tundra/Tundra_FlatlandA.uasset" 4585
"C:/Users/whart/OneDrive/Documents/GitHub/Unreal-Engine-C-/Content/M4/Foliage/ProceduralPlacers/Tundra/Tundra_FlatlandA.uexp" 4586
"C:/Users/whart/OneDrive/Documents/GitHub/Unreal-Engine-C-/Content/M4/Foliage/ProceduralPlacers/Tundra/Tundra_FlatlandB.uasset" 4587
"C:/Users/whart/OneDrive/Documents/GitHub/Unreal-Engine-C-/Content/M4/Foliage/ProceduralPlacers/Tundra/Tundra_FlatlandB.uexp" 4588
"C:/Users/whart/OneDrive/Documents/GitHub/Unreal-Engine-C-/Content/M4/Foliage/ProceduralPlacers/Tundra/Tundra_FlatlandRandom.uasset" 4589
"C:/Users/whart/OneDrive/Documents/GitHub/Unreal-Engine-C-/Content/M4/Foliage/ProceduralPlacers/Tundra/Tundra_FlatlandRandom.uexp" 4590
"C:/Users/whart/OneDrive/Documents/GitHub/Unreal-Engine-C-/Content/M4/Materials/MasterMaterials/Functions/AutomaterialBase.uasset" 4591
"C:/Users/whart/OneDrive/Documents/GitHub/Unreal-Engine-C-/Content/M4/Materials/MasterMaterials/Functions/AutomaterialBase.uexp" 4592
"C:/Users/whart/OneDrive/Documents/GitHub/Unreal-Engine-C-/Content/M4/Materials/MasterMaterials/Functions/AutoMaterialSlope.uasset" 4593
"C:/Users/whart/OneDrive/Documents/GitHub/Unreal-Engine-C-/Content/M4/Materials/MasterMaterials/Functions/AutoMaterialSlope.uexp" 4594
"C:/Users/whart/OneDrive/Documents/GitHub/Unreal-Engine-C-/Content/M4/Materials/MasterMaterials/Functions/ColorCurves/SlopeBasedColorCurve.uasset" 4595
"C:/Users/whart/OneDrive/Documents/GitHub/Unreal-Engine-C-/Content/M4/Materials/MasterMaterials/Functions/ColorCurves/SlopeBasedColorCurve.uexp" 4596
"C:/Users/whart/OneDrive/Documents/GitHub/Unreal-Engine-C-/Content/M4/Materials/MasterMaterials/Functions/DualSlopeDetection.uasset" 4597
"C:/Users/whart/OneDrive/Documents/GitHub/Unreal-Engine-C-/Content/M4/Materials/MasterMaterials/Functions/DualSlopeDetection.uexp" 4598
"C:/Users/whart/OneDrive/Documents/GitHub/Unreal-Engine-C-/Content/M4/Materials/MasterMaterials/Functions/NaniteDispConverter.uasset" 4599
"C:/Users/whart/OneDrive/Documents/GitHub/Unreal-Engine-C-/Content/M4/Materials/MasterMaterials/Functions/NaniteDispConverter.uexp" 4600
"C:/Users/whart/OneDrive/Documents/GitHub/Unreal-Engine-C-/Content/M4/Materials/MasterMaterials/Functions/UE5/Custom_PerturbNormalHQ.uasset" 4601
"C:/Users/whart/OneDrive/Documents/GitHub/Unreal-Engine-C-/Content/M4/Materials/MasterMaterials/Functions/UE5/Custom_PerturbNormalHQ.uexp" 4602
"C:/Users/whart/OneDrive/Documents/GitHub/Unreal-Engine-C-/Content/M4/Materials/MasterMaterials/Functions/UE5/NaniteProceduralNormalMapping.uasset" 4603
"C:/Users/whart/OneDrive/Documents/GitHub/Unreal-Engine-C-/Content/M4/Materials/MasterMaterials/Functions/UE5/NaniteProceduralNormalMapping.uexp" 4604
"C:/Users/whart/OneDrive/Documents/GitHub/Unreal-Engine-C-/Content/M4/Materials/MasterMaterials/Functions/NaniteComputation.uasset" 4605
"C:/Users/whart/OneDrive/Documents/GitHub/Unreal-Engine-C-/Content/M4/Materials/MasterMaterials/Functions/NaniteComputation.uexp" 4606
"C:/Users/whart/OneDrive/Documents/GitHub/Unreal-Engine-C-/Content/M4/Materials/MasterMaterials/Functions/Output-RVT.uasset" 4607
"C:/Users/whart/OneDrive/Documents/GitHub/Unreal-Engine-C-/Content/M4/Materials/MasterMaterials/Functions/Output-RVT.uexp" 4608
"C:/Users/whart/OneDrive/Documents/GitHub/Unreal-Engine-C-/Content/M4/Materials/MasterMaterials/Functions/Sounds/M4AutomaterialMasks.uasset" 4609
"C:/Users/whart/OneDrive/Documents/GitHub/Unreal-Engine-C-/Content/M4/Materials/MasterMaterials/Functions/Sounds/M4AutomaterialMasks.uexp" 4610
"C:/Users/whart/OneDrive/Documents/GitHub/Unreal-Engine-C-/Content/M4/Materials/MasterMaterials/Functions/TilingReduction/MacroBrightnessVariationAttribute.uasset" 4611
"C:/Users/whart/OneDrive/Documents/GitHub/Unreal-Engine-C-/Content/M4/Materials/MasterMaterials/Functions/TilingReduction/MacroBrightnessVariationAttribute.uexp" 4612
"C:/Users/whart/OneDrive/Documents/GitHub/Unreal-Engine-C-/Content/M4/Materials/MasterMaterials/M4UE5MasterMat.uasset" 4613
"C:/Users/whart/OneDrive/Documents/GitHub/Unreal-Engine-C-/Content/M4/Materials/MasterMaterials/M4UE5MasterMat.uexp" 4614
"C:/Users/whart/OneDrive/Documents/GitHub/Unreal-Engine-C-/Content/M4/Materials/PresetInstances/Tundra/Tundra_UE5Preset2_Inst.uasset" 4615
"C:/Users/whart/OneDrive/Documents/GitHub/Unreal-Engine-C-/Content/M4/Materials/PresetInstances/Tundra/Tundra_UE5Preset2_Inst.uexp" 4616
"C:/Users/whart/OneDrive/Documents/GitHub/Unreal-Engine-C-/Content/M4/Textures/Distance/Forest/A/FarForest_Roughness_A.ubulk" 4617
"C:/Users/whart/OneDrive/Documents/GitHub/Unreal-Engine-C-/Content/M4/Textures/Distance/Forest/A/FarForest_Roughness_A.uasset" 4618
"C:/Users/whart/OneDrive/Documents/GitHub/Unreal-Engine-C-/Content/M4/Textures/Distance/Forest/A/FarForest_Roughness_A.uexp" 4619
"C:/Users/whart/OneDrive/Documents/GitHub/Unreal-Engine-C-/Content/M4/Textures/Distance/Forest/A/FarForest_Normal_A.uasset" 4620
"C:/Users/whart/OneDrive/Documents/GitHub/Unreal-Engine-C-/Content/M4/Textures/Distance/Forest/A/FarForest_Normal_A.uexp" 4621
"C:/Users/whart/OneDrive/Documents/GitHub/Unreal-Engine-C-/Content/M4/Textures/Distance/Forest/A/FarForest_Diffuse_A.ubulk" 4622
"C:/Users/whart/OneDrive/Documents/GitHub/Unreal-Engine-C-/Content/M4/Textures/Distance/Forest/A/FarForest_Diffuse_A.uasset" 4623
"C:/Users/whart/OneDrive/Documents/GitHub/Unreal-Engine-C-/Content/M4/Textures/Distance/Forest/A/FarForest_Diffuse_A.uexp" 4624
"C:/Users/whart/OneDrive/Documents/GitHub/Unreal-Engine-C-/Content/M4/Materials/PresetInstances/Island/Island_UE5Preset2_Inst.uasset" 4625
"C:/Users/whart/OneDrive/Documents/GitHub/Unreal-Engine-C-/Content/M4/Materials/PresetInstances/Island/Island_UE5Preset2_Inst.uexp" 4626
"C:/Users/whart/OneDrive/Documents/GitHub/Unreal-Engine-C-/Content/M4/Blueprints/SystemResources/RenderTargets/SplatBaker/DesertHM/DesertFinalizedSplatmap.uasset" 4627
"C:/Users/whart/OneDrive/Documents/GitHub/Unreal-Engine-C-/Content/M4/Blueprints/SystemResources/RenderTargets/SplatBaker/DesertHM/DesertFinalizedSplatmap.uexp" 4628
"C:/Users/whart/OneDrive/Documents/GitHub/Unreal-Engine-C-/Content/M4/Materials/PresetInstances/Desert/Desert_UE5Preset2_Inst.uasset" 4629
"C:/Users/whart/OneDrive/Documents/GitHub/Unreal-Engine-C-/Content/M4/Materials/PresetInstances/Desert/Desert_UE5Preset2_Inst.uexp" 4630
"C:/Users/whart/OneDrive/Documents/GitHub/Unreal-Engine-C-/Content/M4/Textures/Noise/StaticNoise_Normal.ubulk" 4631
"C:/Users/whart/OneDrive/Documents/GitHub/Unreal-Engine-C-/Content/M4/Textures/Noise/StaticNoise_Normal.uasset" 4632
"C:/Users/whart/OneDrive/Documents/GitHub/Unreal-Engine-C-/Content/M4/Textures/Noise/StaticNoise_Normal.uexp" 4633
"C:/Users/whart/OneDrive/Documents/GitHub/Unreal-Engine-C-/Content/M4/Materials/MasterMaterials/Functions/PrepareOutput-RVT-VHFM.uasset" 4634
"C:/Users/whart/OneDrive/Documents/GitHub/Unreal-Engine-C-/Content/M4/Materials/MasterMaterials/Functions/PrepareOutput-RVT-VHFM.uexp" 4635
"C:/Users/whart/OneDrive/Documents/GitHub/Unreal-Engine-C-/Content/M4/Materials/MasterMaterials/Functions/VHFM/FlatlandA-VHFM.uasset" 4636
"C:/Users/whart/OneDrive/Documents/GitHub/Unreal-Engine-C-/Content/M4/Materials/MasterMaterials/Functions/VHFM/FlatlandA-VHFM.uexp" 4637
"C:/Users/whart/OneDrive/Documents/GitHub/Unreal-Engine-C-/Content/M4/Materials/MasterMaterials/Functions/VHFM/AutomaterialBase-VHFM.uasset" 4638
"C:/Users/whart/OneDrive/Documents/GitHub/Unreal-Engine-C-/Content/M4/Materials/MasterMaterials/Functions/VHFM/AutomaterialBase-VHFM.uexp" 4639
"C:/Users/whart/OneDrive/Documents/GitHub/Unreal-Engine-C-/Content/M4/Materials/MasterMaterials/Functions/VHFM/Foothill-VHFM.uasset" 4640
"C:/Users/whart/OneDrive/Documents/GitHub/Unreal-Engine-C-/Content/M4/Materials/MasterMaterials/Functions/VHFM/Foothill-VHFM.uexp" 4641
"C:/Users/whart/OneDrive/Documents/GitHub/Unreal-Engine-C-/Content/M4/Materials/MasterMaterials/Functions/VHFM/SlopeDetection-VHFM.uasset" 4642
"C:/Users/whart/OneDrive/Documents/GitHub/Unreal-Engine-C-/Content/M4/Materials/MasterMaterials/Functions/VHFM/SlopeDetection-VHFM.uexp" 4643
"C:/Users/whart/OneDrive/Documents/GitHub/Unreal-Engine-C-/Content/M4/Materials/MasterMaterials/Functions/VHFM/AutoMaterialSlope-VHFM.uasset" 4644
"C:/Users/whart/OneDrive/Documents/GitHub/Unreal-Engine-C-/Content/M4/Materials/MasterMaterials/Functions/VHFM/AutoMaterialSlope-VHFM.uexp" 4645
"C:/Users/whart/OneDrive/Documents/GitHub/Unreal-Engine-C-/Content/M4/Materials/MasterMaterials/Functions/VHFM/NewTess_MultiMaterialHandling.uasset" 4646
"C:/Users/whart/OneDrive/Documents/GitHub/Unreal-Engine-C-/Content/M4/Materials/MasterMaterials/Functions/VHFM/NewTess_MultiMaterialHandling.uexp" 4647
"C:/Users/whart/OneDrive/Documents/GitHub/Unreal-Engine-C-/Content/M4/Materials/MasterMaterials/Functions/VHFM/Prepare_VHFM_VisibilityMasking.uasset" 4648
"C:/Users/whart/OneDrive/Documents/GitHub/Unreal-Engine-C-/Content/M4/Materials/MasterMaterials/Functions/VHFM/Prepare_VHFM_VisibilityMasking.uexp" 4649
"C:/Users/whart/OneDrive/Documents/GitHub/Unreal-Engine-C-/Content/M4/Materials/MasterMaterials/Functions/VHFM/VHFM-Output-RVT.uasset" 4650
"C:/Users/whart/OneDrive/Documents/GitHub/Unreal-Engine-C-/Content/M4/Materials/MasterMaterials/Functions/VHFM/VHFM-Output-RVT.uexp" 4651
"C:/Users/whart/OneDrive/Documents/GitHub/Unreal-Engine-C-/Content/M4/Materials/MasterMaterials/M4HeightfieldMasterMat.uasset" 4652
"C:/Users/whart/OneDrive/Documents/GitHub/Unreal-Engine-C-/Content/M4/Materials/MasterMaterials/M4HeightfieldMasterMat.uexp" 4653
"C:/Users/whart/OneDrive/Documents/GitHub/Unreal-Engine-C-/Content/M4/Materials/PresetInstances/Tundra/Tundra_UE5Preset6_Inst.uasset" 4654
"C:/Users/whart/OneDrive/Documents/GitHub/Unreal-Engine-C-/Content/M4/Materials/PresetInstances/Tundra/Tundra_UE5Preset6_Inst.uexp" 4655
"C:/Users/whart/OneDrive/Documents/GitHub/Unreal-Engine-C-/Content/M4/Extras/UDS-EasyIntegration/TerrainFunctions/IntegrateVHF+UDS-Dynamic_Weather_Effects.uasset" 4656
"C:/Users/whart/OneDrive/Documents/GitHub/Unreal-Engine-C-/Content/M4/Extras/UDS-EasyIntegration/TerrainFunctions/IntegrateVHF+UDS-Dynamic_Weather_Effects.uexp" 4657
"C:/Users/whart/OneDrive/Documents/GitHub/Unreal-Engine-C-/Content/M4/Extras/UDS-EasyIntegration/TerrainFunctions/PrepareVHF+UDS-Dynamic_Weather_Effects.uasset" 4658
"C:/Users/whart/OneDrive/Documents/GitHub/Unreal-Engine-C-/Content/M4/Extras/UDS-EasyIntegration/TerrainFunctions/PrepareVHF+UDS-Dynamic_Weather_Effects.uexp" 4659
"C:/Users/whart/OneDrive/Documents/GitHub/Unreal-Engine-C-/Content/M4/Materials/MasterMaterials/Functions/VHFM/DetailTexturing-Attribute.uasset" 4660
"C:/Users/whart/OneDrive/Documents/GitHub/Unreal-Engine-C-/Content/M4/Materials/MasterMaterials/Functions/VHFM/DetailTexturing-Attribute.uexp" 4661
"C:/Users/whart/OneDrive/Documents/GitHub/Unreal-Engine-C-/Content/M4/Materials/MasterMaterials/Functions/VHFM/HeightBasedProceduralNormals.uasset" 4662
"C:/Users/whart/OneDrive/Documents/GitHub/Unreal-Engine-C-/Content/M4/Materials/MasterMaterials/Functions/VHFM/HeightBasedProceduralNormals.uexp" 4663
"C:/Users/whart/OneDrive/Documents/GitHub/Unreal-Engine-C-/Content/M4/Materials/MasterMaterials/Functions/VHFM/VHFM_VisibilityMasking.uasset" 4664
"C:/Users/whart/OneDrive/Documents/GitHub/Unreal-Engine-C-/Content/M4/Materials/MasterMaterials/Functions/VHFM/VHFM_VisibilityMasking.uexp" 4665
"C:/Users/whart/OneDrive/Documents/GitHub/Unreal-Engine-C-/Content/M4/Materials/MasterMaterials/HF_ProxyMat.uasset" 4666
"C:/Users/whart/OneDrive/Documents/GitHub/Unreal-Engine-C-/Content/M4/Materials/MasterMaterials/HF_ProxyMat.uexp" 4667
"C:/Users/whart/OneDrive/Documents/GitHub/Unreal-Engine-C-/Content/M4/Materials/PresetInstances/Tundra/HF/HF_ProxyMat_Tundra_Inst.uasset" 4668
"C:/Users/whart/OneDrive/Documents/GitHub/Unreal-Engine-C-/Content/M4/Materials/PresetInstances/Tundra/HF/HF_ProxyMat_Tundra_Inst.uexp" 4669
"C:/Users/whart/OneDrive/Documents/GitHub/Unreal-Engine-C-/Content/M4/Textures/Distance/Forest/B/FarForest_Normal_B.ubulk" 4670
"C:/Users/whart/OneDrive/Documents/GitHub/Unreal-Engine-C-/Content/M4/Textures/Distance/Forest/B/FarForest_Normal_B.uasset" 4671
"C:/Users/whart/OneDrive/Documents/GitHub/Unreal-Engine-C-/Content/M4/Textures/Distance/Forest/B/FarForest_Normal_B.uexp" 4672
"C:/Users/whart/OneDrive/Documents/GitHub/Unreal-Engine-C-/Content/M4/Textures/Distance/Forest/B/FarForest_Diffuse_B.ubulk" 4673
"C:/Users/whart/OneDrive/Documents/GitHub/Unreal-Engine-C-/Content/M4/Textures/Distance/Forest/B/FarForest_Diffuse_B.uasset" 4674
"C:/Users/whart/OneDrive/Documents/GitHub/Unreal-Engine-C-/Content/M4/Textures/Distance/Forest/B/FarForest_Diffuse_B.uexp" 4675
"C:/Users/whart/OneDrive/Documents/GitHub/Unreal-Engine-C-/Content/M4/Materials/PresetInstances/Island/Island_UE5Preset6_Inst.uasset" 4676
"C:/Users/whart/OneDrive/Documents/GitHub/Unreal-Engine-C-/Content/M4/Materials/PresetInstances/Island/Island_UE5Preset6_Inst.uexp" 4677
"C:/Users/whart/OneDrive/Documents/GitHub/Unreal-Engine-C-/Content/M4/Materials/PresetInstances/Island/HF/HF_ProxyMat_Island_Inst.uasset" 4678
"C:/Users/whart/OneDrive/Documents/GitHub/Unreal-Engine-C-/Content/M4/Materials/PresetInstances/Island/HF/HF_ProxyMat_Island_Inst.uexp" 4679
"C:/Users/whart/OneDrive/Documents/GitHub/Unreal-Engine-C-/Content/M4/Materials/PresetInstances/Desert/Desert_UE5Preset6_Inst.uasset" 4680
"C:/Users/whart/OneDrive/Documents/GitHub/Unreal-Engine-C-/Content/M4/Materials/PresetInstances/Desert/Desert_UE5Preset6_Inst.uexp" 4681
"C:/Users/whart/OneDrive/Documents/GitHub/Unreal-Engine-C-/Content/M4/Materials/PresetInstances/Desert/HF/HF_ProxyMat_Desert_Inst.uasset" 4682
"C:/Users/whart/OneDrive/Documents/GitHub/Unreal-Engine-C-/Content/M4/Materials/PresetInstances/Desert/HF/HF_ProxyMat_Desert_Inst.uexp" 4683
"C:/Users/whart/OneDrive/Documents/GitHub/Unreal-Engine-C-/Content/M4/Blueprints/SystemResources/RVT/Color/RuntimeVirtualTextureColorSmall.uasset" 4684
"C:/Users/whart/OneDrive/Documents/GitHub/Unreal-Engine-C-/Content/M4/Blueprints/SystemResources/RVT/Color/RuntimeVirtualTextureColorSmall.uexp" 4685
"C:/Users/whart/OneDrive/Documents/GitHub/Unreal-Engine-C-/Content/M4/Blueprints/SystemResources/RVT/Volumes/RVT-Volume-Color-Small.uasset" 4686
"C:/Users/whart/OneDrive/Documents/GitHub/Unreal-Engine-C-/Content/M4/Blueprints/SystemResources/RVT/Volumes/RVT-Volume-Color-Small.uexp" 4687
"C:/Users/whart/OneDrive/Documents/GitHub/Unreal-Engine-C-/Content/M4/Blueprints/SystemResources/RVT/Height/RuntimeVirtualTextureHeightSmall.uasset" 4688
"C:/Users/whart/OneDrive/Documents/GitHub/Unreal-Engine-C-/Content/M4/Blueprints/SystemResources/RVT/Height/RuntimeVirtualTextureHeightSmall.uexp" 4689
"C:/Users/whart/OneDrive/Documents/GitHub/Unreal-Engine-C-/Content/M4/Blueprints/SystemResources/RVT/Volumes/RVT-Volume-Height-Small.uasset" 4690
"C:/Users/whart/OneDrive/Documents/GitHub/Unreal-Engine-C-/Content/M4/Blueprints/SystemResources/RVT/Volumes/RVT-Volume-Height-Small.uexp" 4691
"C:/Users/whart/OneDrive/Documents/GitHub/Unreal-Engine-C-/Content/M4/Blueprints/SystemResources/Heightfield/Meshes/Plane_8kPoly.uasset" 4692
"C:/Users/whart/OneDrive/Documents/GitHub/Unreal-Engine-C-/Content/M4/Blueprints/SystemResources/Heightfield/Meshes/Plane_8kPoly.uexp" 4693
"C:/Users/whart/OneDrive/Documents/GitHub/Unreal-Engine-C-/Content/M4/Blueprints/SystemResources/Heightfield/Meshes/Plane_512Poly.uasset" 4694
"C:/Users/whart/OneDrive/Documents/GitHub/Unreal-Engine-C-/Content/M4/Blueprints/SystemResources/Heightfield/Meshes/Plane_512Poly.uexp" 4695
"C:/Users/whart/OneDrive/Documents/GitHub/Unreal-Engine-C-/Content/M4/Blueprints/SystemResources/Heightfield/Meshes/Plane_2kPoly.uasset" 4696
"C:/Users/whart/OneDrive/Documents/GitHub/Unreal-Engine-C-/Content/M4/Blueprints/SystemResources/Heightfield/Meshes/Plane_2kPoly.uexp" 4697
"C:/Users/whart/OneDrive/Documents/GitHub/Unreal-Engine-C-/Content/M4/Blueprints/SystemResources/Heightfield/Meshes/Plane_128Poly.uasset" 4698
"C:/Users/whart/OneDrive/Documents/GitHub/Unreal-Engine-C-/Content/M4/Blueprints/SystemResources/Heightfield/Meshes/Plane_128Poly.uexp" 4699
"C:/Users/whart/OneDrive/Documents/GitHub/Unreal-Engine-C-/Content/M4/Blueprints/SystemResources/Heightfield/Materials/Debug/LODDebugMat.uasset" 4700
"C:/Users/whart/OneDrive/Documents/GitHub/Unreal-Engine-C-/Content/M4/Blueprints/SystemResources/Heightfield/Materials/Debug/LODDebugMat.uexp" 4701
"C:/Users/whart/OneDrive/Documents/GitHub/Unreal-Engine-C-/Content/M4/Blueprints/SystemResources/Heightfield/Materials/Debug/LOD0_DebugMat_Inst.uasset" 4702
"C:/Users/whart/OneDrive/Documents/GitHub/Unreal-Engine-C-/Content/M4/Blueprints/SystemResources/Heightfield/Materials/Debug/LOD0_DebugMat_Inst.uexp" 4703
"C:/Users/whart/OneDrive/Documents/GitHub/Unreal-Engine-C-/Content/M4/Blueprints/SystemResources/Heightfield/Materials/Debug/LOD1_DebugMat_Inst.uasset" 4704
"C:/Users/whart/OneDrive/Documents/GitHub/Unreal-Engine-C-/Content/M4/Blueprints/SystemResources/Heightfield/Materials/Debug/LOD1_DebugMat_Inst.uexp" 4705
"C:/Users/whart/OneDrive/Documents/GitHub/Unreal-Engine-C-/Content/M4/Blueprints/SystemResources/Heightfield/Materials/Debug/LOD2_DebugMat_Inst.uasset" 4706
"C:/Users/whart/OneDrive/Documents/GitHub/Unreal-Engine-C-/Content/M4/Blueprints/SystemResources/Heightfield/Materials/Debug/LOD2_DebugMat_Inst.uexp" 4707
"C:/Users/whart/OneDrive/Documents/GitHub/Unreal-Engine-C-/Content/M4/Blueprints/SystemResources/Heightfield/Niagara/TerrainGridSpawnerNS.uasset" 4708
"C:/Users/whart/OneDrive/Documents/GitHub/Unreal-Engine-C-/Content/M4/Blueprints/SystemResources/Heightfield/Niagara/TerrainGridSpawnerNS.uexp" 4709
"../../../Engine/Content/Functions/Engine_MaterialFunctions02/FixRotateAboutAxisNormals.uasset" 4710
"../../../Engine/Content/Functions/Engine_MaterialFunctions02/FixRotateAboutAxisNormals.uexp" 4711
"../../../Engine/Content/Functions/Engine_MaterialFunctions01/Vectors/RotateVector.uasset" 4712
"../../../Engine/Content/Functions/Engine_MaterialFunctions01/Vectors/RotateVector.uexp" 4713
"C:/Users/whart/OneDrive/Documents/GitHub/Unreal-Engine-C-/Content/M4/Blueprints/SystemResources/Heightfield/Materials/Logo/LogoHolderMat.uasset" 4714
"C:/Users/whart/OneDrive/Documents/GitHub/Unreal-Engine-C-/Content/M4/Blueprints/SystemResources/Heightfield/Materials/Logo/LogoHolderMat.uexp" 4715
"C:/Users/whart/OneDrive/Documents/GitHub/Unreal-Engine-C-/Content/M4/Blueprints/SystemResources/Heightfield/Materials/Logo/LogoHolderMat_Inst.uasset" 4716
"C:/Users/whart/OneDrive/Documents/GitHub/Unreal-Engine-C-/Content/M4/Blueprints/SystemResources/Heightfield/Materials/Logo/LogoHolderMat_Inst.uexp" 4717
"C:/Users/whart/OneDrive/Documents/GitHub/Unreal-Engine-C-/Content/M4/Blueprints/SystemResources/MagicMapMaterialBP/Mats/BP_SS_Profile.uasset" 4718
"C:/Users/whart/OneDrive/Documents/GitHub/Unreal-Engine-C-/Content/M4/Blueprints/SystemResources/MagicMapMaterialBP/Mats/BP_SS_Profile.uexp" 4719
"C:/Users/whart/OneDrive/Documents/GitHub/Unreal-Engine-C-/Content/M4/Blueprints/SystemResources/Heightfield/Textures/NewTessLogo.ubulk" 4720
"C:/Users/whart/OneDrive/Documents/GitHub/Unreal-Engine-C-/Content/M4/Blueprints/SystemResources/Heightfield/Textures/NewTessLogo.uasset" 4721
"C:/Users/whart/OneDrive/Documents/GitHub/Unreal-Engine-C-/Content/M4/Blueprints/SystemResources/Heightfield/Textures/NewTessLogo.uexp" 4722
"C:/Users/whart/OneDrive/Documents/GitHub/Unreal-Engine-C-/Content/M4/Blueprints/SystemResources/MagicMapMaterialBP/Textures/IslandImage.ubulk" 4723
"C:/Users/whart/OneDrive/Documents/GitHub/Unreal-Engine-C-/Content/M4/Blueprints/SystemResources/MagicMapMaterialBP/Textures/IslandImage.uasset" 4724
"C:/Users/whart/OneDrive/Documents/GitHub/Unreal-Engine-C-/Content/M4/Blueprints/SystemResources/MagicMapMaterialBP/Textures/IslandImage.uexp" 4725
"C:/Users/whart/OneDrive/Documents/GitHub/Unreal-Engine-C-/Content/M4/Blueprints/SystemResources/Heightfield/Materials/Logo/CustomLogoMat.uasset" 4726
"C:/Users/whart/OneDrive/Documents/GitHub/Unreal-Engine-C-/Content/M4/Blueprints/SystemResources/Heightfield/Materials/Logo/CustomLogoMat.uexp" 4727
"C:/Users/whart/OneDrive/Documents/GitHub/Unreal-Engine-C-/Content/M4/Blueprints/SystemResources/Heightfield/Materials/Logo/CustomLogoMat_Inst.uasset" 4728
"C:/Users/whart/OneDrive/Documents/GitHub/Unreal-Engine-C-/Content/M4/Blueprints/SystemResources/Heightfield/Materials/Logo/CustomLogoMat_Inst.uexp" 4729
"C:/Users/whart/OneDrive/Documents/GitHub/Unreal-Engine-C-/Content/M4/Blueprints/SystemResources/Heightfield/Meshes/VirtualHeightfieldIcon.uasset" 4730
"C:/Users/whart/OneDrive/Documents/GitHub/Unreal-Engine-C-/Content/M4/Blueprints/SystemResources/Heightfield/Meshes/VirtualHeightfieldIcon.uexp" 4731
"C:/Users/whart/OneDrive/Documents/GitHub/Unreal-Engine-C-/Content/M4/Blueprints/SystemResources/Heightfield/Meshes/Plane_32kPoly.uasset" 4732
"C:/Users/whart/OneDrive/Documents/GitHub/Unreal-Engine-C-/Content/M4/Blueprints/SystemResources/Heightfield/Meshes/Plane_32kPoly.uexp" 4733
"C:/Users/whart/OneDrive/Documents/GitHub/Unreal-Engine-C-/Content/M4/Blueprints/SystemResources/Heightfield/Enums/HeightfieldLOD_Enum.uasset" 4734
"C:/Users/whart/OneDrive/Documents/GitHub/Unreal-Engine-C-/Content/M4/Blueprints/SystemResources/Heightfield/Enums/HeightfieldLOD_Enum.uexp" 4735
"C:/Users/whart/OneDrive/Documents/GitHub/Unreal-Engine-C-/Content/M4/Blueprints/SystemResources/Heightfield/VirtualHeightfieldBP.uasset" 4736
"C:/Users/whart/OneDrive/Documents/GitHub/Unreal-Engine-C-/Content/M4/Blueprints/SystemResources/Heightfield/VirtualHeightfieldBP.uexp" 4737
"C:/Users/whart/OneDrive/Documents/GitHub/Unreal-Engine-C-/Content/M4/Materials/PresetInstances/Tundra/Tundra_UE5Preset5_Inst.uasset" 4738
"C:/Users/whart/OneDrive/Documents/GitHub/Unreal-Engine-C-/Content/M4/Materials/PresetInstances/Tundra/Tundra_UE5Preset5_Inst.uexp" 4739
"C:/Users/whart/OneDrive/Documents/GitHub/Unreal-Engine-C-/Content/M4/Materials/PresetInstances/Tundra/Tundra_UE5Preset4_Inst.uasset" 4740
"C:/Users/whart/OneDrive/Documents/GitHub/Unreal-Engine-C-/Content/M4/Materials/PresetInstances/Tundra/Tundra_UE5Preset4_Inst.uexp" 4741
"C:/Users/whart/OneDrive/Documents/GitHub/Unreal-Engine-C-/Content/M4/Materials/PresetInstances/Tundra/Tundra_UE5Preset3_Inst.uasset" 4742
"C:/Users/whart/OneDrive/Documents/GitHub/Unreal-Engine-C-/Content/M4/Materials/PresetInstances/Tundra/Tundra_UE5Preset3_Inst.uexp" 4743
"C:/Users/whart/OneDrive/Documents/GitHub/Unreal-Engine-C-/Content/M4/Materials/PresetInstances/Tundra/Tundra_UE5Preset1_Inst.uasset" 4744
"C:/Users/whart/OneDrive/Documents/GitHub/Unreal-Engine-C-/Content/M4/Materials/PresetInstances/Tundra/Tundra_UE5Preset1_Inst.uexp" 4745
"C:/Users/whart/OneDrive/Documents/GitHub/Unreal-Engine-C-/Content/M4/Materials/PresetInstances/Tundra/Tundra_M4Nanite_Inst.uasset" 4746
"C:/Users/whart/OneDrive/Documents/GitHub/Unreal-Engine-C-/Content/M4/Materials/PresetInstances/Tundra/Tundra_M4Nanite_Inst.uexp" 4747
"C:/Users/whart/OneDrive/Documents/GitHub/Unreal-Engine-C-/Content/M4/Materials/PresetInstances/Island/Island_UE5Preset5_Inst.uasset" 4748
"C:/Users/whart/OneDrive/Documents/GitHub/Unreal-Engine-C-/Content/M4/Materials/PresetInstances/Island/Island_UE5Preset5_Inst.uexp" 4749
"C:/Users/whart/OneDrive/Documents/GitHub/Unreal-Engine-C-/Content/M4/Materials/PresetInstances/Island/Island_UE5Preset4_Inst.uasset" 4750
"C:/Users/whart/OneDrive/Documents/GitHub/Unreal-Engine-C-/Content/M4/Materials/PresetInstances/Island/Island_UE5Preset4_Inst.uexp" 4751
"C:/Users/whart/OneDrive/Documents/GitHub/Unreal-Engine-C-/Content/M4/Materials/PresetInstances/Island/Island_UE5Preset3_Inst.uasset" 4752
"C:/Users/whart/OneDrive/Documents/GitHub/Unreal-Engine-C-/Content/M4/Materials/PresetInstances/Island/Island_UE5Preset3_Inst.uexp" 4753
"C:/Users/whart/OneDrive/Documents/GitHub/Unreal-Engine-C-/Content/M4/Materials/PresetInstances/Island/Island_UE5Preset1_Inst.uasset" 4754
"C:/Users/whart/OneDrive/Documents/GitHub/Unreal-Engine-C-/Content/M4/Materials/PresetInstances/Island/Island_UE5Preset1_Inst.uexp" 4755
"C:/Users/whart/OneDrive/Documents/GitHub/Unreal-Engine-C-/Content/M4/Materials/PresetInstances/Island/Island_M4Nanite_Inst.uasset" 4756
"C:/Users/whart/OneDrive/Documents/GitHub/Unreal-Engine-C-/Content/M4/Materials/PresetInstances/Island/Island_M4Nanite_Inst.uexp" 4757
"C:/Users/whart/OneDrive/Documents/GitHub/Unreal-Engine-C-/Content/M4/Materials/PresetInstances/Desert/Desert_UE5Preset5_Inst.uasset" 4758
"C:/Users/whart/OneDrive/Documents/GitHub/Unreal-Engine-C-/Content/M4/Materials/PresetInstances/Desert/Desert_UE5Preset5_Inst.uexp" 4759
"C:/Users/whart/OneDrive/Documents/GitHub/Unreal-Engine-C-/Content/M4/Materials/PresetInstances/Desert/Desert_UE5Preset4_Inst.uasset" 4760
"C:/Users/whart/OneDrive/Documents/GitHub/Unreal-Engine-C-/Content/M4/Materials/PresetInstances/Desert/Desert_UE5Preset4_Inst.uexp" 4761
"C:/Users/whart/OneDrive/Documents/GitHub/Unreal-Engine-C-/Content/M4/Materials/PresetInstances/Desert/Desert_UE5Preset3_Inst.uasset" 4762
"C:/Users/whart/OneDrive/Documents/GitHub/Unreal-Engine-C-/Content/M4/Materials/PresetInstances/Desert/Desert_UE5Preset3_Inst.uexp" 4763
"C:/Users/whart/OneDrive/Documents/GitHub/Unreal-Engine-C-/Content/M4/Materials/PresetInstances/Desert/Desert_UE5Preset1_Inst.uasset" 4764
"C:/Users/whart/OneDrive/Documents/GitHub/Unreal-Engine-C-/Content/M4/Materials/PresetInstances/Desert/Desert_UE5Preset1_Inst.uexp" 4765
"C:/Users/whart/OneDrive/Documents/GitHub/Unreal-Engine-C-/Content/M4/Materials/PresetInstances/Desert/Desert_M4Nanite_Inst.uasset" 4766
"C:/Users/whart/OneDrive/Documents/GitHub/Unreal-Engine-C-/Content/M4/Materials/PresetInstances/Desert/Desert_M4Nanite_Inst.uexp" 4767
"C:/Users/whart/OneDrive/Documents/GitHub/Unreal-Engine-C-/Content/M4/Materials/PresetInstances/Custom/DesertDemo/Desert_UE5Preset6_InstC.uasset" 4768
"C:/Users/whart/OneDrive/Documents/GitHub/Unreal-Engine-C-/Content/M4/Materials/PresetInstances/Custom/DesertDemo/Desert_UE5Preset6_InstC.uexp" 4769
"C:/Users/whart/OneDrive/Documents/GitHub/Unreal-Engine-C-/Content/M4/Textures/Tutorials/LandscapeInitializationDone.uasset" 4770
"C:/Users/whart/OneDrive/Documents/GitHub/Unreal-Engine-C-/Content/M4/Textures/Tutorials/LandscapeInitializationDone.uexp" 4771
"C:/Users/whart/OneDrive/Documents/GitHub/Unreal-Engine-C-/Content/M4/Textures/Tutorials/LandscapeInitialization.uasset" 4772
"C:/Users/whart/OneDrive/Documents/GitHub/Unreal-Engine-C-/Content/M4/Textures/Tutorials/LandscapeInitialization.uexp" 4773
"C:/Users/whart/OneDrive/Documents/GitHub/Unreal-Engine-C-/Content/M4/Blueprints/SystemResources/General/MapInitialization/PrepareLandscapeMat.uasset" 4774
"C:/Users/whart/OneDrive/Documents/GitHub/Unreal-Engine-C-/Content/M4/Blueprints/SystemResources/General/MapInitialization/PrepareLandscapeMat.uexp" 4775
"C:/Users/whart/OneDrive/Documents/GitHub/Unreal-Engine-C-/Content/M4/Blueprints/SystemResources/General/MapInitialization/PrepareLandscapeMat_Inst.uasset" 4776
"C:/Users/whart/OneDrive/Documents/GitHub/Unreal-Engine-C-/Content/M4/Blueprints/SystemResources/General/MapInitialization/PrepareLandscapeMat_Inst.uexp" 4777
"C:/Users/whart/OneDrive/Documents/GitHub/Unreal-Engine-C-/Content/M4/Textures/Tutorials/RVT_Quick_Setup.ubulk" 4778
"C:/Users/whart/OneDrive/Documents/GitHub/Unreal-Engine-C-/Content/M4/Textures/Tutorials/RVT_Quick_Setup.uasset" 4779
"C:/Users/whart/OneDrive/Documents/GitHub/Unreal-Engine-C-/Content/M4/Textures/Tutorials/RVT_Quick_Setup.uexp" 4780
"C:/Users/whart/OneDrive/Documents/GitHub/Unreal-Engine-C-/Content/M4/Textures/Tutorials/VHF_Warning.ubulk" 4781
"C:/Users/whart/OneDrive/Documents/GitHub/Unreal-Engine-C-/Content/M4/Textures/Tutorials/VHF_Warning.uasset" 4782
"C:/Users/whart/OneDrive/Documents/GitHub/Unreal-Engine-C-/Content/M4/Textures/Tutorials/VHF_Warning.uexp" 4783
"C:/Users/whart/OneDrive/Documents/GitHub/Unreal-Engine-C-/Content/M4/Blueprints/SystemResources/General/Tutorials/VHFM_WarningMat.uasset" 4784
"C:/Users/whart/OneDrive/Documents/GitHub/Unreal-Engine-C-/Content/M4/Blueprints/SystemResources/General/Tutorials/VHFM_WarningMat.uexp" 4785
"C:/Users/whart/OneDrive/Documents/GitHub/Unreal-Engine-C-/Content/M4/Blueprints/SystemResources/General/Tutorials/RVTvol_Warning_Inst.uasset" 4786
"C:/Users/whart/OneDrive/Documents/GitHub/Unreal-Engine-C-/Content/M4/Blueprints/SystemResources/General/Tutorials/RVTvol_Warning_Inst.uexp" 4787
"C:/Users/whart/OneDrive/Documents/GitHub/Unreal-Engine-C-/Content/M4/Blueprints/SystemResources/General/Tutorials/VHFM_Warning_Inst.uasset" 4788
"C:/Users/whart/OneDrive/Documents/GitHub/Unreal-Engine-C-/Content/M4/Blueprints/SystemResources/General/Tutorials/VHFM_Warning_Inst.uexp" 4789
"C:/Users/whart/OneDrive/Documents/GitHub/Unreal-Engine-C-/Content/M4/Blueprints/SystemResources/MagicMapMaterialBP/BPI_EditorTick.uasset" 4790
"C:/Users/whart/OneDrive/Documents/GitHub/Unreal-Engine-C-/Content/M4/Blueprints/SystemResources/MagicMapMaterialBP/BPI_EditorTick.uexp" 4791
"C:/Users/whart/OneDrive/Documents/GitHub/Unreal-Engine-C-/Content/M4/Blueprints/SystemResources/MagicMapMaterialBP/Enums/EditorTickTypes.uasset" 4792
"C:/Users/whart/OneDrive/Documents/GitHub/Unreal-Engine-C-/Content/M4/Blueprints/SystemResources/MagicMapMaterialBP/Enums/EditorTickTypes.uexp" 4793
"C:/Users/whart/OneDrive/Documents/GitHub/Unreal-Engine-C-/Content/M4/Blueprints/SystemResources/Env/Mats/UnrealLogoMat.uasset" 4794
"C:/Users/whart/OneDrive/Documents/GitHub/Unreal-Engine-C-/Content/M4/Blueprints/SystemResources/Env/Mats/UnrealLogoMat.uexp" 4795
"C:/Users/whart/OneDrive/Documents/GitHub/Unreal-Engine-C-/Content/M4/Blueprints/SystemResources/MagicMapMaterialBP/Mats/UnrealLogoMat_Inst.uasset" 4796
"C:/Users/whart/OneDrive/Documents/GitHub/Unreal-Engine-C-/Content/M4/Blueprints/SystemResources/MagicMapMaterialBP/Mats/UnrealLogoMat_Inst.uexp" 4797
"C:/Users/whart/OneDrive/Documents/GitHub/Unreal-Engine-C-/Content/M4/Blueprints/SystemResources/MagicMapMaterialBP/Mats/UnrealLogoMat_Inst1.uasset" 4798
"C:/Users/whart/OneDrive/Documents/GitHub/Unreal-Engine-C-/Content/M4/Blueprints/SystemResources/MagicMapMaterialBP/Mats/UnrealLogoMat_Inst1.uexp" 4799
"C:/Users/whart/OneDrive/Documents/GitHub/Unreal-Engine-C-/Content/M4/Blueprints/SystemResources/MagicMapMaterialBP/Mats/UnrealLogoMat.uasset" 4800
"C:/Users/whart/OneDrive/Documents/GitHub/Unreal-Engine-C-/Content/M4/Blueprints/SystemResources/MagicMapMaterialBP/Mats/UnrealLogoMat.uexp" 4801
"C:/Users/whart/OneDrive/Documents/GitHub/Unreal-Engine-C-/Content/M4/Blueprints/SystemResources/MagicMapMaterialBP/Mats/UnrealLogoMat_Inst2.uasset" 4802
"C:/Users/whart/OneDrive/Documents/GitHub/Unreal-Engine-C-/Content/M4/Blueprints/SystemResources/MagicMapMaterialBP/Mats/UnrealLogoMat_Inst2.uexp" 4803
"C:/Users/whart/OneDrive/Documents/GitHub/Unreal-Engine-C-/Content/M4/Blueprints/SystemResources/MagicMapMaterialBP/Textures/DesertImage.ubulk" 4804
"C:/Users/whart/OneDrive/Documents/GitHub/Unreal-Engine-C-/Content/M4/Blueprints/SystemResources/MagicMapMaterialBP/Textures/DesertImage.uasset" 4805
"C:/Users/whart/OneDrive/Documents/GitHub/Unreal-Engine-C-/Content/M4/Blueprints/SystemResources/MagicMapMaterialBP/Textures/DesertImage.uexp" 4806
"C:/Users/whart/OneDrive/Documents/GitHub/Unreal-Engine-C-/Content/M4/Blueprints/SystemResources/MagicMapMaterialBP/Mats/M3BPLogoMat.uasset" 4807
"C:/Users/whart/OneDrive/Documents/GitHub/Unreal-Engine-C-/Content/M4/Blueprints/SystemResources/MagicMapMaterialBP/Mats/M3BPLogoMat.uexp" 4808
"C:/Users/whart/OneDrive/Documents/GitHub/Unreal-Engine-C-/Content/M4/Blueprints/SystemResources/MagicMapMaterialBP/Mats/M3BPLogoMat_Inst2.uasset" 4809
"C:/Users/whart/OneDrive/Documents/GitHub/Unreal-Engine-C-/Content/M4/Blueprints/SystemResources/MagicMapMaterialBP/Mats/M3BPLogoMat_Inst2.uexp" 4810
"C:/Users/whart/OneDrive/Documents/GitHub/Unreal-Engine-C-/Content/M4/Blueprints/SystemResources/MagicMapMaterialBP/Mats/M3BPLogoMat_Inst1.uasset" 4811
"C:/Users/whart/OneDrive/Documents/GitHub/Unreal-Engine-C-/Content/M4/Blueprints/SystemResources/MagicMapMaterialBP/Mats/M3BPLogoMat_Inst1.uexp" 4812
"C:/Users/whart/OneDrive/Documents/GitHub/Unreal-Engine-C-/Content/M4/Blueprints/SystemResources/MagicMapMaterialBP/Textures/TundraImage.ubulk" 4813
"C:/Users/whart/OneDrive/Documents/GitHub/Unreal-Engine-C-/Content/M4/Blueprints/SystemResources/MagicMapMaterialBP/Textures/TundraImage.uasset" 4814
"C:/Users/whart/OneDrive/Documents/GitHub/Unreal-Engine-C-/Content/M4/Blueprints/SystemResources/MagicMapMaterialBP/Textures/TundraImage.uexp" 4815
"C:/Users/whart/OneDrive/Documents/GitHub/Unreal-Engine-C-/Content/M4/Blueprints/SystemResources/MagicMapMaterialBP/Mats/M3BPLogoMat_Inst.uasset" 4816
"C:/Users/whart/OneDrive/Documents/GitHub/Unreal-Engine-C-/Content/M4/Blueprints/SystemResources/MagicMapMaterialBP/Mats/M3BPLogoMat_Inst.uexp" 4817
"C:/Users/whart/OneDrive/Documents/GitHub/Unreal-Engine-C-/Content/M4/Blueprints/SystemResources/MagicMapMaterialBP/Meshes/M3BP_ImageMesh.uasset" 4818
"C:/Users/whart/OneDrive/Documents/GitHub/Unreal-Engine-C-/Content/M4/Blueprints/SystemResources/MagicMapMaterialBP/Meshes/M3BP_ImageMesh.uexp" 4819
"C:/Users/whart/OneDrive/Documents/GitHub/Unreal-Engine-C-/Content/M4/Blueprints/SystemResources/MagicMapMaterialBP/Meshes/M3BP_Text.uasset" 4820
"C:/Users/whart/OneDrive/Documents/GitHub/Unreal-Engine-C-/Content/M4/Blueprints/SystemResources/MagicMapMaterialBP/Meshes/M3BP_Text.uexp" 4821
"C:/Users/whart/OneDrive/Documents/GitHub/Unreal-Engine-C-/Content/M4/Blueprints/MagicMapMaterialBP-V2.uasset" 4822
"C:/Users/whart/OneDrive/Documents/GitHub/Unreal-Engine-C-/Content/M4/Blueprints/MagicMapMaterialBP-V2.uexp" 4823
"C:/Users/whart/OneDrive/Documents/GitHub/Unreal-Engine-C-/Content/M4/Blueprints/SystemResources/RVT/Volumes/RVT-Volume-Color-Medium.uasset" 4824
"C:/Users/whart/OneDrive/Documents/GitHub/Unreal-Engine-C-/Content/M4/Blueprints/SystemResources/RVT/Volumes/RVT-Volume-Color-Medium.uexp" 4825
"C:/Users/whart/OneDrive/Documents/GitHub/Unreal-Engine-C-/Content/M4/Foliage/ProceduralPlacers/Mobile/Desert/Desert_M_EdgeOfFlatlandA.uasset" 4826
"C:/Users/whart/OneDrive/Documents/GitHub/Unreal-Engine-C-/Content/M4/Foliage/ProceduralPlacers/Mobile/Desert/Desert_M_EdgeOfFlatlandA.uexp" 4827
"C:/Users/whart/OneDrive/Documents/GitHub/Unreal-Engine-C-/Content/M4/Foliage/ProceduralPlacers/Mobile/Desert/Desert_M_FlatlandA.uasset" 4828
"C:/Users/whart/OneDrive/Documents/GitHub/Unreal-Engine-C-/Content/M4/Foliage/ProceduralPlacers/Mobile/Desert/Desert_M_FlatlandA.uexp" 4829
"C:/Users/whart/OneDrive/Documents/GitHub/Unreal-Engine-C-/Content/M4/Foliage/ProceduralPlacers/Mobile/Desert/Desert_M_FlatlandB.uasset" 4830
"C:/Users/whart/OneDrive/Documents/GitHub/Unreal-Engine-C-/Content/M4/Foliage/ProceduralPlacers/Mobile/Desert/Desert_M_FlatlandB.uexp" 4831
"C:/Users/whart/OneDrive/Documents/GitHub/Unreal-Engine-C-/Content/M4/Foliage/ProceduralPlacers/Mobile/Island/Island_M_EdgeOfFlatlandA.uasset" 4832
"C:/Users/whart/OneDrive/Documents/GitHub/Unreal-Engine-C-/Content/M4/Foliage/ProceduralPlacers/Mobile/Island/Island_M_EdgeOfFlatlandA.uexp" 4833
"C:/Users/whart/OneDrive/Documents/GitHub/Unreal-Engine-C-/Content/M4/Foliage/ProceduralPlacers/Mobile/Island/Island_M_FlatlandA.uasset" 4834
"C:/Users/whart/OneDrive/Documents/GitHub/Unreal-Engine-C-/Content/M4/Foliage/ProceduralPlacers/Mobile/Island/Island_M_FlatlandA.uexp" 4835
"C:/Users/whart/OneDrive/Documents/GitHub/Unreal-Engine-C-/Content/M4/Foliage/ProceduralPlacers/Mobile/Island/Island_M_FlatlandB.uasset" 4836
"C:/Users/whart/OneDrive/Documents/GitHub/Unreal-Engine-C-/Content/M4/Foliage/ProceduralPlacers/Mobile/Island/Island_M_FlatlandB.uexp" 4837
"C:/Users/whart/OneDrive/Documents/GitHub/Unreal-Engine-C-/Content/M4/Foliage/ProceduralPlacers/Mobile/PaintLayers/Forest_M_PaintLayerFoliage.uasset" 4838
"C:/Users/whart/OneDrive/Documents/GitHub/Unreal-Engine-C-/Content/M4/Foliage/ProceduralPlacers/Mobile/PaintLayers/Forest_M_PaintLayerFoliage.uexp" 4839
"C:/Users/whart/OneDrive/Documents/GitHub/Unreal-Engine-C-/Content/M4/Foliage/ProceduralPlacers/Mobile/PaintLayers/Grass_M_PaintLayerFoliage.uasset" 4840
"C:/Users/whart/OneDrive/Documents/GitHub/Unreal-Engine-C-/Content/M4/Foliage/ProceduralPlacers/Mobile/PaintLayers/Grass_M_PaintLayerFoliage.uexp" 4841
"C:/Users/whart/OneDrive/Documents/GitHub/Unreal-Engine-C-/Content/M4/Foliage/ProceduralPlacers/Mobile/Tundra/Tundra_M_EdgeOfFlatlandA.uasset" 4842
"C:/Users/whart/OneDrive/Documents/GitHub/Unreal-Engine-C-/Content/M4/Foliage/ProceduralPlacers/Mobile/Tundra/Tundra_M_EdgeOfFlatlandA.uexp" 4843
"C:/Users/whart/OneDrive/Documents/GitHub/Unreal-Engine-C-/Content/M4/Foliage/ProceduralPlacers/Mobile/Tundra/Tundra_M_FlatlandA.uasset" 4844
"C:/Users/whart/OneDrive/Documents/GitHub/Unreal-Engine-C-/Content/M4/Foliage/ProceduralPlacers/Mobile/Tundra/Tundra_M_FlatlandA.uexp" 4845
"C:/Users/whart/OneDrive/Documents/GitHub/Unreal-Engine-C-/Content/M4/Foliage/ProceduralPlacers/Mobile/Tundra/Tundra_M_FlatlandB.uasset" 4846
"C:/Users/whart/OneDrive/Documents/GitHub/Unreal-Engine-C-/Content/M4/Foliage/ProceduralPlacers/Mobile/Tundra/Tundra_M_FlatlandB.uexp" 4847
"C:/Users/whart/OneDrive/Documents/GitHub/Unreal-Engine-C-/Content/UltraDynamicSky/Textures/Sky/FlatCubemap.uasset" 4848
"C:/Users/whart/OneDrive/Documents/GitHub/Unreal-Engine-C-/Content/UltraDynamicSky/Textures/Sky/FlatCubemap.uexp" 4849
"C:/Users/whart/OneDrive/Documents/GitHub/Unreal-Engine-C-/Content/UltraDynamicSky/Textures/Sky/Tiling_Stars.uasset" 4850
"C:/Users/whart/OneDrive/Documents/GitHub/Unreal-Engine-C-/Content/UltraDynamicSky/Textures/Sky/Tiling_Stars.uexp" 4851
"C:/Users/whart/OneDrive/Documents/GitHub/Unreal-Engine-C-/Content/Assets/EnvironmentAssets/MegaScans/Models/Thai_Beach_Rocks_ueopcguga/Roughness_2K__ueopcguga.ubulk" 4852
"C:/Users/whart/OneDrive/Documents/GitHub/Unreal-Engine-C-/Content/Assets/EnvironmentAssets/MegaScans/Models/Thai_Beach_Rocks_ueopcguga/Roughness_2K__ueopcguga.uasset" 4853
"C:/Users/whart/OneDrive/Documents/GitHub/Unreal-Engine-C-/Content/Assets/EnvironmentAssets/MegaScans/Models/Thai_Beach_Rocks_ueopcguga/Roughness_2K__ueopcguga.uexp" 4854
"C:/Users/whart/OneDrive/Documents/GitHub/Unreal-Engine-C-/Content/Assets/EnvironmentAssets/MegaScans/Models/Thai_Beach_Rocks_ueopcguga/Normal_2K_LOD4_ueopcguga.ubulk" 4855
"C:/Users/whart/OneDrive/Documents/GitHub/Unreal-Engine-C-/Content/Assets/EnvironmentAssets/MegaScans/Models/Thai_Beach_Rocks_ueopcguga/Normal_2K_LOD4_ueopcguga.uasset" 4856
"C:/Users/whart/OneDrive/Documents/GitHub/Unreal-Engine-C-/Content/Assets/EnvironmentAssets/MegaScans/Models/Thai_Beach_Rocks_ueopcguga/Normal_2K_LOD4_ueopcguga.uexp" 4857
"C:/Users/whart/OneDrive/Documents/GitHub/Unreal-Engine-C-/Content/Assets/EnvironmentAssets/MegaScans/Models/Thai_Beach_Rocks_ueopcguga/Albedo_2K_LOD4_ueopcguga.ubulk" 4858
"C:/Users/whart/OneDrive/Documents/GitHub/Unreal-Engine-C-/Content/Assets/EnvironmentAssets/MegaScans/Models/Thai_Beach_Rocks_ueopcguga/Albedo_2K_LOD4_ueopcguga.uasset" 4859
"C:/Users/whart/OneDrive/Documents/GitHub/Unreal-Engine-C-/Content/Assets/EnvironmentAssets/MegaScans/Models/Thai_Beach_Rocks_ueopcguga/Albedo_2K_LOD4_ueopcguga.uexp" 4860
"C:/Users/whart/OneDrive/Documents/GitHub/Unreal-Engine-C-/Content/Assets/EnvironmentAssets/MegaScans/Models/Thai_Beach_Rocks_ueopcguga/_mat_Game_Master_unaligned_Game_Master_unaligned_default.uasset" 4861
"C:/Users/whart/OneDrive/Documents/GitHub/Unreal-Engine-C-/Content/Assets/EnvironmentAssets/MegaScans/Models/Thai_Beach_Rocks_ueopcguga/_mat_Game_Master_unaligned_Game_Master_unaligned_default.uexp" 4862
"C:/Users/whart/OneDrive/Documents/GitHub/Unreal-Engine-C-/Content/Assets/EnvironmentAssets/MegaScans/Models/Thai_Beach_Rocks_ueopcguga/Thai_Beach_Rocks_LOD4__ueopcguga.uasset" 4863
"C:/Users/whart/OneDrive/Documents/GitHub/Unreal-Engine-C-/Content/Assets/EnvironmentAssets/MegaScans/Models/Thai_Beach_Rocks_ueopcguga/Thai_Beach_Rocks_LOD4__ueopcguga.uexp" 4864
"C:/Users/whart/OneDrive/Documents/GitHub/Unreal-Engine-C-/Content/EasyFog/Textures/Fog/T_smoothCloudsNoise_01_D.ubulk" 4865
"C:/Users/whart/OneDrive/Documents/GitHub/Unreal-Engine-C-/Content/EasyFog/Textures/Fog/T_smoothCloudsNoise_01_D.uasset" 4866
"C:/Users/whart/OneDrive/Documents/GitHub/Unreal-Engine-C-/Content/EasyFog/Textures/Fog/T_smoothCloudsNoise_01_D.uexp" 4867
"../../../Engine/Content/Functions/Engine_MaterialFunctions03/ComplexMotion/Motion_4WayChaos.uasset" 4868
"../../../Engine/Content/Functions/Engine_MaterialFunctions03/ComplexMotion/Motion_4WayChaos.uexp" 4869
"C:/Users/whart/OneDrive/Documents/GitHub/Unreal-Engine-C-/Content/EasyFog/Materials/M_BP_EasyFog.uasset" 4870
"C:/Users/whart/OneDrive/Documents/GitHub/Unreal-Engine-C-/Content/EasyFog/Materials/M_BP_EasyFog.uexp" 4871
"C:/Users/whart/OneDrive/Documents/GitHub/Unreal-Engine-C-/Content/EasyFog/Meshes/SM_easyFogCard_01.uasset" 4872
"C:/Users/whart/OneDrive/Documents/GitHub/Unreal-Engine-C-/Content/EasyFog/Meshes/SM_easyFogCard_01.uexp" 4873
"C:/Users/whart/OneDrive/Documents/GitHub/Unreal-Engine-C-/Content/EasyFog/Blueprints/BP_EasyFog.uasset" 4874
"C:/Users/whart/OneDrive/Documents/GitHub/Unreal-Engine-C-/Content/EasyFog/Blueprints/BP_EasyFog.uexp" 4875
"C:/Users/whart/OneDrive/Documents/GitHub/Unreal-Engine-C-/Content/Assets/EnvironmentAssets/MegaScans/Models/Forest/Forest_Rock_Wall_vkyjaataw/Roughness_2K__vkyjaataw.ubulk" 4876
"C:/Users/whart/OneDrive/Documents/GitHub/Unreal-Engine-C-/Content/Assets/EnvironmentAssets/MegaScans/Models/Forest/Forest_Rock_Wall_vkyjaataw/Roughness_2K__vkyjaataw.uasset" 4877
"C:/Users/whart/OneDrive/Documents/GitHub/Unreal-Engine-C-/Content/Assets/EnvironmentAssets/MegaScans/Models/Forest/Forest_Rock_Wall_vkyjaataw/Roughness_2K__vkyjaataw.uexp" 4878
"C:/Users/whart/OneDrive/Documents/GitHub/Unreal-Engine-C-/Content/Assets/EnvironmentAssets/MegaScans/Models/Forest/Forest_Rock_Wall_vkyjaataw/Normal_2K_LOD4_vkyjaataw.ubulk" 4879
"C:/Users/whart/OneDrive/Documents/GitHub/Unreal-Engine-C-/Content/Assets/EnvironmentAssets/MegaScans/Models/Forest/Forest_Rock_Wall_vkyjaataw/Normal_2K_LOD4_vkyjaataw.uasset" 4880
"C:/Users/whart/OneDrive/Documents/GitHub/Unreal-Engine-C-/Content/Assets/EnvironmentAssets/MegaScans/Models/Forest/Forest_Rock_Wall_vkyjaataw/Normal_2K_LOD4_vkyjaataw.uexp" 4881
"C:/Users/whart/OneDrive/Documents/GitHub/Unreal-Engine-C-/Content/Assets/EnvironmentAssets/MegaScans/Models/Forest/Forest_Rock_Wall_vkyjaataw/Albedo_2K_LOD4_vkyjaataw.ubulk" 4882
"C:/Users/whart/OneDrive/Documents/GitHub/Unreal-Engine-C-/Content/Assets/EnvironmentAssets/MegaScans/Models/Forest/Forest_Rock_Wall_vkyjaataw/Albedo_2K_LOD4_vkyjaataw.uasset" 4883
"C:/Users/whart/OneDrive/Documents/GitHub/Unreal-Engine-C-/Content/Assets/EnvironmentAssets/MegaScans/Models/Forest/Forest_Rock_Wall_vkyjaataw/Albedo_2K_LOD4_vkyjaataw.uexp" 4884
"C:/Users/whart/OneDrive/Documents/GitHub/Unreal-Engine-C-/Content/Assets/EnvironmentAssets/MegaScans/Models/Forest/Forest_Rock_Wall_vkyjaataw/initialShadingGroup.uasset" 4885
"C:/Users/whart/OneDrive/Documents/GitHub/Unreal-Engine-C-/Content/Assets/EnvironmentAssets/MegaScans/Models/Forest/Forest_Rock_Wall_vkyjaataw/initialShadingGroup.uexp" 4886
"C:/Users/whart/OneDrive/Documents/GitHub/Unreal-Engine-C-/Content/Assets/EnvironmentAssets/MegaScans/Models/Forest/Forest_Rock_Wall_vkyjaataw/Forest_Rock_Wall_LOD4__vkyjaataw.uasset" 4887
"C:/Users/whart/OneDrive/Documents/GitHub/Unreal-Engine-C-/Content/Assets/EnvironmentAssets/MegaScans/Models/Forest/Forest_Rock_Wall_vkyjaataw/Forest_Rock_Wall_LOD4__vkyjaataw.uexp" 4888
"C:/Users/whart/OneDrive/Documents/GitHub/Unreal-Engine-C-/Content/Assets/EnvironmentAssets/MegaScans/Models/Forest/Mossy_Forest_Rock_Formation_vikree2aw/Roughness_2K__vikree2aw.ubulk" 4889
"C:/Users/whart/OneDrive/Documents/GitHub/Unreal-Engine-C-/Content/Assets/EnvironmentAssets/MegaScans/Models/Forest/Mossy_Forest_Rock_Formation_vikree2aw/Roughness_2K__vikree2aw.uasset" 4890
"C:/Users/whart/OneDrive/Documents/GitHub/Unreal-Engine-C-/Content/Assets/EnvironmentAssets/MegaScans/Models/Forest/Mossy_Forest_Rock_Formation_vikree2aw/Roughness_2K__vikree2aw.uexp" 4891
"C:/Users/whart/OneDrive/Documents/GitHub/Unreal-Engine-C-/Content/Assets/EnvironmentAssets/MegaScans/Models/Forest/Mossy_Forest_Rock_Formation_vikree2aw/Normal_2K_LOD4_vikree2aw.ubulk" 4892
"C:/Users/whart/OneDrive/Documents/GitHub/Unreal-Engine-C-/Content/Assets/EnvironmentAssets/MegaScans/Models/Forest/Mossy_Forest_Rock_Formation_vikree2aw/Normal_2K_LOD4_vikree2aw.uasset" 4893
"C:/Users/whart/OneDrive/Documents/GitHub/Unreal-Engine-C-/Content/Assets/EnvironmentAssets/MegaScans/Models/Forest/Mossy_Forest_Rock_Formation_vikree2aw/Normal_2K_LOD4_vikree2aw.uexp" 4894
"C:/Users/whart/OneDrive/Documents/GitHub/Unreal-Engine-C-/Content/Assets/EnvironmentAssets/MegaScans/Models/Forest/Mossy_Forest_Rock_Formation_vikree2aw/Albedo_2K_LOD4_vikree2aw.ubulk" 4895
"C:/Users/whart/OneDrive/Documents/GitHub/Unreal-Engine-C-/Content/Assets/EnvironmentAssets/MegaScans/Models/Forest/Mossy_Forest_Rock_Formation_vikree2aw/Albedo_2K_LOD4_vikree2aw.uasset" 4896
"C:/Users/whart/OneDrive/Documents/GitHub/Unreal-Engine-C-/Content/Assets/EnvironmentAssets/MegaScans/Models/Forest/Mossy_Forest_Rock_Formation_vikree2aw/Albedo_2K_LOD4_vikree2aw.uexp" 4897
"C:/Users/whart/OneDrive/Documents/GitHub/Unreal-Engine-C-/Content/Assets/EnvironmentAssets/MegaScans/Models/Forest/Mossy_Forest_Rock_Formation_vikree2aw/default_material.uasset" 4898
"C:/Users/whart/OneDrive/Documents/GitHub/Unreal-Engine-C-/Content/Assets/EnvironmentAssets/MegaScans/Models/Forest/Mossy_Forest_Rock_Formation_vikree2aw/default_material.uexp" 4899
"C:/Users/whart/OneDrive/Documents/GitHub/Unreal-Engine-C-/Content/Assets/EnvironmentAssets/MegaScans/Models/Forest/Mossy_Forest_Rock_Formation_vikree2aw/Mossy_Forest_Rock_Formation_LOD4__vikree2aw.uasset" 4900
"C:/Users/whart/OneDrive/Documents/GitHub/Unreal-Engine-C-/Content/Assets/EnvironmentAssets/MegaScans/Models/Forest/Mossy_Forest_Rock_Formation_vikree2aw/Mossy_Forest_Rock_Formation_LOD4__vikree2aw.uexp" 4901
"C:/Users/whart/OneDrive/Documents/GitHub/Unreal-Engine-C-/Content/Assets/EnvironmentAssets/MegaScans/Models/Forest/Mossy_Forest_Rock_villdcuaw/Roughness_2K__villdcuaw.ubulk" 4902
"C:/Users/whart/OneDrive/Documents/GitHub/Unreal-Engine-C-/Content/Assets/EnvironmentAssets/MegaScans/Models/Forest/Mossy_Forest_Rock_villdcuaw/Roughness_2K__villdcuaw.uasset" 4903
"C:/Users/whart/OneDrive/Documents/GitHub/Unreal-Engine-C-/Content/Assets/EnvironmentAssets/MegaScans/Models/Forest/Mossy_Forest_Rock_villdcuaw/Roughness_2K__villdcuaw.uexp" 4904
"C:/Users/whart/OneDrive/Documents/GitHub/Unreal-Engine-C-/Content/Assets/EnvironmentAssets/MegaScans/Models/Forest/Mossy_Forest_Rock_villdcuaw/Normal_2K_LOD4_villdcuaw.ubulk" 4905
"C:/Users/whart/OneDrive/Documents/GitHub/Unreal-Engine-C-/Content/Assets/EnvironmentAssets/MegaScans/Models/Forest/Mossy_Forest_Rock_villdcuaw/Normal_2K_LOD4_villdcuaw.uasset" 4906
"C:/Users/whart/OneDrive/Documents/GitHub/Unreal-Engine-C-/Content/Assets/EnvironmentAssets/MegaScans/Models/Forest/Mossy_Forest_Rock_villdcuaw/Normal_2K_LOD4_villdcuaw.uexp" 4907
"C:/Users/whart/OneDrive/Documents/GitHub/Unreal-Engine-C-/Content/Assets/EnvironmentAssets/MegaScans/Models/Forest/Mossy_Forest_Rock_villdcuaw/Albedo_2K_LOD4_villdcuaw.ubulk" 4908
"C:/Users/whart/OneDrive/Documents/GitHub/Unreal-Engine-C-/Content/Assets/EnvironmentAssets/MegaScans/Models/Forest/Mossy_Forest_Rock_villdcuaw/Albedo_2K_LOD4_villdcuaw.uasset" 4909
"C:/Users/whart/OneDrive/Documents/GitHub/Unreal-Engine-C-/Content/Assets/EnvironmentAssets/MegaScans/Models/Forest/Mossy_Forest_Rock_villdcuaw/Albedo_2K_LOD4_villdcuaw.uexp" 4910
"C:/Users/whart/OneDrive/Documents/GitHub/Unreal-Engine-C-/Content/Assets/EnvironmentAssets/MegaScans/Models/Forest/Mossy_Forest_Rock_villdcuaw/default_material.uasset" 4911
"C:/Users/whart/OneDrive/Documents/GitHub/Unreal-Engine-C-/Content/Assets/EnvironmentAssets/MegaScans/Models/Forest/Mossy_Forest_Rock_villdcuaw/default_material.uexp" 4912
"C:/Users/whart/OneDrive/Documents/GitHub/Unreal-Engine-C-/Content/Assets/EnvironmentAssets/MegaScans/Models/Forest/Mossy_Forest_Rock_villdcuaw/Mossy_Forest_Rock_LOD4__villdcuaw.uasset" 4913
"C:/Users/whart/OneDrive/Documents/GitHub/Unreal-Engine-C-/Content/Assets/EnvironmentAssets/MegaScans/Models/Forest/Mossy_Forest_Rock_villdcuaw/Mossy_Forest_Rock_LOD4__villdcuaw.uexp" 4914
"C:/Users/whart/OneDrive/Documents/GitHub/Unreal-Engine-C-/Content/Assets/EnvironmentAssets/MegaScans/Models/Forest/Mossy_Forest_Roots_wgxodhsaw/Roughness_2K__wgxodhsaw.ubulk" 4915
"C:/Users/whart/OneDrive/Documents/GitHub/Unreal-Engine-C-/Content/Assets/EnvironmentAssets/MegaScans/Models/Forest/Mossy_Forest_Roots_wgxodhsaw/Roughness_2K__wgxodhsaw.uasset" 4916
"C:/Users/whart/OneDrive/Documents/GitHub/Unreal-Engine-C-/Content/Assets/EnvironmentAssets/MegaScans/Models/Forest/Mossy_Forest_Roots_wgxodhsaw/Roughness_2K__wgxodhsaw.uexp" 4917
"C:/Users/whart/OneDrive/Documents/GitHub/Unreal-Engine-C-/Content/Assets/EnvironmentAssets/MegaScans/Models/Forest/Mossy_Forest_Roots_wgxodhsaw/Normal_2K_LOD4_wgxodhsaw.ubulk" 4918
"C:/Users/whart/OneDrive/Documents/GitHub/Unreal-Engine-C-/Content/Assets/EnvironmentAssets/MegaScans/Models/Forest/Mossy_Forest_Roots_wgxodhsaw/Normal_2K_LOD4_wgxodhsaw.uasset" 4919
"C:/Users/whart/OneDrive/Documents/GitHub/Unreal-Engine-C-/Content/Assets/EnvironmentAssets/MegaScans/Models/Forest/Mossy_Forest_Roots_wgxodhsaw/Normal_2K_LOD4_wgxodhsaw.uexp" 4920
"C:/Users/whart/OneDrive/Documents/GitHub/Unreal-Engine-C-/Content/Assets/EnvironmentAssets/MegaScans/Models/Forest/Mossy_Forest_Roots_wgxodhsaw/Albedo_2K_LOD4_wgxodhsaw.ubulk" 4921
"C:/Users/whart/OneDrive/Documents/GitHub/Unreal-Engine-C-/Content/Assets/EnvironmentAssets/MegaScans/Models/Forest/Mossy_Forest_Roots_wgxodhsaw/Albedo_2K_LOD4_wgxodhsaw.uasset" 4922
"C:/Users/whart/OneDrive/Documents/GitHub/Unreal-Engine-C-/Content/Assets/EnvironmentAssets/MegaScans/Models/Forest/Mossy_Forest_Roots_wgxodhsaw/Albedo_2K_LOD4_wgxodhsaw.uexp" 4923
"C:/Users/whart/OneDrive/Documents/GitHub/Unreal-Engine-C-/Content/Assets/EnvironmentAssets/MegaScans/Models/Forest/Mossy_Forest_Roots_wgxodhsaw/default_material.uasset" 4924
"C:/Users/whart/OneDrive/Documents/GitHub/Unreal-Engine-C-/Content/Assets/EnvironmentAssets/MegaScans/Models/Forest/Mossy_Forest_Roots_wgxodhsaw/default_material.uexp" 4925
"C:/Users/whart/OneDrive/Documents/GitHub/Unreal-Engine-C-/Content/Assets/EnvironmentAssets/MegaScans/Models/Forest/Mossy_Forest_Roots_wgxodhsaw/Mossy_Forest_Roots_LOD4__wgxodhsaw.uasset" 4926
"C:/Users/whart/OneDrive/Documents/GitHub/Unreal-Engine-C-/Content/Assets/EnvironmentAssets/MegaScans/Models/Forest/Mossy_Forest_Roots_wgxodhsaw/Mossy_Forest_Roots_LOD4__wgxodhsaw.uexp" 4927
"../../../Engine/Content/Functions/Engine_MaterialFunctions02/ExampleContent/Textures/WindTurblenceVectorAndGustMagnitude.uasset" 4928
"../../../Engine/Content/Functions/Engine_MaterialFunctions02/ExampleContent/Textures/WindTurblenceVectorAndGustMagnitude.uexp" 4929
"../../../Engine/Content/Functions/Engine_MaterialFunctions02/SmoothThreshold.uasset" 4930
"../../../Engine/Content/Functions/Engine_MaterialFunctions02/SmoothThreshold.uexp" 4931
"../../../Engine/Content/Functions/Engine_MaterialFunctions02/ms_PivotPainter2_UnpackIntegerAsFloat.uasset" 4932
"../../../Engine/Content/Functions/Engine_MaterialFunctions02/ms_PivotPainter2_UnpackIntegerAsFloat.uexp" 4933
"../../../Engine/Content/Functions/Engine_MaterialFunctions02/Lerp_Multiple_Float2.uasset" 4934
"../../../Engine/Content/Functions/Engine_MaterialFunctions02/Lerp_Multiple_Float2.uexp" 4935
"../../../Engine/Content/Functions/Engine_MaterialFunctions02/Texturing/HeightLerp.uasset" 4936
"../../../Engine/Content/Functions/Engine_MaterialFunctions02/Texturing/HeightLerp.uexp" 4937
"../../../Engine/Content/Functions/Engine_MaterialFunctions02/ExampleContent/PivotPainter2/PP2_rgb_XVect_a_XExtent.uasset" 4938
"../../../Engine/Content/Functions/Engine_MaterialFunctions02/ExampleContent/PivotPainter2/PP2_rgb_XVect_a_XExtent.uexp" 4939
"../../../Engine/Content/Functions/Engine_MaterialFunctions02/ExampleContent/PivotPainter2/SimpExPivPos.uasset" 4940
"../../../Engine/Content/Functions/Engine_MaterialFunctions02/ExampleContent/PivotPainter2/SimpExPivPos.uexp" 4941
"../../../Engine/Content/Functions/Engine_MaterialFunctions02/ExampleContent/PivotPainter2/test2_rgb_PivotPos_a_ParentIndexInt_UV_2.uasset" 4942
"../../../Engine/Content/Functions/Engine_MaterialFunctions02/ExampleContent/PivotPainter2/test2_rgb_PivotPos_a_ParentIndexInt_UV_2.uexp" 4943
"../../../Engine/Content/Functions/Engine_MaterialFunctions02/PivotPainter2/2dArrayLookupByIndex.uasset" 4944
"../../../Engine/Content/Functions/Engine_MaterialFunctions02/PivotPainter2/2dArrayLookupByIndex.uexp" 4945
"../../../Engine/Content/Functions/Engine_MaterialFunctions02/PivotPainter2/ms_PivotPainter2_CalculateMeshElementIndex.uasset" 4946
"../../../Engine/Content/Functions/Engine_MaterialFunctions02/PivotPainter2/ms_PivotPainter2_CalculateMeshElementIndex.uexp" 4947
"../../../Engine/Content/Functions/Engine_MaterialFunctions02/PivotPainter2/ms_PivotPainter2_Decode8BitAlphaAxisExtent.uasset" 4948
"../../../Engine/Content/Functions/Engine_MaterialFunctions02/PivotPainter2/ms_PivotPainter2_Decode8BitAlphaAxisExtent.uexp" 4949
"../../../Engine/Content/Functions/Engine_MaterialFunctions02/PivotPainter2/ms_PivotPainter2_DecodeAxisVector.uasset" 4950
"../../../Engine/Content/Functions/Engine_MaterialFunctions02/PivotPainter2/ms_PivotPainter2_DecodeAxisVector.uexp" 4951
"../../../Engine/Content/Functions/Engine_MaterialFunctions02/PivotPainter2/ms_PivotPainter2_DecodePostion.uasset" 4952
"../../../Engine/Content/Functions/Engine_MaterialFunctions02/PivotPainter2/ms_PivotPainter2_DecodePostion.uexp" 4953
"../../../Engine/Content/Functions/Engine_MaterialFunctions02/PivotPainter2/ms_PivotPainter2_ReturnParentTextureInfo.uasset" 4954
"../../../Engine/Content/Functions/Engine_MaterialFunctions02/PivotPainter2/ms_PivotPainter2_ReturnParentTextureInfo.uexp" 4955
"C:/Users/whart/OneDrive/Documents/GitHub/Unreal-Engine-C-/Content/Assets/EnvironmentAssets/PN_interactiveSpruceForest/Materials/PN_WindParameters.uasset" 4956
"C:/Users/whart/OneDrive/Documents/GitHub/Unreal-Engine-C-/Content/Assets/EnvironmentAssets/PN_interactiveSpruceForest/Materials/PN_WindParameters.uexp" 4957
"C:/Users/whart/OneDrive/Documents/GitHub/Unreal-Engine-C-/Content/Assets/EnvironmentAssets/PN_interactiveSpruceForest/Materials/MaterialFunctions/PN_BendingParameters.uasset" 4958
"C:/Users/whart/OneDrive/Documents/GitHub/Unreal-Engine-C-/Content/Assets/EnvironmentAssets/PN_interactiveSpruceForest/Materials/MaterialFunctions/PN_BendingParameters.uexp" 4959
"C:/Users/whart/OneDrive/Documents/GitHub/Unreal-Engine-C-/Content/Assets/EnvironmentAssets/PN_interactiveSpruceForest/Materials/MaterialFunctions/PN_WindAnimation.uasset" 4960
"C:/Users/whart/OneDrive/Documents/GitHub/Unreal-Engine-C-/Content/Assets/EnvironmentAssets/PN_interactiveSpruceForest/Materials/MaterialFunctions/PN_WindAnimation.uexp" 4961
"C:/Users/whart/OneDrive/Documents/GitHub/Unreal-Engine-C-/Content/Assets/EnvironmentAssets/PN_interactiveSpruceForest/Materials/MaterialFunctions/PN_Bending.uasset" 4962
"C:/Users/whart/OneDrive/Documents/GitHub/Unreal-Engine-C-/Content/Assets/EnvironmentAssets/PN_interactiveSpruceForest/Materials/MaterialFunctions/PN_Bending.uexp" 4963
"C:/Users/whart/OneDrive/Documents/GitHub/Unreal-Engine-C-/Content/Assets/EnvironmentAssets/PN_interactiveSpruceForest/Materials/MaterialFunctions/PN_MultiBend.uasset" 4964
"C:/Users/whart/OneDrive/Documents/GitHub/Unreal-Engine-C-/Content/Assets/EnvironmentAssets/PN_interactiveSpruceForest/Materials/MaterialFunctions/PN_MultiBend.uexp" 4965
"C:/Users/whart/OneDrive/Documents/GitHub/Unreal-Engine-C-/Content/Assets/EnvironmentAssets/PN_interactiveSpruceForest/Materials/MaterialFunctions/PN_AnimationShader.uasset" 4966
"C:/Users/whart/OneDrive/Documents/GitHub/Unreal-Engine-C-/Content/Assets/EnvironmentAssets/PN_interactiveSpruceForest/Materials/MaterialFunctions/PN_AnimationShader.uexp" 4967
"C:/Users/whart/OneDrive/Documents/GitHub/Unreal-Engine-C-/Content/Assets/EnvironmentAssets/PN_interactiveSpruceForest/Textures/MasterTextures/ModelTextures/Leaf_O.uasset" 4968
"C:/Users/whart/OneDrive/Documents/GitHub/Unreal-Engine-C-/Content/Assets/EnvironmentAssets/PN_interactiveSpruceForest/Textures/MasterTextures/ModelTextures/Leaf_O.uexp" 4969
"C:/Users/whart/OneDrive/Documents/GitHub/Unreal-Engine-C-/Content/Assets/EnvironmentAssets/PN_interactiveSpruceForest/Textures/MasterTextures/ModelTextures/Leaf_N.ubulk" 4970
"C:/Users/whart/OneDrive/Documents/GitHub/Unreal-Engine-C-/Content/Assets/EnvironmentAssets/PN_interactiveSpruceForest/Textures/MasterTextures/ModelTextures/Leaf_N.uasset" 4971
"C:/Users/whart/OneDrive/Documents/GitHub/Unreal-Engine-C-/Content/Assets/EnvironmentAssets/PN_interactiveSpruceForest/Textures/MasterTextures/ModelTextures/Leaf_N.uexp" 4972
"C:/Users/whart/OneDrive/Documents/GitHub/Unreal-Engine-C-/Content/Assets/EnvironmentAssets/PN_interactiveSpruceForest/Textures/MasterTextures/ModelTextures/Leaf_AOSM.ubulk" 4973
"C:/Users/whart/OneDrive/Documents/GitHub/Unreal-Engine-C-/Content/Assets/EnvironmentAssets/PN_interactiveSpruceForest/Textures/MasterTextures/ModelTextures/Leaf_AOSM.uasset" 4974
"C:/Users/whart/OneDrive/Documents/GitHub/Unreal-Engine-C-/Content/Assets/EnvironmentAssets/PN_interactiveSpruceForest/Textures/MasterTextures/ModelTextures/Leaf_AOSM.uexp" 4975
"C:/Users/whart/OneDrive/Documents/GitHub/Unreal-Engine-C-/Content/Assets/EnvironmentAssets/PN_interactiveSpruceForest/Textures/MasterTextures/ModelTextures/Branch_N.ubulk" 4976
"C:/Users/whart/OneDrive/Documents/GitHub/Unreal-Engine-C-/Content/Assets/EnvironmentAssets/PN_interactiveSpruceForest/Textures/MasterTextures/ModelTextures/Branch_N.uasset" 4977
"C:/Users/whart/OneDrive/Documents/GitHub/Unreal-Engine-C-/Content/Assets/EnvironmentAssets/PN_interactiveSpruceForest/Textures/MasterTextures/ModelTextures/Branch_N.uexp" 4978
"C:/Users/whart/OneDrive/Documents/GitHub/Unreal-Engine-C-/Content/Assets/EnvironmentAssets/PN_interactiveSpruceForest/Textures/MasterTextures/ModelTextures/Branch_AOSH.ubulk" 4979
"C:/Users/whart/OneDrive/Documents/GitHub/Unreal-Engine-C-/Content/Assets/EnvironmentAssets/PN_interactiveSpruceForest/Textures/MasterTextures/ModelTextures/Branch_AOSH.uasset" 4980
"C:/Users/whart/OneDrive/Documents/GitHub/Unreal-Engine-C-/Content/Assets/EnvironmentAssets/PN_interactiveSpruceForest/Textures/MasterTextures/ModelTextures/Branch_AOSH.uexp" 4981
"C:/Users/whart/OneDrive/Documents/GitHub/Unreal-Engine-C-/Content/Assets/EnvironmentAssets/PN_interactiveSpruceForest/Textures/MasterTextures/ModelTextures/Branch_A.ubulk" 4982
"C:/Users/whart/OneDrive/Documents/GitHub/Unreal-Engine-C-/Content/Assets/EnvironmentAssets/PN_interactiveSpruceForest/Textures/MasterTextures/ModelTextures/Branch_A.uasset" 4983
"C:/Users/whart/OneDrive/Documents/GitHub/Unreal-Engine-C-/Content/Assets/EnvironmentAssets/PN_interactiveSpruceForest/Textures/MasterTextures/ModelTextures/Branch_A.uexp" 4984
"C:/Users/whart/OneDrive/Documents/GitHub/Unreal-Engine-C-/Content/Assets/EnvironmentAssets/PN_interactiveSpruceForest/Textures/MasterTextures/ModelTextures/Bark_N.ubulk" 4985
"C:/Users/whart/OneDrive/Documents/GitHub/Unreal-Engine-C-/Content/Assets/EnvironmentAssets/PN_interactiveSpruceForest/Textures/MasterTextures/ModelTextures/Bark_N.uasset" 4986
"C:/Users/whart/OneDrive/Documents/GitHub/Unreal-Engine-C-/Content/Assets/EnvironmentAssets/PN_interactiveSpruceForest/Textures/MasterTextures/ModelTextures/Bark_N.uexp" 4987
"C:/Users/whart/OneDrive/Documents/GitHub/Unreal-Engine-C-/Content/Assets/EnvironmentAssets/PN_interactiveSpruceForest/Textures/MasterTextures/ModelTextures/Bark_A_.ubulk" 4988
"C:/Users/whart/OneDrive/Documents/GitHub/Unreal-Engine-C-/Content/Assets/EnvironmentAssets/PN_interactiveSpruceForest/Textures/MasterTextures/ModelTextures/Bark_A_.uasset" 4989
"C:/Users/whart/OneDrive/Documents/GitHub/Unreal-Engine-C-/Content/Assets/EnvironmentAssets/PN_interactiveSpruceForest/Textures/MasterTextures/ModelTextures/Bark_A_.uexp" 4990
"C:/Users/whart/OneDrive/Documents/GitHub/Unreal-Engine-C-/Content/Assets/EnvironmentAssets/PN_interactiveSpruceForest/Textures/MasterTextures/ModelTextures/Bark_AOSH.ubulk" 4991
"C:/Users/whart/OneDrive/Documents/GitHub/Unreal-Engine-C-/Content/Assets/EnvironmentAssets/PN_interactiveSpruceForest/Textures/MasterTextures/ModelTextures/Bark_AOSH.uasset" 4992
"C:/Users/whart/OneDrive/Documents/GitHub/Unreal-Engine-C-/Content/Assets/EnvironmentAssets/PN_interactiveSpruceForest/Textures/MasterTextures/ModelTextures/Bark_AOSH.uexp" 4993
"C:/Users/whart/OneDrive/Documents/GitHub/Unreal-Engine-C-/Content/Assets/EnvironmentAssets/PN_interactiveSpruceForest/Textures/MasterTextures/ModelTextures/Leaf_A_02.ubulk" 4994
"C:/Users/whart/OneDrive/Documents/GitHub/Unreal-Engine-C-/Content/Assets/EnvironmentAssets/PN_interactiveSpruceForest/Textures/MasterTextures/ModelTextures/Leaf_A_02.uasset" 4995
"C:/Users/whart/OneDrive/Documents/GitHub/Unreal-Engine-C-/Content/Assets/EnvironmentAssets/PN_interactiveSpruceForest/Textures/MasterTextures/ModelTextures/Leaf_A_02.uexp" 4996
"C:/Users/whart/OneDrive/Documents/GitHub/Unreal-Engine-C-/Content/Assets/EnvironmentAssets/PN_interactiveSpruceForest/Textures/MasterTextures/CoverTextures/Moss_N.ubulk" 4997
"C:/Users/whart/OneDrive/Documents/GitHub/Unreal-Engine-C-/Content/Assets/EnvironmentAssets/PN_interactiveSpruceForest/Textures/MasterTextures/CoverTextures/Moss_N.uasset" 4998
"C:/Users/whart/OneDrive/Documents/GitHub/Unreal-Engine-C-/Content/Assets/EnvironmentAssets/PN_interactiveSpruceForest/Textures/MasterTextures/CoverTextures/Moss_N.uexp" 4999
"C:/Users/whart/OneDrive/Documents/GitHub/Unreal-Engine-C-/Content/Assets/EnvironmentAssets/PN_interactiveSpruceForest/Textures/MasterTextures/CoverTextures/Moss_AOSH.ubulk" 5000
"C:/Users/whart/OneDrive/Documents/GitHub/Unreal-Engine-C-/Content/Assets/EnvironmentAssets/PN_interactiveSpruceForest/Textures/MasterTextures/CoverTextures/Moss_AOSH.uasset" 5001
"C:/Users/whart/OneDrive/Documents/GitHub/Unreal-Engine-C-/Content/Assets/EnvironmentAssets/PN_interactiveSpruceForest/Textures/MasterTextures/CoverTextures/Moss_AOSH.uexp" 5002
"C:/Users/whart/OneDrive/Documents/GitHub/Unreal-Engine-C-/Content/Assets/EnvironmentAssets/PN_interactiveSpruceForest/Textures/MasterTextures/CoverTextures/Moss_A.ubulk" 5003
"C:/Users/whart/OneDrive/Documents/GitHub/Unreal-Engine-C-/Content/Assets/EnvironmentAssets/PN_interactiveSpruceForest/Textures/MasterTextures/CoverTextures/Moss_A.uasset" 5004
"C:/Users/whart/OneDrive/Documents/GitHub/Unreal-Engine-C-/Content/Assets/EnvironmentAssets/PN_interactiveSpruceForest/Textures/MasterTextures/CoverTextures/Moss_A.uexp" 5005
"C:/Users/whart/OneDrive/Documents/GitHub/Unreal-Engine-C-/Content/Assets/EnvironmentAssets/PN_interactiveSpruceForest/Materials/MasterMaterials/MA_Summer.uasset" 5006
"C:/Users/whart/OneDrive/Documents/GitHub/Unreal-Engine-C-/Content/Assets/EnvironmentAssets/PN_interactiveSpruceForest/Materials/MasterMaterials/MA_Summer.uexp" 5007
"C:/Users/whart/OneDrive/Documents/GitHub/Unreal-Engine-C-/Content/Assets/EnvironmentAssets/PN_interactiveSpruceForest/Textures/PivotPainterTextures/full/low/spruce_full_01_low_PIV.uasset" 5008
"C:/Users/whart/OneDrive/Documents/GitHub/Unreal-Engine-C-/Content/Assets/EnvironmentAssets/PN_interactiveSpruceForest/Textures/PivotPainterTextures/full/low/spruce_full_01_low_PIV.uexp" 5009
"C:/Users/whart/OneDrive/Documents/GitHub/Unreal-Engine-C-/Content/Assets/EnvironmentAssets/PN_interactiveSpruceForest/Textures/PivotPainterTextures/full/low/spruce_full_01_low_VEC.uasset" 5010
"C:/Users/whart/OneDrive/Documents/GitHub/Unreal-Engine-C-/Content/Assets/EnvironmentAssets/PN_interactiveSpruceForest/Textures/PivotPainterTextures/full/low/spruce_full_01_low_VEC.uexp" 5011
"C:/Users/whart/OneDrive/Documents/GitHub/Unreal-Engine-C-/Content/Assets/EnvironmentAssets/PN_interactiveSpruceForest/Materials/MaterialInstances/full/low/spruce_full_01_low_MA.uasset" 5012
"C:/Users/whart/OneDrive/Documents/GitHub/Unreal-Engine-C-/Content/Assets/EnvironmentAssets/PN_interactiveSpruceForest/Materials/MaterialInstances/full/low/spruce_full_01_low_MA.uexp" 5013
"C:/Users/whart/OneDrive/Documents/GitHub/Unreal-Engine-C-/Content/Assets/EnvironmentAssets/PN_interactiveSpruceForest/Materials/MaterialInstances/full/low/spruce_full_01_low_branch.uasset" 5014
"C:/Users/whart/OneDrive/Documents/GitHub/Unreal-Engine-C-/Content/Assets/EnvironmentAssets/PN_interactiveSpruceForest/Materials/MaterialInstances/full/low/spruce_full_01_low_branch.uexp" 5015
"C:/Users/whart/OneDrive/Documents/GitHub/Unreal-Engine-C-/Content/Assets/EnvironmentAssets/PN_interactiveSpruceForest/Materials/MaterialInstances/full/low/spruce_full_01_low_leaf.uasset" 5016
"C:/Users/whart/OneDrive/Documents/GitHub/Unreal-Engine-C-/Content/Assets/EnvironmentAssets/PN_interactiveSpruceForest/Materials/MaterialInstances/full/low/spruce_full_01_low_leaf.uexp" 5017
"C:/Users/whart/OneDrive/Documents/GitHub/Unreal-Engine-C-/Content/Assets/EnvironmentAssets/PN_interactiveSpruceForest/Materials/MaterialInstances/full/low/spruce_full_01_low_trunk.uasset" 5018
"C:/Users/whart/OneDrive/Documents/GitHub/Unreal-Engine-C-/Content/Assets/EnvironmentAssets/PN_interactiveSpruceForest/Materials/MaterialInstances/full/low/spruce_full_01_low_trunk.uexp" 5019
"C:/Users/whart/OneDrive/Documents/GitHub/Unreal-Engine-C-/Content/Assets/EnvironmentAssets/PN_interactiveSpruceForest/Textures/Imposter/full_01_imposter_O.uasset" 5020
"C:/Users/whart/OneDrive/Documents/GitHub/Unreal-Engine-C-/Content/Assets/EnvironmentAssets/PN_interactiveSpruceForest/Textures/Imposter/full_01_imposter_O.uexp" 5021
"C:/Users/whart/OneDrive/Documents/GitHub/Unreal-Engine-C-/Content/Assets/EnvironmentAssets/PN_interactiveSpruceForest/Textures/Imposter/full_01_imposter_N.ubulk" 5022
"C:/Users/whart/OneDrive/Documents/GitHub/Unreal-Engine-C-/Content/Assets/EnvironmentAssets/PN_interactiveSpruceForest/Textures/Imposter/full_01_imposter_N.uasset" 5023
"C:/Users/whart/OneDrive/Documents/GitHub/Unreal-Engine-C-/Content/Assets/EnvironmentAssets/PN_interactiveSpruceForest/Textures/Imposter/full_01_imposter_N.uexp" 5024
"C:/Users/whart/OneDrive/Documents/GitHub/Unreal-Engine-C-/Content/Assets/EnvironmentAssets/PN_interactiveSpruceForest/Textures/Imposter/full_01_imposter_A_unlit.uasset" 5025
"C:/Users/whart/OneDrive/Documents/GitHub/Unreal-Engine-C-/Content/Assets/EnvironmentAssets/PN_interactiveSpruceForest/Textures/Imposter/full_01_imposter_A_unlit.uexp" 5026
"../../../Engine/Content/Functions/Engine_MaterialFunctions02/ExampleContent/Textures/flipbook.ubulk" 5027
"../../../Engine/Content/Functions/Engine_MaterialFunctions02/ExampleContent/Textures/flipbook.uasset" 5028
"../../../Engine/Content/Functions/Engine_MaterialFunctions02/ExampleContent/Textures/flipbook.uexp" 5029
"../../../Engine/Content/Functions/Engine_MaterialFunctions01/Texturing/ComputeMipLevel.uasset" 5030
"../../../Engine/Content/Functions/Engine_MaterialFunctions01/Texturing/ComputeMipLevel.uexp" 5031
"../../../Engine/Content/Functions/Engine_MaterialFunctions02/ExampleContent/Textures/DebugNumberPeriod.uasset" 5032
"../../../Engine/Content/Functions/Engine_MaterialFunctions02/ExampleContent/Textures/DebugNumberPeriod.uexp" 5033
"../../../Engine/Content/Functions/Engine_MaterialFunctions02/Utility/DebugScalarValues.uasset" 5034
"../../../Engine/Content/Functions/Engine_MaterialFunctions02/Utility/DebugScalarValues.uexp" 5035
"../../../Engine/Content/Functions/Engine_MaterialFunctions02/Utility/DebugFloat2Values.uasset" 5036
"../../../Engine/Content/Functions/Engine_MaterialFunctions02/Utility/DebugFloat2Values.uexp" 5037
"../../../Engine/Content/Functions/Engine_MaterialFunctions02/Texturing/FlipBook.uasset" 5038
"../../../Engine/Content/Functions/Engine_MaterialFunctions02/Texturing/FlipBook.uexp" 5039
"../../../Engine/Content/ArtTools/RenderToTexture/MaterialFunctions/ImposterUVs.uasset" 5040
"../../../Engine/Content/ArtTools/RenderToTexture/MaterialFunctions/ImposterUVs.uexp" 5041
"C:/Users/whart/OneDrive/Documents/GitHub/Unreal-Engine-C-/Content/Assets/EnvironmentAssets/PN_interactiveSpruceForest/Textures/MasterTextures/CoverTextures/Snow_A.ubulk" 5042
"C:/Users/whart/OneDrive/Documents/GitHub/Unreal-Engine-C-/Content/Assets/EnvironmentAssets/PN_interactiveSpruceForest/Textures/MasterTextures/CoverTextures/Snow_A.uasset" 5043
"C:/Users/whart/OneDrive/Documents/GitHub/Unreal-Engine-C-/Content/Assets/EnvironmentAssets/PN_interactiveSpruceForest/Textures/MasterTextures/CoverTextures/Snow_A.uexp" 5044
"C:/Users/whart/OneDrive/Documents/GitHub/Unreal-Engine-C-/Content/Assets/EnvironmentAssets/PN_interactiveSpruceForest/Materials/MasterMaterials/MA_Imposter.uasset" 5045
"C:/Users/whart/OneDrive/Documents/GitHub/Unreal-Engine-C-/Content/Assets/EnvironmentAssets/PN_interactiveSpruceForest/Materials/MasterMaterials/MA_Imposter.uexp" 5046
"C:/Users/whart/OneDrive/Documents/GitHub/Unreal-Engine-C-/Content/Assets/EnvironmentAssets/PN_interactiveSpruceForest/Textures/PivotPainterTextures/imposter/Imposter_VEC.uasset" 5047
"C:/Users/whart/OneDrive/Documents/GitHub/Unreal-Engine-C-/Content/Assets/EnvironmentAssets/PN_interactiveSpruceForest/Textures/PivotPainterTextures/imposter/Imposter_VEC.uexp" 5048
"C:/Users/whart/OneDrive/Documents/GitHub/Unreal-Engine-C-/Content/Assets/EnvironmentAssets/PN_interactiveSpruceForest/Textures/PivotPainterTextures/imposter/Imposter_PIV.uasset" 5049
"C:/Users/whart/OneDrive/Documents/GitHub/Unreal-Engine-C-/Content/Assets/EnvironmentAssets/PN_interactiveSpruceForest/Textures/PivotPainterTextures/imposter/Imposter_PIV.uexp" 5050
"C:/Users/whart/OneDrive/Documents/GitHub/Unreal-Engine-C-/Content/Assets/EnvironmentAssets/PN_interactiveSpruceForest/Materials/MaterialInstances/imposter/low/full_01_imposter.uasset" 5051
"C:/Users/whart/OneDrive/Documents/GitHub/Unreal-Engine-C-/Content/Assets/EnvironmentAssets/PN_interactiveSpruceForest/Materials/MaterialInstances/imposter/low/full_01_imposter.uexp" 5052
"C:/Users/whart/OneDrive/Documents/GitHub/Unreal-Engine-C-/Content/Assets/EnvironmentAssets/PN_interactiveSpruceForest/Meshes/full/low/spruce_full_01_low.uasset" 5053
"C:/Users/whart/OneDrive/Documents/GitHub/Unreal-Engine-C-/Content/Assets/EnvironmentAssets/PN_interactiveSpruceForest/Meshes/full/low/spruce_full_01_low.uexp" 5054
"C:/Users/whart/OneDrive/Documents/GitHub/Unreal-Engine-C-/Content/Assets/EnvironmentAssets/PN_interactiveSpruceForest/Textures/PivotPainterTextures/full/low/spruce_full_02_low_PIV.uasset" 5055
"C:/Users/whart/OneDrive/Documents/GitHub/Unreal-Engine-C-/Content/Assets/EnvironmentAssets/PN_interactiveSpruceForest/Textures/PivotPainterTextures/full/low/spruce_full_02_low_PIV.uexp" 5056
"C:/Users/whart/OneDrive/Documents/GitHub/Unreal-Engine-C-/Content/Assets/EnvironmentAssets/PN_interactiveSpruceForest/Textures/PivotPainterTextures/full/low/spruce_full_02_low_VEC.uasset" 5057
"C:/Users/whart/OneDrive/Documents/GitHub/Unreal-Engine-C-/Content/Assets/EnvironmentAssets/PN_interactiveSpruceForest/Textures/PivotPainterTextures/full/low/spruce_full_02_low_VEC.uexp" 5058
"C:/Users/whart/OneDrive/Documents/GitHub/Unreal-Engine-C-/Content/Assets/EnvironmentAssets/PN_interactiveSpruceForest/Materials/MaterialInstances/full/low/spruce_full_02_low_MA.uasset" 5059
"C:/Users/whart/OneDrive/Documents/GitHub/Unreal-Engine-C-/Content/Assets/EnvironmentAssets/PN_interactiveSpruceForest/Materials/MaterialInstances/full/low/spruce_full_02_low_MA.uexp" 5060
"C:/Users/whart/OneDrive/Documents/GitHub/Unreal-Engine-C-/Content/Assets/EnvironmentAssets/PN_interactiveSpruceForest/Materials/MaterialInstances/full/low/spruce_full_02_low_branch.uasset" 5061
"C:/Users/whart/OneDrive/Documents/GitHub/Unreal-Engine-C-/Content/Assets/EnvironmentAssets/PN_interactiveSpruceForest/Materials/MaterialInstances/full/low/spruce_full_02_low_branch.uexp" 5062
"C:/Users/whart/OneDrive/Documents/GitHub/Unreal-Engine-C-/Content/Assets/EnvironmentAssets/PN_interactiveSpruceForest/Materials/MaterialInstances/full/low/spruce_full_02_low_leaf.uasset" 5063
"C:/Users/whart/OneDrive/Documents/GitHub/Unreal-Engine-C-/Content/Assets/EnvironmentAssets/PN_interactiveSpruceForest/Materials/MaterialInstances/full/low/spruce_full_02_low_leaf.uexp" 5064
"C:/Users/whart/OneDrive/Documents/GitHub/Unreal-Engine-C-/Content/Assets/EnvironmentAssets/PN_interactiveSpruceForest/Materials/MaterialInstances/full/low/spruce_full_02_low_trunk.uasset" 5065
"C:/Users/whart/OneDrive/Documents/GitHub/Unreal-Engine-C-/Content/Assets/EnvironmentAssets/PN_interactiveSpruceForest/Materials/MaterialInstances/full/low/spruce_full_02_low_trunk.uexp" 5066
"C:/Users/whart/OneDrive/Documents/GitHub/Unreal-Engine-C-/Content/Assets/EnvironmentAssets/PN_interactiveSpruceForest/Textures/Imposter/full_02_imposter_O.uasset" 5067
"C:/Users/whart/OneDrive/Documents/GitHub/Unreal-Engine-C-/Content/Assets/EnvironmentAssets/PN_interactiveSpruceForest/Textures/Imposter/full_02_imposter_O.uexp" 5068
"C:/Users/whart/OneDrive/Documents/GitHub/Unreal-Engine-C-/Content/Assets/EnvironmentAssets/PN_interactiveSpruceForest/Textures/Imposter/full_02_imposter_N.ubulk" 5069
"C:/Users/whart/OneDrive/Documents/GitHub/Unreal-Engine-C-/Content/Assets/EnvironmentAssets/PN_interactiveSpruceForest/Textures/Imposter/full_02_imposter_N.uasset" 5070
"C:/Users/whart/OneDrive/Documents/GitHub/Unreal-Engine-C-/Content/Assets/EnvironmentAssets/PN_interactiveSpruceForest/Textures/Imposter/full_02_imposter_N.uexp" 5071
"C:/Users/whart/OneDrive/Documents/GitHub/Unreal-Engine-C-/Content/Assets/EnvironmentAssets/PN_interactiveSpruceForest/Textures/Imposter/full_02_imposter_A_unlit.uasset" 5072
"C:/Users/whart/OneDrive/Documents/GitHub/Unreal-Engine-C-/Content/Assets/EnvironmentAssets/PN_interactiveSpruceForest/Textures/Imposter/full_02_imposter_A_unlit.uexp" 5073
"C:/Users/whart/OneDrive/Documents/GitHub/Unreal-Engine-C-/Content/Assets/EnvironmentAssets/PN_interactiveSpruceForest/Materials/MaterialInstances/imposter/low/full_02_imposter.uasset" 5074
"C:/Users/whart/OneDrive/Documents/GitHub/Unreal-Engine-C-/Content/Assets/EnvironmentAssets/PN_interactiveSpruceForest/Materials/MaterialInstances/imposter/low/full_02_imposter.uexp" 5075
"C:/Users/whart/OneDrive/Documents/GitHub/Unreal-Engine-C-/Content/Assets/EnvironmentAssets/PN_interactiveSpruceForest/Meshes/full/low/spruce_full_02_low.uasset" 5076
"C:/Users/whart/OneDrive/Documents/GitHub/Unreal-Engine-C-/Content/Assets/EnvironmentAssets/PN_interactiveSpruceForest/Meshes/full/low/spruce_full_02_low.uexp" 5077
"C:/Users/whart/OneDrive/Documents/GitHub/Unreal-Engine-C-/Content/Assets/EnvironmentAssets/PN_interactiveSpruceForest/Textures/PivotPainterTextures/full/low/spruce_full_03_low_VEC.uasset" 5078
"C:/Users/whart/OneDrive/Documents/GitHub/Unreal-Engine-C-/Content/Assets/EnvironmentAssets/PN_interactiveSpruceForest/Textures/PivotPainterTextures/full/low/spruce_full_03_low_VEC.uexp" 5079
"C:/Users/whart/OneDrive/Documents/GitHub/Unreal-Engine-C-/Content/Assets/EnvironmentAssets/PN_interactiveSpruceForest/Textures/PivotPainterTextures/full/low/spruce_full_03_low_PIV.uasset" 5080
"C:/Users/whart/OneDrive/Documents/GitHub/Unreal-Engine-C-/Content/Assets/EnvironmentAssets/PN_interactiveSpruceForest/Textures/PivotPainterTextures/full/low/spruce_full_03_low_PIV.uexp" 5081
"C:/Users/whart/OneDrive/Documents/GitHub/Unreal-Engine-C-/Content/Assets/EnvironmentAssets/PN_interactiveSpruceForest/Materials/MaterialInstances/full/low/spruce_full_03_low_MA.uasset" 5082
"C:/Users/whart/OneDrive/Documents/GitHub/Unreal-Engine-C-/Content/Assets/EnvironmentAssets/PN_interactiveSpruceForest/Materials/MaterialInstances/full/low/spruce_full_03_low_MA.uexp" 5083
"C:/Users/whart/OneDrive/Documents/GitHub/Unreal-Engine-C-/Content/Assets/EnvironmentAssets/PN_interactiveSpruceForest/Materials/MaterialInstances/full/low/spruce_full_03_low_branch.uasset" 5084
"C:/Users/whart/OneDrive/Documents/GitHub/Unreal-Engine-C-/Content/Assets/EnvironmentAssets/PN_interactiveSpruceForest/Materials/MaterialInstances/full/low/spruce_full_03_low_branch.uexp" 5085
"C:/Users/whart/OneDrive/Documents/GitHub/Unreal-Engine-C-/Content/Assets/EnvironmentAssets/PN_interactiveSpruceForest/Materials/MaterialInstances/full/low/spruce_full_03_low_leaf.uasset" 5086
"C:/Users/whart/OneDrive/Documents/GitHub/Unreal-Engine-C-/Content/Assets/EnvironmentAssets/PN_interactiveSpruceForest/Materials/MaterialInstances/full/low/spruce_full_03_low_leaf.uexp" 5087
"C:/Users/whart/OneDrive/Documents/GitHub/Unreal-Engine-C-/Content/Assets/EnvironmentAssets/PN_interactiveSpruceForest/Materials/MaterialInstances/full/low/spruce_full_03_low_trunk.uasset" 5088
"C:/Users/whart/OneDrive/Documents/GitHub/Unreal-Engine-C-/Content/Assets/EnvironmentAssets/PN_interactiveSpruceForest/Materials/MaterialInstances/full/low/spruce_full_03_low_trunk.uexp" 5089
"C:/Users/whart/OneDrive/Documents/GitHub/Unreal-Engine-C-/Content/Assets/EnvironmentAssets/PN_interactiveSpruceForest/Textures/Imposter/full_03_imposter_O.uasset" 5090
"C:/Users/whart/OneDrive/Documents/GitHub/Unreal-Engine-C-/Content/Assets/EnvironmentAssets/PN_interactiveSpruceForest/Textures/Imposter/full_03_imposter_O.uexp" 5091
"C:/Users/whart/OneDrive/Documents/GitHub/Unreal-Engine-C-/Content/Assets/EnvironmentAssets/PN_interactiveSpruceForest/Textures/Imposter/full_03_imposter_N.ubulk" 5092
"C:/Users/whart/OneDrive/Documents/GitHub/Unreal-Engine-C-/Content/Assets/EnvironmentAssets/PN_interactiveSpruceForest/Textures/Imposter/full_03_imposter_N.uasset" 5093
"C:/Users/whart/OneDrive/Documents/GitHub/Unreal-Engine-C-/Content/Assets/EnvironmentAssets/PN_interactiveSpruceForest/Textures/Imposter/full_03_imposter_N.uexp" 5094
"C:/Users/whart/OneDrive/Documents/GitHub/Unreal-Engine-C-/Content/Assets/EnvironmentAssets/PN_interactiveSpruceForest/Textures/Imposter/full_03_imposter_A_unlit.uasset" 5095
"C:/Users/whart/OneDrive/Documents/GitHub/Unreal-Engine-C-/Content/Assets/EnvironmentAssets/PN_interactiveSpruceForest/Textures/Imposter/full_03_imposter_A_unlit.uexp" 5096
"C:/Users/whart/OneDrive/Documents/GitHub/Unreal-Engine-C-/Content/Assets/EnvironmentAssets/PN_interactiveSpruceForest/Materials/MaterialInstances/imposter/low/full_03_imposter.uasset" 5097
"C:/Users/whart/OneDrive/Documents/GitHub/Unreal-Engine-C-/Content/Assets/EnvironmentAssets/PN_interactiveSpruceForest/Materials/MaterialInstances/imposter/low/full_03_imposter.uexp" 5098
"C:/Users/whart/OneDrive/Documents/GitHub/Unreal-Engine-C-/Content/Assets/EnvironmentAssets/PN_interactiveSpruceForest/Meshes/full/low/spruce_full_03_low.uasset" 5099
"C:/Users/whart/OneDrive/Documents/GitHub/Unreal-Engine-C-/Content/Assets/EnvironmentAssets/PN_interactiveSpruceForest/Meshes/full/low/spruce_full_03_low.uexp" 5100
"C:/Users/whart/OneDrive/Documents/GitHub/Unreal-Engine-C-/Content/Assets/EnvironmentAssets/PN_interactiveSpruceForest/Textures/PivotPainterTextures/half/low/spruce_half_01_low_PIV.uasset" 5101
"C:/Users/whart/OneDrive/Documents/GitHub/Unreal-Engine-C-/Content/Assets/EnvironmentAssets/PN_interactiveSpruceForest/Textures/PivotPainterTextures/half/low/spruce_half_01_low_PIV.uexp" 5102
"C:/Users/whart/OneDrive/Documents/GitHub/Unreal-Engine-C-/Content/Assets/EnvironmentAssets/PN_interactiveSpruceForest/Textures/PivotPainterTextures/half/low/spruce_half_01_low_VEC.uasset" 5103
"C:/Users/whart/OneDrive/Documents/GitHub/Unreal-Engine-C-/Content/Assets/EnvironmentAssets/PN_interactiveSpruceForest/Textures/PivotPainterTextures/half/low/spruce_half_01_low_VEC.uexp" 5104
"C:/Users/whart/OneDrive/Documents/GitHub/Unreal-Engine-C-/Content/Assets/EnvironmentAssets/PN_interactiveSpruceForest/Materials/MaterialInstances/half/low/spruce_half_01_low_MA.uasset" 5105
"C:/Users/whart/OneDrive/Documents/GitHub/Unreal-Engine-C-/Content/Assets/EnvironmentAssets/PN_interactiveSpruceForest/Materials/MaterialInstances/half/low/spruce_half_01_low_MA.uexp" 5106
"C:/Users/whart/OneDrive/Documents/GitHub/Unreal-Engine-C-/Content/Assets/EnvironmentAssets/PN_interactiveSpruceForest/Materials/MaterialInstances/half/low/spruce_half_01_low_branch.uasset" 5107
"C:/Users/whart/OneDrive/Documents/GitHub/Unreal-Engine-C-/Content/Assets/EnvironmentAssets/PN_interactiveSpruceForest/Materials/MaterialInstances/half/low/spruce_half_01_low_branch.uexp" 5108
"C:/Users/whart/OneDrive/Documents/GitHub/Unreal-Engine-C-/Content/Assets/EnvironmentAssets/PN_interactiveSpruceForest/Materials/MaterialInstances/half/low/spruce_half_01_low_leaf.uasset" 5109
"C:/Users/whart/OneDrive/Documents/GitHub/Unreal-Engine-C-/Content/Assets/EnvironmentAssets/PN_interactiveSpruceForest/Materials/MaterialInstances/half/low/spruce_half_01_low_leaf.uexp" 5110
"C:/Users/whart/OneDrive/Documents/GitHub/Unreal-Engine-C-/Content/Assets/EnvironmentAssets/PN_interactiveSpruceForest/Materials/MaterialInstances/half/low/spruce_half_01_low_trunk.uasset" 5111
"C:/Users/whart/OneDrive/Documents/GitHub/Unreal-Engine-C-/Content/Assets/EnvironmentAssets/PN_interactiveSpruceForest/Materials/MaterialInstances/half/low/spruce_half_01_low_trunk.uexp" 5112
"C:/Users/whart/OneDrive/Documents/GitHub/Unreal-Engine-C-/Content/Assets/EnvironmentAssets/PN_interactiveSpruceForest/Textures/Imposter/half_01_imposter_O.uasset" 5113
"C:/Users/whart/OneDrive/Documents/GitHub/Unreal-Engine-C-/Content/Assets/EnvironmentAssets/PN_interactiveSpruceForest/Textures/Imposter/half_01_imposter_O.uexp" 5114
"C:/Users/whart/OneDrive/Documents/GitHub/Unreal-Engine-C-/Content/Assets/EnvironmentAssets/PN_interactiveSpruceForest/Textures/Imposter/half_01_imposter_N.uasset" 5115
"C:/Users/whart/OneDrive/Documents/GitHub/Unreal-Engine-C-/Content/Assets/EnvironmentAssets/PN_interactiveSpruceForest/Textures/Imposter/half_01_imposter_N.uexp" 5116
"C:/Users/whart/OneDrive/Documents/GitHub/Unreal-Engine-C-/Content/Assets/EnvironmentAssets/PN_interactiveSpruceForest/Textures/Imposter/half_01_imposter_A.uasset" 5117
"C:/Users/whart/OneDrive/Documents/GitHub/Unreal-Engine-C-/Content/Assets/EnvironmentAssets/PN_interactiveSpruceForest/Textures/Imposter/half_01_imposter_A.uexp" 5118
"C:/Users/whart/OneDrive/Documents/GitHub/Unreal-Engine-C-/Content/Assets/EnvironmentAssets/PN_interactiveSpruceForest/Materials/MaterialInstances/imposter/low/half_01_imposter.uasset" 5119
"C:/Users/whart/OneDrive/Documents/GitHub/Unreal-Engine-C-/Content/Assets/EnvironmentAssets/PN_interactiveSpruceForest/Materials/MaterialInstances/imposter/low/half_01_imposter.uexp" 5120
"C:/Users/whart/OneDrive/Documents/GitHub/Unreal-Engine-C-/Content/Assets/EnvironmentAssets/PN_interactiveSpruceForest/Meshes/half/low/spruce_half_01_low.uasset" 5121
"C:/Users/whart/OneDrive/Documents/GitHub/Unreal-Engine-C-/Content/Assets/EnvironmentAssets/PN_interactiveSpruceForest/Meshes/half/low/spruce_half_01_low.uexp" 5122
"C:/Users/whart/OneDrive/Documents/GitHub/Unreal-Engine-C-/Content/Assets/EnvironmentAssets/PN_interactiveSpruceForest/Textures/PivotPainterTextures/half/low/spruce_half_02_low_PIV.uasset" 5123
"C:/Users/whart/OneDrive/Documents/GitHub/Unreal-Engine-C-/Content/Assets/EnvironmentAssets/PN_interactiveSpruceForest/Textures/PivotPainterTextures/half/low/spruce_half_02_low_PIV.uexp" 5124
"C:/Users/whart/OneDrive/Documents/GitHub/Unreal-Engine-C-/Content/Assets/EnvironmentAssets/PN_interactiveSpruceForest/Textures/PivotPainterTextures/half/low/spruce_half_02_low_VEC.uasset" 5125
"C:/Users/whart/OneDrive/Documents/GitHub/Unreal-Engine-C-/Content/Assets/EnvironmentAssets/PN_interactiveSpruceForest/Textures/PivotPainterTextures/half/low/spruce_half_02_low_VEC.uexp" 5126
"C:/Users/whart/OneDrive/Documents/GitHub/Unreal-Engine-C-/Content/Assets/EnvironmentAssets/PN_interactiveSpruceForest/Materials/MaterialInstances/half/low/spruce_half_02_low_MA.uasset" 5127
"C:/Users/whart/OneDrive/Documents/GitHub/Unreal-Engine-C-/Content/Assets/EnvironmentAssets/PN_interactiveSpruceForest/Materials/MaterialInstances/half/low/spruce_half_02_low_MA.uexp" 5128
"C:/Users/whart/OneDrive/Documents/GitHub/Unreal-Engine-C-/Content/Assets/EnvironmentAssets/PN_interactiveSpruceForest/Materials/MaterialInstances/half/low/spruce_half_02_low_branch.uasset" 5129
"C:/Users/whart/OneDrive/Documents/GitHub/Unreal-Engine-C-/Content/Assets/EnvironmentAssets/PN_interactiveSpruceForest/Materials/MaterialInstances/half/low/spruce_half_02_low_branch.uexp" 5130
"C:/Users/whart/OneDrive/Documents/GitHub/Unreal-Engine-C-/Content/Assets/EnvironmentAssets/PN_interactiveSpruceForest/Materials/MaterialInstances/half/low/spruce_half_02_low_leaf.uasset" 5131
"C:/Users/whart/OneDrive/Documents/GitHub/Unreal-Engine-C-/Content/Assets/EnvironmentAssets/PN_interactiveSpruceForest/Materials/MaterialInstances/half/low/spruce_half_02_low_leaf.uexp" 5132
"C:/Users/whart/OneDrive/Documents/GitHub/Unreal-Engine-C-/Content/Assets/EnvironmentAssets/PN_interactiveSpruceForest/Materials/MaterialInstances/half/low/spruce_half_02_low_trunk.uasset" 5133
"C:/Users/whart/OneDrive/Documents/GitHub/Unreal-Engine-C-/Content/Assets/EnvironmentAssets/PN_interactiveSpruceForest/Materials/MaterialInstances/half/low/spruce_half_02_low_trunk.uexp" 5134
"C:/Users/whart/OneDrive/Documents/GitHub/Unreal-Engine-C-/Content/Assets/EnvironmentAssets/PN_interactiveSpruceForest/Textures/Imposter/half_02_imposter_O.uasset" 5135
"C:/Users/whart/OneDrive/Documents/GitHub/Unreal-Engine-C-/Content/Assets/EnvironmentAssets/PN_interactiveSpruceForest/Textures/Imposter/half_02_imposter_O.uexp" 5136
"C:/Users/whart/OneDrive/Documents/GitHub/Unreal-Engine-C-/Content/Assets/EnvironmentAssets/PN_interactiveSpruceForest/Textures/Imposter/half_02_imposter_N.ubulk" 5137
"C:/Users/whart/OneDrive/Documents/GitHub/Unreal-Engine-C-/Content/Assets/EnvironmentAssets/PN_interactiveSpruceForest/Textures/Imposter/half_02_imposter_N.uasset" 5138
"C:/Users/whart/OneDrive/Documents/GitHub/Unreal-Engine-C-/Content/Assets/EnvironmentAssets/PN_interactiveSpruceForest/Textures/Imposter/half_02_imposter_N.uexp" 5139
"C:/Users/whart/OneDrive/Documents/GitHub/Unreal-Engine-C-/Content/Assets/EnvironmentAssets/PN_interactiveSpruceForest/Textures/Imposter/half_02_imposter_A.ubulk" 5140
"C:/Users/whart/OneDrive/Documents/GitHub/Unreal-Engine-C-/Content/Assets/EnvironmentAssets/PN_interactiveSpruceForest/Textures/Imposter/half_02_imposter_A.uasset" 5141
"C:/Users/whart/OneDrive/Documents/GitHub/Unreal-Engine-C-/Content/Assets/EnvironmentAssets/PN_interactiveSpruceForest/Textures/Imposter/half_02_imposter_A.uexp" 5142
"C:/Users/whart/OneDrive/Documents/GitHub/Unreal-Engine-C-/Content/Assets/EnvironmentAssets/PN_interactiveSpruceForest/Materials/MaterialInstances/imposter/low/half_02_imposter.uasset" 5143
"C:/Users/whart/OneDrive/Documents/GitHub/Unreal-Engine-C-/Content/Assets/EnvironmentAssets/PN_interactiveSpruceForest/Materials/MaterialInstances/imposter/low/half_02_imposter.uexp" 5144
"C:/Users/whart/OneDrive/Documents/GitHub/Unreal-Engine-C-/Content/Assets/EnvironmentAssets/PN_interactiveSpruceForest/Meshes/half/low/spruce_half_02_low.uasset" 5145
"C:/Users/whart/OneDrive/Documents/GitHub/Unreal-Engine-C-/Content/Assets/EnvironmentAssets/PN_interactiveSpruceForest/Meshes/half/low/spruce_half_02_low.uexp" 5146
"C:/Users/whart/OneDrive/Documents/GitHub/Unreal-Engine-C-/Content/Assets/EnvironmentAssets/PN_interactiveSpruceForest/Textures/PivotPainterTextures/half/low/spruce_half_03_low_PIV.uasset" 5147
"C:/Users/whart/OneDrive/Documents/GitHub/Unreal-Engine-C-/Content/Assets/EnvironmentAssets/PN_interactiveSpruceForest/Textures/PivotPainterTextures/half/low/spruce_half_03_low_PIV.uexp" 5148
"C:/Users/whart/OneDrive/Documents/GitHub/Unreal-Engine-C-/Content/Assets/EnvironmentAssets/PN_interactiveSpruceForest/Textures/PivotPainterTextures/half/low/spruce_half_03_low_VEC.uasset" 5149
"C:/Users/whart/OneDrive/Documents/GitHub/Unreal-Engine-C-/Content/Assets/EnvironmentAssets/PN_interactiveSpruceForest/Textures/PivotPainterTextures/half/low/spruce_half_03_low_VEC.uexp" 5150
"C:/Users/whart/OneDrive/Documents/GitHub/Unreal-Engine-C-/Content/Assets/EnvironmentAssets/PN_interactiveSpruceForest/Materials/MaterialInstances/half/low/spruce_half_03_low_MA.uasset" 5151
"C:/Users/whart/OneDrive/Documents/GitHub/Unreal-Engine-C-/Content/Assets/EnvironmentAssets/PN_interactiveSpruceForest/Materials/MaterialInstances/half/low/spruce_half_03_low_MA.uexp" 5152
"C:/Users/whart/OneDrive/Documents/GitHub/Unreal-Engine-C-/Content/Assets/EnvironmentAssets/PN_interactiveSpruceForest/Materials/MaterialInstances/half/low/spruce_half_03_low_branch.uasset" 5153
"C:/Users/whart/OneDrive/Documents/GitHub/Unreal-Engine-C-/Content/Assets/EnvironmentAssets/PN_interactiveSpruceForest/Materials/MaterialInstances/half/low/spruce_half_03_low_branch.uexp" 5154
"C:/Users/whart/OneDrive/Documents/GitHub/Unreal-Engine-C-/Content/Assets/EnvironmentAssets/PN_interactiveSpruceForest/Materials/MaterialInstances/half/low/spruce_half_03_low_leaf.uasset" 5155
"C:/Users/whart/OneDrive/Documents/GitHub/Unreal-Engine-C-/Content/Assets/EnvironmentAssets/PN_interactiveSpruceForest/Materials/MaterialInstances/half/low/spruce_half_03_low_leaf.uexp" 5156
"C:/Users/whart/OneDrive/Documents/GitHub/Unreal-Engine-C-/Content/Assets/EnvironmentAssets/PN_interactiveSpruceForest/Materials/MaterialInstances/half/low/spruce_half_03_low_trunk.uasset" 5157
"C:/Users/whart/OneDrive/Documents/GitHub/Unreal-Engine-C-/Content/Assets/EnvironmentAssets/PN_interactiveSpruceForest/Materials/MaterialInstances/half/low/spruce_half_03_low_trunk.uexp" 5158
"C:/Users/whart/OneDrive/Documents/GitHub/Unreal-Engine-C-/Content/Assets/EnvironmentAssets/PN_interactiveSpruceForest/Textures/Imposter/half_03_imposter_O.uasset" 5159
"C:/Users/whart/OneDrive/Documents/GitHub/Unreal-Engine-C-/Content/Assets/EnvironmentAssets/PN_interactiveSpruceForest/Textures/Imposter/half_03_imposter_O.uexp" 5160
"C:/Users/whart/OneDrive/Documents/GitHub/Unreal-Engine-C-/Content/Assets/EnvironmentAssets/PN_interactiveSpruceForest/Textures/Imposter/half_03_imposter_N.uasset" 5161
"C:/Users/whart/OneDrive/Documents/GitHub/Unreal-Engine-C-/Content/Assets/EnvironmentAssets/PN_interactiveSpruceForest/Textures/Imposter/half_03_imposter_N.uexp" 5162
"C:/Users/whart/OneDrive/Documents/GitHub/Unreal-Engine-C-/Content/Assets/EnvironmentAssets/PN_interactiveSpruceForest/Textures/Imposter/half_03_imposter_A.uasset" 5163
"C:/Users/whart/OneDrive/Documents/GitHub/Unreal-Engine-C-/Content/Assets/EnvironmentAssets/PN_interactiveSpruceForest/Textures/Imposter/half_03_imposter_A.uexp" 5164
"C:/Users/whart/OneDrive/Documents/GitHub/Unreal-Engine-C-/Content/Assets/EnvironmentAssets/PN_interactiveSpruceForest/Materials/MaterialInstances/imposter/low/half_03_imposter.uasset" 5165
"C:/Users/whart/OneDrive/Documents/GitHub/Unreal-Engine-C-/Content/Assets/EnvironmentAssets/PN_interactiveSpruceForest/Materials/MaterialInstances/imposter/low/half_03_imposter.uexp" 5166
"C:/Users/whart/OneDrive/Documents/GitHub/Unreal-Engine-C-/Content/Assets/EnvironmentAssets/PN_interactiveSpruceForest/Meshes/half/low/spruce_half_03_low.uasset" 5167
"C:/Users/whart/OneDrive/Documents/GitHub/Unreal-Engine-C-/Content/Assets/EnvironmentAssets/PN_interactiveSpruceForest/Meshes/half/low/spruce_half_03_low.uexp" 5168
"C:/Users/whart/OneDrive/Documents/GitHub/Unreal-Engine-C-/Content/M4/Maps/PaintWeights/Island_Demo_sharedassets/Auto_LayerInfo.uasset" 5169
"C:/Users/whart/OneDrive/Documents/GitHub/Unreal-Engine-C-/Content/M4/Maps/PaintWeights/Island_Demo_sharedassets/Auto_LayerInfo.uexp" 5170
"C:/Users/whart/OneDrive/Documents/GitHub/Unreal-Engine-C-/Content/Assets/EnvironmentAssets/PN_interactiveSpruceForest/Textures/PivotPainterTextures/half/low/spruce_half_04_low_VEC.uasset" 5171
"C:/Users/whart/OneDrive/Documents/GitHub/Unreal-Engine-C-/Content/Assets/EnvironmentAssets/PN_interactiveSpruceForest/Textures/PivotPainterTextures/half/low/spruce_half_04_low_VEC.uexp" 5172
"C:/Users/whart/OneDrive/Documents/GitHub/Unreal-Engine-C-/Content/Assets/EnvironmentAssets/PN_interactiveSpruceForest/Textures/PivotPainterTextures/half/low/spruce_half_04_low_PIV.uasset" 5173
"C:/Users/whart/OneDrive/Documents/GitHub/Unreal-Engine-C-/Content/Assets/EnvironmentAssets/PN_interactiveSpruceForest/Textures/PivotPainterTextures/half/low/spruce_half_04_low_PIV.uexp" 5174
"C:/Users/whart/OneDrive/Documents/GitHub/Unreal-Engine-C-/Content/Assets/EnvironmentAssets/PN_interactiveSpruceForest/Materials/MaterialInstances/half/low/spruce_half_04_low_MA.uasset" 5175
"C:/Users/whart/OneDrive/Documents/GitHub/Unreal-Engine-C-/Content/Assets/EnvironmentAssets/PN_interactiveSpruceForest/Materials/MaterialInstances/half/low/spruce_half_04_low_MA.uexp" 5176
"C:/Users/whart/OneDrive/Documents/GitHub/Unreal-Engine-C-/Content/Assets/EnvironmentAssets/PN_interactiveSpruceForest/Materials/MaterialInstances/half/low/spruce_half_04_low_branch.uasset" 5177
"C:/Users/whart/OneDrive/Documents/GitHub/Unreal-Engine-C-/Content/Assets/EnvironmentAssets/PN_interactiveSpruceForest/Materials/MaterialInstances/half/low/spruce_half_04_low_branch.uexp" 5178
"C:/Users/whart/OneDrive/Documents/GitHub/Unreal-Engine-C-/Content/Assets/EnvironmentAssets/PN_interactiveSpruceForest/Materials/MaterialInstances/half/low/spruce_half_04_low_leaf.uasset" 5179
"C:/Users/whart/OneDrive/Documents/GitHub/Unreal-Engine-C-/Content/Assets/EnvironmentAssets/PN_interactiveSpruceForest/Materials/MaterialInstances/half/low/spruce_half_04_low_leaf.uexp" 5180
"C:/Users/whart/OneDrive/Documents/GitHub/Unreal-Engine-C-/Content/Assets/EnvironmentAssets/PN_interactiveSpruceForest/Materials/MaterialInstances/half/low/spruce_half_04_low_trunk.uasset" 5181
"C:/Users/whart/OneDrive/Documents/GitHub/Unreal-Engine-C-/Content/Assets/EnvironmentAssets/PN_interactiveSpruceForest/Materials/MaterialInstances/half/low/spruce_half_04_low_trunk.uexp" 5182
"C:/Users/whart/OneDrive/Documents/GitHub/Unreal-Engine-C-/Content/Assets/EnvironmentAssets/PN_interactiveSpruceForest/Textures/Imposter/half_04_imposter_O.uasset" 5183
"C:/Users/whart/OneDrive/Documents/GitHub/Unreal-Engine-C-/Content/Assets/EnvironmentAssets/PN_interactiveSpruceForest/Textures/Imposter/half_04_imposter_O.uexp" 5184
"C:/Users/whart/OneDrive/Documents/GitHub/Unreal-Engine-C-/Content/Assets/EnvironmentAssets/PN_interactiveSpruceForest/Textures/Imposter/half_04_imposter_N.ubulk" 5185
"C:/Users/whart/OneDrive/Documents/GitHub/Unreal-Engine-C-/Content/Assets/EnvironmentAssets/PN_interactiveSpruceForest/Textures/Imposter/half_04_imposter_N.uasset" 5186
"C:/Users/whart/OneDrive/Documents/GitHub/Unreal-Engine-C-/Content/Assets/EnvironmentAssets/PN_interactiveSpruceForest/Textures/Imposter/half_04_imposter_N.uexp" 5187
"C:/Users/whart/OneDrive/Documents/GitHub/Unreal-Engine-C-/Content/Assets/EnvironmentAssets/PN_interactiveSpruceForest/Textures/Imposter/half_04_imposter_A.ubulk" 5188
"C:/Users/whart/OneDrive/Documents/GitHub/Unreal-Engine-C-/Content/Assets/EnvironmentAssets/PN_interactiveSpruceForest/Textures/Imposter/half_04_imposter_A.uasset" 5189
"C:/Users/whart/OneDrive/Documents/GitHub/Unreal-Engine-C-/Content/Assets/EnvironmentAssets/PN_interactiveSpruceForest/Textures/Imposter/half_04_imposter_A.uexp" 5190
"C:/Users/whart/OneDrive/Documents/GitHub/Unreal-Engine-C-/Content/Assets/EnvironmentAssets/PN_interactiveSpruceForest/Materials/MaterialInstances/imposter/low/half_04_imposter.uasset" 5191
"C:/Users/whart/OneDrive/Documents/GitHub/Unreal-Engine-C-/Content/Assets/EnvironmentAssets/PN_interactiveSpruceForest/Materials/MaterialInstances/imposter/low/half_04_imposter.uexp" 5192
"C:/Users/whart/OneDrive/Documents/GitHub/Unreal-Engine-C-/Content/Assets/EnvironmentAssets/PN_interactiveSpruceForest/Meshes/half/low/spruce_half_04_low.uasset" 5193
"C:/Users/whart/OneDrive/Documents/GitHub/Unreal-Engine-C-/Content/Assets/EnvironmentAssets/PN_interactiveSpruceForest/Meshes/half/low/spruce_half_04_low.uexp" 5194
"C:/Users/whart/OneDrive/Documents/GitHub/Unreal-Engine-C-/Content/Assets/EnvironmentAssets/PN_interactiveSpruceForest/Textures/PivotPainterTextures/small/small_01_VEC.uasset" 5195
"C:/Users/whart/OneDrive/Documents/GitHub/Unreal-Engine-C-/Content/Assets/EnvironmentAssets/PN_interactiveSpruceForest/Textures/PivotPainterTextures/small/small_01_VEC.uexp" 5196
"C:/Users/whart/OneDrive/Documents/GitHub/Unreal-Engine-C-/Content/Assets/EnvironmentAssets/PN_interactiveSpruceForest/Textures/PivotPainterTextures/small/small_01_PIV.uasset" 5197
"C:/Users/whart/OneDrive/Documents/GitHub/Unreal-Engine-C-/Content/Assets/EnvironmentAssets/PN_interactiveSpruceForest/Textures/PivotPainterTextures/small/small_01_PIV.uexp" 5198
"C:/Users/whart/OneDrive/Documents/GitHub/Unreal-Engine-C-/Content/Assets/EnvironmentAssets/PN_interactiveSpruceForest/Materials/MaterialInstances/small/spruce_small_01_MA.uasset" 5199
"C:/Users/whart/OneDrive/Documents/GitHub/Unreal-Engine-C-/Content/Assets/EnvironmentAssets/PN_interactiveSpruceForest/Materials/MaterialInstances/small/spruce_small_01_MA.uexp" 5200
"C:/Users/whart/OneDrive/Documents/GitHub/Unreal-Engine-C-/Content/Assets/EnvironmentAssets/PN_interactiveSpruceForest/Materials/MaterialInstances/small/spruce_small_01_leaf.uasset" 5201
"C:/Users/whart/OneDrive/Documents/GitHub/Unreal-Engine-C-/Content/Assets/EnvironmentAssets/PN_interactiveSpruceForest/Materials/MaterialInstances/small/spruce_small_01_leaf.uexp" 5202
"C:/Users/whart/OneDrive/Documents/GitHub/Unreal-Engine-C-/Content/Assets/EnvironmentAssets/PN_interactiveSpruceForest/Materials/MaterialInstances/small/spruce_small_01_trunk.uasset" 5203
"C:/Users/whart/OneDrive/Documents/GitHub/Unreal-Engine-C-/Content/Assets/EnvironmentAssets/PN_interactiveSpruceForest/Materials/MaterialInstances/small/spruce_small_01_trunk.uexp" 5204
"C:/Users/whart/OneDrive/Documents/GitHub/Unreal-Engine-C-/Content/Assets/EnvironmentAssets/PN_interactiveSpruceForest/Meshes/small/spruce_small_01.uasset" 5205
"C:/Users/whart/OneDrive/Documents/GitHub/Unreal-Engine-C-/Content/Assets/EnvironmentAssets/PN_interactiveSpruceForest/Meshes/small/spruce_small_01.uexp" 5206
"C:/Users/whart/OneDrive/Documents/GitHub/Unreal-Engine-C-/Content/Assets/EnvironmentAssets/PN_interactiveSpruceForest/Textures/PivotPainterTextures/small/small_02_VEC.uasset" 5207
"C:/Users/whart/OneDrive/Documents/GitHub/Unreal-Engine-C-/Content/Assets/EnvironmentAssets/PN_interactiveSpruceForest/Textures/PivotPainterTextures/small/small_02_VEC.uexp" 5208
"C:/Users/whart/OneDrive/Documents/GitHub/Unreal-Engine-C-/Content/Assets/EnvironmentAssets/PN_interactiveSpruceForest/Textures/PivotPainterTextures/small/small_02_PIV.uasset" 5209
"C:/Users/whart/OneDrive/Documents/GitHub/Unreal-Engine-C-/Content/Assets/EnvironmentAssets/PN_interactiveSpruceForest/Textures/PivotPainterTextures/small/small_02_PIV.uexp" 5210
"C:/Users/whart/OneDrive/Documents/GitHub/Unreal-Engine-C-/Content/Assets/EnvironmentAssets/PN_interactiveSpruceForest/Materials/MaterialInstances/small/spruce_small_02_MA.uasset" 5211
"C:/Users/whart/OneDrive/Documents/GitHub/Unreal-Engine-C-/Content/Assets/EnvironmentAssets/PN_interactiveSpruceForest/Materials/MaterialInstances/small/spruce_small_02_MA.uexp" 5212
"C:/Users/whart/OneDrive/Documents/GitHub/Unreal-Engine-C-/Content/Assets/EnvironmentAssets/PN_interactiveSpruceForest/Materials/MaterialInstances/small/spruce_small_02_leaf.uasset" 5213
"C:/Users/whart/OneDrive/Documents/GitHub/Unreal-Engine-C-/Content/Assets/EnvironmentAssets/PN_interactiveSpruceForest/Materials/MaterialInstances/small/spruce_small_02_leaf.uexp" 5214
"C:/Users/whart/OneDrive/Documents/GitHub/Unreal-Engine-C-/Content/Assets/EnvironmentAssets/PN_interactiveSpruceForest/Materials/MaterialInstances/small/spruce_small_02_trunk.uasset" 5215
"C:/Users/whart/OneDrive/Documents/GitHub/Unreal-Engine-C-/Content/Assets/EnvironmentAssets/PN_interactiveSpruceForest/Materials/MaterialInstances/small/spruce_small_02_trunk.uexp" 5216
"C:/Users/whart/OneDrive/Documents/GitHub/Unreal-Engine-C-/Content/Assets/EnvironmentAssets/PN_interactiveSpruceForest/Meshes/small/spruce_small_02.uasset" 5217
"C:/Users/whart/OneDrive/Documents/GitHub/Unreal-Engine-C-/Content/Assets/EnvironmentAssets/PN_interactiveSpruceForest/Meshes/small/spruce_small_02.uexp" 5218
"C:/Users/whart/OneDrive/Documents/GitHub/Unreal-Engine-C-/Content/Assets/EnvironmentAssets/PN_interactiveSpruceForest/Textures/PivotPainterTextures/small/small_03_VEC.uasset" 5219
"C:/Users/whart/OneDrive/Documents/GitHub/Unreal-Engine-C-/Content/Assets/EnvironmentAssets/PN_interactiveSpruceForest/Textures/PivotPainterTextures/small/small_03_VEC.uexp" 5220
"C:/Users/whart/OneDrive/Documents/GitHub/Unreal-Engine-C-/Content/Assets/EnvironmentAssets/PN_interactiveSpruceForest/Textures/PivotPainterTextures/small/small_03_PIV.uasset" 5221
"C:/Users/whart/OneDrive/Documents/GitHub/Unreal-Engine-C-/Content/Assets/EnvironmentAssets/PN_interactiveSpruceForest/Textures/PivotPainterTextures/small/small_03_PIV.uexp" 5222
"C:/Users/whart/OneDrive/Documents/GitHub/Unreal-Engine-C-/Content/Assets/EnvironmentAssets/PN_interactiveSpruceForest/Materials/MaterialInstances/small/spruce_small_03_MA.uasset" 5223
"C:/Users/whart/OneDrive/Documents/GitHub/Unreal-Engine-C-/Content/Assets/EnvironmentAssets/PN_interactiveSpruceForest/Materials/MaterialInstances/small/spruce_small_03_MA.uexp" 5224
"C:/Users/whart/OneDrive/Documents/GitHub/Unreal-Engine-C-/Content/Assets/EnvironmentAssets/PN_interactiveSpruceForest/Materials/MaterialInstances/small/spruce_small_03_leaf.uasset" 5225
"C:/Users/whart/OneDrive/Documents/GitHub/Unreal-Engine-C-/Content/Assets/EnvironmentAssets/PN_interactiveSpruceForest/Materials/MaterialInstances/small/spruce_small_03_leaf.uexp" 5226
"C:/Users/whart/OneDrive/Documents/GitHub/Unreal-Engine-C-/Content/Assets/EnvironmentAssets/PN_interactiveSpruceForest/Materials/MaterialInstances/small/spruce_small_03_trunk.uasset" 5227
"C:/Users/whart/OneDrive/Documents/GitHub/Unreal-Engine-C-/Content/Assets/EnvironmentAssets/PN_interactiveSpruceForest/Materials/MaterialInstances/small/spruce_small_03_trunk.uexp" 5228
"C:/Users/whart/OneDrive/Documents/GitHub/Unreal-Engine-C-/Content/Assets/EnvironmentAssets/PN_interactiveSpruceForest/Meshes/small/spruce_small_03.uasset" 5229
"C:/Users/whart/OneDrive/Documents/GitHub/Unreal-Engine-C-/Content/Assets/EnvironmentAssets/PN_interactiveSpruceForest/Meshes/small/spruce_small_03.uexp" 5230
"C:/Users/whart/OneDrive/Documents/GitHub/Unreal-Engine-C-/Content/Assets/EnvironmentAssets/PN_interactiveSpruceForest/Textures/PivotPainterTextures/small/small_04_VEC.uasset" 5231
"C:/Users/whart/OneDrive/Documents/GitHub/Unreal-Engine-C-/Content/Assets/EnvironmentAssets/PN_interactiveSpruceForest/Textures/PivotPainterTextures/small/small_04_VEC.uexp" 5232
"C:/Users/whart/OneDrive/Documents/GitHub/Unreal-Engine-C-/Content/Assets/EnvironmentAssets/PN_interactiveSpruceForest/Textures/PivotPainterTextures/small/small_04_PIV.uasset" 5233
"C:/Users/whart/OneDrive/Documents/GitHub/Unreal-Engine-C-/Content/Assets/EnvironmentAssets/PN_interactiveSpruceForest/Textures/PivotPainterTextures/small/small_04_PIV.uexp" 5234
"C:/Users/whart/OneDrive/Documents/GitHub/Unreal-Engine-C-/Content/Assets/EnvironmentAssets/PN_interactiveSpruceForest/Materials/MaterialInstances/small/spruce_small_04_MA.uasset" 5235
"C:/Users/whart/OneDrive/Documents/GitHub/Unreal-Engine-C-/Content/Assets/EnvironmentAssets/PN_interactiveSpruceForest/Materials/MaterialInstances/small/spruce_small_04_MA.uexp" 5236
"C:/Users/whart/OneDrive/Documents/GitHub/Unreal-Engine-C-/Content/Assets/EnvironmentAssets/PN_interactiveSpruceForest/Materials/MaterialInstances/small/spruce_small_04_leaf.uasset" 5237
"C:/Users/whart/OneDrive/Documents/GitHub/Unreal-Engine-C-/Content/Assets/EnvironmentAssets/PN_interactiveSpruceForest/Materials/MaterialInstances/small/spruce_small_04_leaf.uexp" 5238
"C:/Users/whart/OneDrive/Documents/GitHub/Unreal-Engine-C-/Content/Assets/EnvironmentAssets/PN_interactiveSpruceForest/Materials/MaterialInstances/small/spruce_small_04_trunk.uasset" 5239
"C:/Users/whart/OneDrive/Documents/GitHub/Unreal-Engine-C-/Content/Assets/EnvironmentAssets/PN_interactiveSpruceForest/Materials/MaterialInstances/small/spruce_small_04_trunk.uexp" 5240
"C:/Users/whart/OneDrive/Documents/GitHub/Unreal-Engine-C-/Content/Assets/EnvironmentAssets/PN_interactiveSpruceForest/Meshes/small/spruce_small_04.uasset" 5241
"C:/Users/whart/OneDrive/Documents/GitHub/Unreal-Engine-C-/Content/Assets/EnvironmentAssets/PN_interactiveSpruceForest/Meshes/small/spruce_small_04.uexp" 5242
"C:/Users/whart/OneDrive/Documents/GitHub/Unreal-Engine-C-/Content/Assets/EnvironmentAssets/PN_interactiveSpruceForest/Textures/PivotPainterTextures/small/small_05_VEC.uasset" 5243
"C:/Users/whart/OneDrive/Documents/GitHub/Unreal-Engine-C-/Content/Assets/EnvironmentAssets/PN_interactiveSpruceForest/Textures/PivotPainterTextures/small/small_05_VEC.uexp" 5244
"C:/Users/whart/OneDrive/Documents/GitHub/Unreal-Engine-C-/Content/Assets/EnvironmentAssets/PN_interactiveSpruceForest/Textures/PivotPainterTextures/small/small_05_PIV.uasset" 5245
"C:/Users/whart/OneDrive/Documents/GitHub/Unreal-Engine-C-/Content/Assets/EnvironmentAssets/PN_interactiveSpruceForest/Textures/PivotPainterTextures/small/small_05_PIV.uexp" 5246
"C:/Users/whart/OneDrive/Documents/GitHub/Unreal-Engine-C-/Content/Assets/EnvironmentAssets/PN_interactiveSpruceForest/Materials/MaterialInstances/small/spruce_small_05_MA.uasset" 5247
"C:/Users/whart/OneDrive/Documents/GitHub/Unreal-Engine-C-/Content/Assets/EnvironmentAssets/PN_interactiveSpruceForest/Materials/MaterialInstances/small/spruce_small_05_MA.uexp" 5248
"C:/Users/whart/OneDrive/Documents/GitHub/Unreal-Engine-C-/Content/Assets/EnvironmentAssets/PN_interactiveSpruceForest/Materials/MaterialInstances/small/spruce_small_05_branch.uasset" 5249
"C:/Users/whart/OneDrive/Documents/GitHub/Unreal-Engine-C-/Content/Assets/EnvironmentAssets/PN_interactiveSpruceForest/Materials/MaterialInstances/small/spruce_small_05_branch.uexp" 5250
"C:/Users/whart/OneDrive/Documents/GitHub/Unreal-Engine-C-/Content/Assets/EnvironmentAssets/PN_interactiveSpruceForest/Materials/MaterialInstances/small/spruce_small_05_leaf.uasset" 5251
"C:/Users/whart/OneDrive/Documents/GitHub/Unreal-Engine-C-/Content/Assets/EnvironmentAssets/PN_interactiveSpruceForest/Materials/MaterialInstances/small/spruce_small_05_leaf.uexp" 5252
"C:/Users/whart/OneDrive/Documents/GitHub/Unreal-Engine-C-/Content/Assets/EnvironmentAssets/PN_interactiveSpruceForest/Materials/MaterialInstances/small/spruce_small_05_trunk.uasset" 5253
"C:/Users/whart/OneDrive/Documents/GitHub/Unreal-Engine-C-/Content/Assets/EnvironmentAssets/PN_interactiveSpruceForest/Materials/MaterialInstances/small/spruce_small_05_trunk.uexp" 5254
"C:/Users/whart/OneDrive/Documents/GitHub/Unreal-Engine-C-/Content/Assets/EnvironmentAssets/PN_interactiveSpruceForest/Meshes/small/spruce_small_05.uasset" 5255
"C:/Users/whart/OneDrive/Documents/GitHub/Unreal-Engine-C-/Content/Assets/EnvironmentAssets/PN_interactiveSpruceForest/Meshes/small/spruce_small_05.uexp" 5256
"C:/Users/whart/OneDrive/Documents/GitHub/Unreal-Engine-C-/Content/Assets/EnvironmentAssets/PN_interactiveSpruceForest/Textures/PivotPainterTextures/small/small_06_VEC.uasset" 5257
"C:/Users/whart/OneDrive/Documents/GitHub/Unreal-Engine-C-/Content/Assets/EnvironmentAssets/PN_interactiveSpruceForest/Textures/PivotPainterTextures/small/small_06_VEC.uexp" 5258
"C:/Users/whart/OneDrive/Documents/GitHub/Unreal-Engine-C-/Content/Assets/EnvironmentAssets/PN_interactiveSpruceForest/Textures/PivotPainterTextures/small/small_06_PIV.uasset" 5259
"C:/Users/whart/OneDrive/Documents/GitHub/Unreal-Engine-C-/Content/Assets/EnvironmentAssets/PN_interactiveSpruceForest/Textures/PivotPainterTextures/small/small_06_PIV.uexp" 5260
"C:/Users/whart/OneDrive/Documents/GitHub/Unreal-Engine-C-/Content/Assets/EnvironmentAssets/PN_interactiveSpruceForest/Materials/MaterialInstances/small/spruce_small_06_MA.uasset" 5261
"C:/Users/whart/OneDrive/Documents/GitHub/Unreal-Engine-C-/Content/Assets/EnvironmentAssets/PN_interactiveSpruceForest/Materials/MaterialInstances/small/spruce_small_06_MA.uexp" 5262
"C:/Users/whart/OneDrive/Documents/GitHub/Unreal-Engine-C-/Content/Assets/EnvironmentAssets/PN_interactiveSpruceForest/Materials/MaterialInstances/small/spruce_small_06_branch.uasset" 5263
"C:/Users/whart/OneDrive/Documents/GitHub/Unreal-Engine-C-/Content/Assets/EnvironmentAssets/PN_interactiveSpruceForest/Materials/MaterialInstances/small/spruce_small_06_branch.uexp" 5264
"C:/Users/whart/OneDrive/Documents/GitHub/Unreal-Engine-C-/Content/Assets/EnvironmentAssets/PN_interactiveSpruceForest/Materials/MaterialInstances/small/spruce_small_06_leaf.uasset" 5265
"C:/Users/whart/OneDrive/Documents/GitHub/Unreal-Engine-C-/Content/Assets/EnvironmentAssets/PN_interactiveSpruceForest/Materials/MaterialInstances/small/spruce_small_06_leaf.uexp" 5266
"C:/Users/whart/OneDrive/Documents/GitHub/Unreal-Engine-C-/Content/Assets/EnvironmentAssets/PN_interactiveSpruceForest/Materials/MaterialInstances/small/spruce_small_06_trunk.uasset" 5267
"C:/Users/whart/OneDrive/Documents/GitHub/Unreal-Engine-C-/Content/Assets/EnvironmentAssets/PN_interactiveSpruceForest/Materials/MaterialInstances/small/spruce_small_06_trunk.uexp" 5268
"C:/Users/whart/OneDrive/Documents/GitHub/Unreal-Engine-C-/Content/Assets/EnvironmentAssets/PN_interactiveSpruceForest/Meshes/small/spruce_small_06.uasset" 5269
"C:/Users/whart/OneDrive/Documents/GitHub/Unreal-Engine-C-/Content/Assets/EnvironmentAssets/PN_interactiveSpruceForest/Meshes/small/spruce_small_06.uexp" 5270
"C:/Users/whart/OneDrive/Documents/GitHub/Unreal-Engine-C-/Content/Assets/EnvironmentAssets/PN_interactiveSpruceForest/Textures/PivotPainterTextures/small/small_07_VEC.uasset" 5271
"C:/Users/whart/OneDrive/Documents/GitHub/Unreal-Engine-C-/Content/Assets/EnvironmentAssets/PN_interactiveSpruceForest/Textures/PivotPainterTextures/small/small_07_VEC.uexp" 5272
"C:/Users/whart/OneDrive/Documents/GitHub/Unreal-Engine-C-/Content/Assets/EnvironmentAssets/PN_interactiveSpruceForest/Textures/PivotPainterTextures/small/small_07_PIV.uasset" 5273
"C:/Users/whart/OneDrive/Documents/GitHub/Unreal-Engine-C-/Content/Assets/EnvironmentAssets/PN_interactiveSpruceForest/Textures/PivotPainterTextures/small/small_07_PIV.uexp" 5274
"C:/Users/whart/OneDrive/Documents/GitHub/Unreal-Engine-C-/Content/Assets/EnvironmentAssets/PN_interactiveSpruceForest/Materials/MaterialInstances/small/spruce_small_07_MA.uasset" 5275
"C:/Users/whart/OneDrive/Documents/GitHub/Unreal-Engine-C-/Content/Assets/EnvironmentAssets/PN_interactiveSpruceForest/Materials/MaterialInstances/small/spruce_small_07_MA.uexp" 5276
"C:/Users/whart/OneDrive/Documents/GitHub/Unreal-Engine-C-/Content/Assets/EnvironmentAssets/PN_interactiveSpruceForest/Materials/MaterialInstances/small/spruce_small_07_branch.uasset" 5277
"C:/Users/whart/OneDrive/Documents/GitHub/Unreal-Engine-C-/Content/Assets/EnvironmentAssets/PN_interactiveSpruceForest/Materials/MaterialInstances/small/spruce_small_07_branch.uexp" 5278
"C:/Users/whart/OneDrive/Documents/GitHub/Unreal-Engine-C-/Content/Assets/EnvironmentAssets/PN_interactiveSpruceForest/Materials/MaterialInstances/small/spruce_small_07_leaf.uasset" 5279
"C:/Users/whart/OneDrive/Documents/GitHub/Unreal-Engine-C-/Content/Assets/EnvironmentAssets/PN_interactiveSpruceForest/Materials/MaterialInstances/small/spruce_small_07_leaf.uexp" 5280
"C:/Users/whart/OneDrive/Documents/GitHub/Unreal-Engine-C-/Content/Assets/EnvironmentAssets/PN_interactiveSpruceForest/Materials/MaterialInstances/small/spruce_small_07_trunk.uasset" 5281
"C:/Users/whart/OneDrive/Documents/GitHub/Unreal-Engine-C-/Content/Assets/EnvironmentAssets/PN_interactiveSpruceForest/Materials/MaterialInstances/small/spruce_small_07_trunk.uexp" 5282
"C:/Users/whart/OneDrive/Documents/GitHub/Unreal-Engine-C-/Content/Assets/EnvironmentAssets/PN_interactiveSpruceForest/Meshes/small/spruce_small_07.uasset" 5283
"C:/Users/whart/OneDrive/Documents/GitHub/Unreal-Engine-C-/Content/Assets/EnvironmentAssets/PN_interactiveSpruceForest/Meshes/small/spruce_small_07.uexp" 5284
"../../../Engine/Plugins/Interchange/Assets/Content/gltf/Textures/T_Black_srgb.uasset" 5285
"../../../Engine/Plugins/Interchange/Assets/Content/gltf/Textures/T_Black_srgb.uexp" 5286
"C:/Users/whart/OneDrive/Documents/GitHub/Unreal-Engine-C-/Content/M4/Textures/Sand/B/BlankNormalmap.ubulk" 5287
"C:/Users/whart/OneDrive/Documents/GitHub/Unreal-Engine-C-/Content/M4/Textures/Sand/B/BlankNormalmap.uasset" 5288
"C:/Users/whart/OneDrive/Documents/GitHub/Unreal-Engine-C-/Content/M4/Textures/Sand/B/BlankNormalmap.uexp" 5289
"C:/Users/whart/OneDrive/Documents/GitHub/Unreal-Engine-C-/Content/M4/Materials/PaintLayers/WetSandLayer.uasset" 5290
"C:/Users/whart/OneDrive/Documents/GitHub/Unreal-Engine-C-/Content/M4/Materials/PaintLayers/WetSandLayer.uexp" 5291
"C:/Users/whart/OneDrive/Documents/GitHub/Unreal-Engine-C-/Content/M4/Textures/Pebbles/B/Pebbles_Detail_Normal.ubulk" 5292
"C:/Users/whart/OneDrive/Documents/GitHub/Unreal-Engine-C-/Content/M4/Textures/Pebbles/B/Pebbles_Detail_Normal.uasset" 5293
"C:/Users/whart/OneDrive/Documents/GitHub/Unreal-Engine-C-/Content/M4/Textures/Pebbles/B/Pebbles_Detail_Normal.uexp" 5294
"C:/Users/whart/OneDrive/Documents/GitHub/Unreal-Engine-C-/Content/M4/Materials/PaintLayers/MobilePaintLayers/StonesLayer-Mobile.uasset" 5295
"C:/Users/whart/OneDrive/Documents/GitHub/Unreal-Engine-C-/Content/M4/Materials/PaintLayers/MobilePaintLayers/StonesLayer-Mobile.uexp" 5296
"C:/Users/whart/OneDrive/Documents/GitHub/Unreal-Engine-C-/Content/M4/Materials/PaintLayers/MobilePaintLayers/SandLayer-Mobile.uasset" 5297
"C:/Users/whart/OneDrive/Documents/GitHub/Unreal-Engine-C-/Content/M4/Materials/PaintLayers/MobilePaintLayers/SandLayer-Mobile.uexp" 5298
"C:/Users/whart/OneDrive/Documents/GitHub/Unreal-Engine-C-/Content/M4/Materials/PaintLayers/MobilePaintLayers/MudLayer-Mobile.uasset" 5299
"C:/Users/whart/OneDrive/Documents/GitHub/Unreal-Engine-C-/Content/M4/Materials/PaintLayers/MobilePaintLayers/MudLayer-Mobile.uexp" 5300
"C:/Users/whart/OneDrive/Documents/GitHub/Unreal-Engine-C-/Content/M4/Materials/PaintLayers/MobilePaintLayers/JaggedRockLayer-Mobile.uasset" 5301
"C:/Users/whart/OneDrive/Documents/GitHub/Unreal-Engine-C-/Content/M4/Materials/PaintLayers/MobilePaintLayers/JaggedRockLayer-Mobile.uexp" 5302
"C:/Users/whart/OneDrive/Documents/GitHub/Unreal-Engine-C-/Content/M4/Materials/PaintLayers/MobilePaintLayers/GrassLayer-Mobile.uasset" 5303
"C:/Users/whart/OneDrive/Documents/GitHub/Unreal-Engine-C-/Content/M4/Materials/PaintLayers/MobilePaintLayers/GrassLayer-Mobile.uexp" 5304
"C:/Users/whart/OneDrive/Documents/GitHub/Unreal-Engine-C-/Content/M4/Materials/PaintLayers/MobilePaintLayers/ForestLayer-Mobile.uasset" 5305
"C:/Users/whart/OneDrive/Documents/GitHub/Unreal-Engine-C-/Content/M4/Materials/PaintLayers/MobilePaintLayers/ForestLayer-Mobile.uexp" 5306
"C:/Users/whart/OneDrive/Documents/GitHub/Unreal-Engine-C-/Content/M4/Materials/PaintLayers/MobilePaintLayers/FlatIceLayer-Mobile.uasset" 5307
"C:/Users/whart/OneDrive/Documents/GitHub/Unreal-Engine-C-/Content/M4/Materials/PaintLayers/MobilePaintLayers/FlatIceLayer-Mobile.uexp" 5308
"C:/Users/whart/OneDrive/Documents/GitHub/Unreal-Engine-C-/Content/M4/Materials/PaintLayers/MobilePaintLayers/DirtLayer-Mobile.uasset" 5309
"C:/Users/whart/OneDrive/Documents/GitHub/Unreal-Engine-C-/Content/M4/Materials/PaintLayers/MobilePaintLayers/DirtLayer-Mobile.uexp" 5310
"C:/Users/whart/OneDrive/Documents/GitHub/Unreal-Engine-C-/Content/M4/Materials/PaintLayers/MobilePaintLayers/MultiLayer/Tundra-MultiLayer-Mobile.uasset" 5311
"C:/Users/whart/OneDrive/Documents/GitHub/Unreal-Engine-C-/Content/M4/Materials/PaintLayers/MobilePaintLayers/MultiLayer/Tundra-MultiLayer-Mobile.uexp" 5312
"C:/Users/whart/OneDrive/Documents/GitHub/Unreal-Engine-C-/Content/M4/Materials/PaintLayers/MobilePaintLayers/MultiLayer/Island-MultiLayer-Mobile.uasset" 5313
"C:/Users/whart/OneDrive/Documents/GitHub/Unreal-Engine-C-/Content/M4/Materials/PaintLayers/MobilePaintLayers/MultiLayer/Island-MultiLayer-Mobile.uexp" 5314
"C:/Users/whart/OneDrive/Documents/GitHub/Unreal-Engine-C-/Content/M4/Materials/PaintLayers/MobilePaintLayers/MultiLayer/Desert-MultiLayer-Mobile.uasset" 5315
"C:/Users/whart/OneDrive/Documents/GitHub/Unreal-Engine-C-/Content/M4/Materials/PaintLayers/MobilePaintLayers/MultiLayer/Desert-MultiLayer-Mobile.uexp" 5316
"C:/Users/whart/OneDrive/Documents/GitHub/Unreal-Engine-C-/Content/M4/Materials/MasterMaterials/Functions/Mobile/Foothill-M.uasset" 5317
"C:/Users/whart/OneDrive/Documents/GitHub/Unreal-Engine-C-/Content/M4/Materials/MasterMaterials/Functions/Mobile/Foothill-M.uexp" 5318
"C:/Users/whart/OneDrive/Documents/GitHub/Unreal-Engine-C-/Content/M4/Materials/MasterMaterials/Functions/Mobile/SlopeDetection-M.uasset" 5319
"C:/Users/whart/OneDrive/Documents/GitHub/Unreal-Engine-C-/Content/M4/Materials/MasterMaterials/Functions/Mobile/SlopeDetection-M.uexp" 5320
"C:/Users/whart/OneDrive/Documents/GitHub/Unreal-Engine-C-/Content/M4/Materials/MasterMaterials/Functions/Mobile/AutoMaterialSlope-M.uasset" 5321
"C:/Users/whart/OneDrive/Documents/GitHub/Unreal-Engine-C-/Content/M4/Materials/MasterMaterials/Functions/Mobile/AutoMaterialSlope-M.uexp" 5322
"C:/Users/whart/OneDrive/Documents/GitHub/Unreal-Engine-C-/Content/M4/Materials/MasterMaterials/Functions/Mobile/CameraDistanceDetection-M.uasset" 5323
"C:/Users/whart/OneDrive/Documents/GitHub/Unreal-Engine-C-/Content/M4/Materials/MasterMaterials/Functions/Mobile/CameraDistanceDetection-M.uexp" 5324
"C:/Users/whart/OneDrive/Documents/GitHub/Unreal-Engine-C-/Content/M4/Materials/MasterMaterials/Functions/Mobile/DualSlopeDetection-M.uasset" 5325
"C:/Users/whart/OneDrive/Documents/GitHub/Unreal-Engine-C-/Content/M4/Materials/MasterMaterials/Functions/Mobile/DualSlopeDetection-M.uexp" 5326
"C:/Users/whart/OneDrive/Documents/GitHub/Unreal-Engine-C-/Content/M4/Materials/MasterMaterials/Functions/Mobile/FlatlandA-M.uasset" 5327
"C:/Users/whart/OneDrive/Documents/GitHub/Unreal-Engine-C-/Content/M4/Materials/MasterMaterials/Functions/Mobile/FlatlandA-M.uexp" 5328
"C:/Users/whart/OneDrive/Documents/GitHub/Unreal-Engine-C-/Content/M4/Materials/MasterMaterials/Functions/Mobile/FlatlandB-M.uasset" 5329
"C:/Users/whart/OneDrive/Documents/GitHub/Unreal-Engine-C-/Content/M4/Materials/MasterMaterials/Functions/Mobile/FlatlandB-M.uexp" 5330
"C:/Users/whart/OneDrive/Documents/GitHub/Unreal-Engine-C-/Content/M4/Materials/MasterMaterials/Functions/Mobile/FlatlandBlending-M.uasset" 5331
"C:/Users/whart/OneDrive/Documents/GitHub/Unreal-Engine-C-/Content/M4/Materials/MasterMaterials/Functions/Mobile/FlatlandBlending-M.uexp" 5332
"C:/Users/whart/OneDrive/Documents/GitHub/Unreal-Engine-C-/Content/M4/Materials/MasterMaterials/Functions/Mobile/FlatlandNoisePattern-M.uasset" 5333
"C:/Users/whart/OneDrive/Documents/GitHub/Unreal-Engine-C-/Content/M4/Materials/MasterMaterials/Functions/Mobile/FlatlandNoisePattern-M.uexp" 5334
"C:/Users/whart/OneDrive/Documents/GitHub/Unreal-Engine-C-/Content/M4/Materials/MasterMaterials/Functions/Mobile/ProceduralFoliageMasking-M.uasset" 5335
"C:/Users/whart/OneDrive/Documents/GitHub/Unreal-Engine-C-/Content/M4/Materials/MasterMaterials/Functions/Mobile/ProceduralFoliageMasking-M.uexp" 5336
"C:/Users/whart/OneDrive/Documents/GitHub/Unreal-Engine-C-/Content/M4/Materials/MasterMaterials/Functions/Mobile/TextureCoordinateOverride-M.uasset" 5337
"C:/Users/whart/OneDrive/Documents/GitHub/Unreal-Engine-C-/Content/M4/Materials/MasterMaterials/Functions/Mobile/TextureCoordinateOverride-M.uexp" 5338
"C:/Users/whart/OneDrive/Documents/GitHub/Unreal-Engine-C-/Content/M4/Materials/MasterMaterials/M4MobileMasterMat.uasset" 5339
"C:/Users/whart/OneDrive/Documents/GitHub/Unreal-Engine-C-/Content/M4/Materials/MasterMaterials/M4MobileMasterMat.uexp" 5340
"C:/Users/whart/OneDrive/Documents/GitHub/Unreal-Engine-C-/Content/M4/Materials/PresetInstances/Mobile/Island/M4_Island_Mobile_Inst.uasset" 5341
"C:/Users/whart/OneDrive/Documents/GitHub/Unreal-Engine-C-/Content/M4/Materials/PresetInstances/Mobile/Island/M4_Island_Mobile_Inst.uexp" 5342
"C:/Users/whart/OneDrive/Documents/GitHub/Unreal-Engine-C-/Content/M4/Foliage/Plants/Meshes/Bushes/MediumBush02.uasset" 5343
"C:/Users/whart/OneDrive/Documents/GitHub/Unreal-Engine-C-/Content/M4/Foliage/Plants/Meshes/Bushes/MediumBush02.uexp" 5344
"C:/Users/whart/OneDrive/Documents/GitHub/Unreal-Engine-C-/Content/M4/Foliage/Plants/Materials/Grass/Mobile/MaskedGrassMasterMat-Mobile.uasset" 5345
"C:/Users/whart/OneDrive/Documents/GitHub/Unreal-Engine-C-/Content/M4/Foliage/Plants/Materials/Grass/Mobile/MaskedGrassMasterMat-Mobile.uexp" 5346
"C:/Users/whart/OneDrive/Documents/GitHub/Unreal-Engine-C-/Content/M4/Foliage/Plants/Materials/Grass/Mobile/MaskedGrass-Mobile_INST.uasset" 5347
"C:/Users/whart/OneDrive/Documents/GitHub/Unreal-Engine-C-/Content/M4/Foliage/Plants/Materials/Grass/Mobile/MaskedGrass-Mobile_INST.uexp" 5348
"C:/Users/whart/OneDrive/Documents/GitHub/Unreal-Engine-C-/Content/M4/Foliage/Plants/Meshes/Grass/Mobile/LowPolyLawnGrass-Mobile.uasset" 5349
"C:/Users/whart/OneDrive/Documents/GitHub/Unreal-Engine-C-/Content/M4/Foliage/Plants/Meshes/Grass/Mobile/LowPolyLawnGrass-Mobile.uexp" 5350
"C:/Users/whart/OneDrive/Documents/GitHub/Unreal-Engine-C-/Content/M4/Foliage/Plants/Materials/Grass/Mobile/PolyGrassMasterMat-Mobile.uasset" 5351
"C:/Users/whart/OneDrive/Documents/GitHub/Unreal-Engine-C-/Content/M4/Foliage/Plants/Materials/Grass/Mobile/PolyGrassMasterMat-Mobile.uexp" 5352
"C:/Users/whart/OneDrive/Documents/GitHub/Unreal-Engine-C-/Content/M4/Foliage/Plants/Materials/Grass/Mobile/PolyGrass-Mobile_INST1.uasset" 5353
"C:/Users/whart/OneDrive/Documents/GitHub/Unreal-Engine-C-/Content/M4/Foliage/Plants/Materials/Grass/Mobile/PolyGrass-Mobile_INST1.uexp" 5354
"C:/Users/whart/OneDrive/Documents/GitHub/Unreal-Engine-C-/Content/M4/Foliage/Plants/Materials/Grass/Mobile/BillboardGrass-Mobile_INST.uasset" 5355
"C:/Users/whart/OneDrive/Documents/GitHub/Unreal-Engine-C-/Content/M4/Foliage/Plants/Materials/Grass/Mobile/BillboardGrass-Mobile_INST.uexp" 5356
"C:/Users/whart/OneDrive/Documents/GitHub/Unreal-Engine-C-/Content/M4/Foliage/Plants/Meshes/Grass/Mobile/ShortHeightPolyGrass-Mobile.uasset" 5357
"C:/Users/whart/OneDrive/Documents/GitHub/Unreal-Engine-C-/Content/M4/Foliage/Plants/Meshes/Grass/Mobile/ShortHeightPolyGrass-Mobile.uexp" 5358
"C:/Users/whart/OneDrive/Documents/GitHub/Unreal-Engine-C-/Content/M4/Foliage/Rocks/Materials/SmallRocks/RockMasterMat_Inst1.uasset" 5359
"C:/Users/whart/OneDrive/Documents/GitHub/Unreal-Engine-C-/Content/M4/Foliage/Rocks/Materials/SmallRocks/RockMasterMat_Inst1.uexp" 5360
"C:/Users/whart/OneDrive/Documents/GitHub/Unreal-Engine-C-/Content/M4/Foliage/Rocks/Meshes/SmallRocks/ForestRocks/SmallRock04.uasset" 5361
"C:/Users/whart/OneDrive/Documents/GitHub/Unreal-Engine-C-/Content/M4/Foliage/Rocks/Meshes/SmallRocks/ForestRocks/SmallRock04.uexp" 5362
"C:/Users/whart/OneDrive/Documents/GitHub/Unreal-Engine-C-/Content/M4/Foliage/Rocks/Meshes/SmallRocks/ForestRocks/SmallRock05.uasset" 5363
"C:/Users/whart/OneDrive/Documents/GitHub/Unreal-Engine-C-/Content/M4/Foliage/Rocks/Meshes/SmallRocks/ForestRocks/SmallRock05.uexp" 5364
"C:/Users/whart/OneDrive/Documents/GitHub/Unreal-Engine-C-/Content/M4/Foliage/Rocks/Meshes/SmallRocks/ForestRocks/SmallRock06.uasset" 5365
"C:/Users/whart/OneDrive/Documents/GitHub/Unreal-Engine-C-/Content/M4/Foliage/Rocks/Meshes/SmallRocks/ForestRocks/SmallRock06.uexp" 5366
"C:/Users/whart/OneDrive/Documents/GitHub/Unreal-Engine-C-/Content/M4/Foliage/Rocks/Meshes/SmallRocks/ForestRocks/SmallRockGroup04.uasset" 5367
"C:/Users/whart/OneDrive/Documents/GitHub/Unreal-Engine-C-/Content/M4/Foliage/Rocks/Meshes/SmallRocks/ForestRocks/SmallRockGroup04.uexp" 5368
"C:/Users/whart/OneDrive/Documents/GitHub/Unreal-Engine-C-/Content/M4/Foliage/Rocks/Meshes/SmallRocks/ForestRocks/SmallRockGroup05.uasset" 5369
"C:/Users/whart/OneDrive/Documents/GitHub/Unreal-Engine-C-/Content/M4/Foliage/Rocks/Meshes/SmallRocks/ForestRocks/SmallRockGroup05.uexp" 5370
"C:/Users/whart/OneDrive/Documents/GitHub/Unreal-Engine-C-/Content/M4/Foliage/Rocks/Meshes/SmallRocks/ForestRocks/SmallRockGroup06.uasset" 5371
"C:/Users/whart/OneDrive/Documents/GitHub/Unreal-Engine-C-/Content/M4/Foliage/Rocks/Meshes/SmallRocks/ForestRocks/SmallRockGroup06.uexp" 5372
"C:/Users/whart/OneDrive/Documents/GitHub/Unreal-Engine-C-/Content/M4/Maps/PaintWeights/Tundra_Demo_sharedassets/Custom01_LayerInfo.uasset" 5373
"C:/Users/whart/OneDrive/Documents/GitHub/Unreal-Engine-C-/Content/M4/Maps/PaintWeights/Tundra_Demo_sharedassets/Custom01_LayerInfo.uexp" 5374
"C:/Users/whart/OneDrive/Documents/GitHub/Unreal-Engine-C-/Content/M4/Maps/PaintWeights/Tundra_Demo_sharedassets/Custom02_LayerInfo.uasset" 5375
"C:/Users/whart/OneDrive/Documents/GitHub/Unreal-Engine-C-/Content/M4/Maps/PaintWeights/Tundra_Demo_sharedassets/Custom02_LayerInfo.uexp" 5376
"C:/Users/whart/OneDrive/Documents/GitHub/Unreal-Engine-C-/Content/M4/Maps/PaintWeights/Tundra_Demo_sharedassets/Darken_LayerInfo.uasset" 5377
"C:/Users/whart/OneDrive/Documents/GitHub/Unreal-Engine-C-/Content/M4/Maps/PaintWeights/Tundra_Demo_sharedassets/Darken_LayerInfo.uexp" 5378
"C:/Users/whart/OneDrive/Documents/GitHub/Unreal-Engine-C-/Content/M4/Maps/PaintWeights/Tundra_Demo_sharedassets/Desert-Multi-Biome_LayerInfo.uasset" 5379
"C:/Users/whart/OneDrive/Documents/GitHub/Unreal-Engine-C-/Content/M4/Maps/PaintWeights/Tundra_Demo_sharedassets/Desert-Multi-Biome_LayerInfo.uexp" 5380
"C:/Users/whart/OneDrive/Documents/GitHub/Unreal-Engine-C-/Content/M4/Maps/PaintWeights/Tundra_Demo_sharedassets/Dirt_LayerInfo.uasset" 5381
"C:/Users/whart/OneDrive/Documents/GitHub/Unreal-Engine-C-/Content/M4/Maps/PaintWeights/Tundra_Demo_sharedassets/Dirt_LayerInfo.uexp" 5382
"C:/Users/whart/OneDrive/Documents/GitHub/Unreal-Engine-C-/Content/M4/Maps/PaintWeights/Tundra_Demo_sharedassets/Flat_Ice_LayerInfo.uasset" 5383
"C:/Users/whart/OneDrive/Documents/GitHub/Unreal-Engine-C-/Content/M4/Maps/PaintWeights/Tundra_Demo_sharedassets/Flat_Ice_LayerInfo.uexp" 5384
"C:/Users/whart/OneDrive/Documents/GitHub/Unreal-Engine-C-/Content/M4/Maps/PaintWeights/Tundra_Demo_sharedassets/Forest_LayerInfo.uasset" 5385
"C:/Users/whart/OneDrive/Documents/GitHub/Unreal-Engine-C-/Content/M4/Maps/PaintWeights/Tundra_Demo_sharedassets/Forest_LayerInfo.uexp" 5386
"C:/Users/whart/OneDrive/Documents/GitHub/Unreal-Engine-C-/Content/M4/Maps/PaintWeights/Tundra_Demo_sharedassets/Grass_LayerInfo.uasset" 5387
"C:/Users/whart/OneDrive/Documents/GitHub/Unreal-Engine-C-/Content/M4/Maps/PaintWeights/Tundra_Demo_sharedassets/Grass_LayerInfo.uexp" 5388
"C:/Users/whart/OneDrive/Documents/GitHub/Unreal-Engine-C-/Content/M4/Maps/PaintWeights/Tundra_Demo_sharedassets/Island-Multi-Biome_LayerInfo.uasset" 5389
"C:/Users/whart/OneDrive/Documents/GitHub/Unreal-Engine-C-/Content/M4/Maps/PaintWeights/Tundra_Demo_sharedassets/Island-Multi-Biome_LayerInfo.uexp" 5390
"C:/Users/whart/OneDrive/Documents/GitHub/Unreal-Engine-C-/Content/M4/Maps/PaintWeights/Tundra_Demo_sharedassets/Jagged_Rock_LayerInfo.uasset" 5391
"C:/Users/whart/OneDrive/Documents/GitHub/Unreal-Engine-C-/Content/M4/Maps/PaintWeights/Tundra_Demo_sharedassets/Jagged_Rock_LayerInfo.uexp" 5392
"C:/Users/whart/OneDrive/Documents/GitHub/Unreal-Engine-C-/Content/M4/Maps/PaintWeights/Tundra_Demo_sharedassets/Lighten_LayerInfo.uasset" 5393
"C:/Users/whart/OneDrive/Documents/GitHub/Unreal-Engine-C-/Content/M4/Maps/PaintWeights/Tundra_Demo_sharedassets/Lighten_LayerInfo.uexp" 5394
"C:/Users/whart/OneDrive/Documents/GitHub/Unreal-Engine-C-/Content/M4/Maps/PaintWeights/Tundra_Demo_sharedassets/Mud_LayerInfo.uasset" 5395
"C:/Users/whart/OneDrive/Documents/GitHub/Unreal-Engine-C-/Content/M4/Maps/PaintWeights/Tundra_Demo_sharedassets/Mud_LayerInfo.uexp" 5396
"C:/Users/whart/OneDrive/Documents/GitHub/Unreal-Engine-C-/Content/M4/Maps/PaintWeights/Tundra_Demo_sharedassets/Remove_Flatland_A_LayerInfo.uasset" 5397
"C:/Users/whart/OneDrive/Documents/GitHub/Unreal-Engine-C-/Content/M4/Maps/PaintWeights/Tundra_Demo_sharedassets/Remove_Flatland_A_LayerInfo.uexp" 5398
"C:/Users/whart/OneDrive/Documents/GitHub/Unreal-Engine-C-/Content/M4/Maps/PaintWeights/Tundra_Demo_sharedassets/Remove_Flatland_B_LayerInfo.uasset" 5399
"C:/Users/whart/OneDrive/Documents/GitHub/Unreal-Engine-C-/Content/M4/Maps/PaintWeights/Tundra_Demo_sharedassets/Remove_Flatland_B_LayerInfo.uexp" 5400
"C:/Users/whart/OneDrive/Documents/GitHub/Unreal-Engine-C-/Content/M4/Maps/PaintWeights/Tundra_Demo_sharedassets/Remove_Foliage_LayerInfo.uasset" 5401
"C:/Users/whart/OneDrive/Documents/GitHub/Unreal-Engine-C-/Content/M4/Maps/PaintWeights/Tundra_Demo_sharedassets/Remove_Foliage_LayerInfo.uexp" 5402
"C:/Users/whart/OneDrive/Documents/GitHub/Unreal-Engine-C-/Content/M4/Maps/PaintWeights/Tundra_Demo_sharedassets/Remove_Slope_LayerInfo.uasset" 5403
"C:/Users/whart/OneDrive/Documents/GitHub/Unreal-Engine-C-/Content/M4/Maps/PaintWeights/Tundra_Demo_sharedassets/Remove_Slope_LayerInfo.uexp" 5404
"C:/Users/whart/OneDrive/Documents/GitHub/Unreal-Engine-C-/Content/M4/Maps/PaintWeights/Tundra_Demo_sharedassets/Sand_LayerInfo.uasset" 5405
"C:/Users/whart/OneDrive/Documents/GitHub/Unreal-Engine-C-/Content/M4/Maps/PaintWeights/Tundra_Demo_sharedassets/Sand_LayerInfo.uexp" 5406
"C:/Users/whart/OneDrive/Documents/GitHub/Unreal-Engine-C-/Content/M4/Maps/PaintWeights/Tundra_Demo_sharedassets/Stones_LayerInfo.uasset" 5407
"C:/Users/whart/OneDrive/Documents/GitHub/Unreal-Engine-C-/Content/M4/Maps/PaintWeights/Tundra_Demo_sharedassets/Stones_LayerInfo.uexp" 5408
"C:/Users/whart/OneDrive/Documents/GitHub/Unreal-Engine-C-/Content/M4/Maps/PaintWeights/Tundra_Demo_sharedassets/Tundra-Multi-Biome_LayerInfo.uasset" 5409
"C:/Users/whart/OneDrive/Documents/GitHub/Unreal-Engine-C-/Content/M4/Maps/PaintWeights/Tundra_Demo_sharedassets/Tundra-Multi-Biome_LayerInfo.uexp" 5410
"C:/Users/whart/OneDrive/Documents/GitHub/Unreal-Engine-C-/Content/UltraDynamicSky/Materials/Material_Functions/UDS_Basic_LightFunction.uasset" 5411
"C:/Users/whart/OneDrive/Documents/GitHub/Unreal-Engine-C-/Content/UltraDynamicSky/Materials/Material_Functions/UDS_Basic_LightFunction.uexp" 5412
"C:/Users/whart/OneDrive/Documents/GitHub/Unreal-Engine-C-/Content/UltraDynamicSky/Textures/LensFlares/Soft_Abberation.uasset" 5413
"C:/Users/whart/OneDrive/Documents/GitHub/Unreal-Engine-C-/Content/UltraDynamicSky/Textures/LensFlares/Soft_Abberation.uexp" 5414
"C:/Users/whart/OneDrive/Documents/GitHub/Unreal-Engine-C-/Content/UltraDynamicSky/Materials/Material_Instances/Lens_Flares/Zoom_Chromatic.uasset" 5415
"C:/Users/whart/OneDrive/Documents/GitHub/Unreal-Engine-C-/Content/UltraDynamicSky/Materials/Material_Instances/Lens_Flares/Zoom_Chromatic.uexp" 5416
"C:/Users/whart/OneDrive/Documents/GitHub/Unreal-Engine-C-/Content/UltraDynamicSky/Materials/Material_Instances/UDS_KS.uasset" 5417
"C:/Users/whart/OneDrive/Documents/GitHub/Unreal-Engine-C-/Content/UltraDynamicSky/Materials/Material_Instances/UDS_KS.uexp" 5418
"C:/Users/whart/OneDrive/Documents/GitHub/Unreal-Engine-C-/Content/UltraDynamicSky/Textures/Sky/Moon_Color.ubulk" 5419
"C:/Users/whart/OneDrive/Documents/GitHub/Unreal-Engine-C-/Content/UltraDynamicSky/Textures/Sky/Moon_Color.uasset" 5420
"C:/Users/whart/OneDrive/Documents/GitHub/Unreal-Engine-C-/Content/UltraDynamicSky/Textures/Sky/Moon_Color.uexp" 5421
"C:/Users/whart/OneDrive/Documents/GitHub/Unreal-Engine-C-/Content/UltraDynamicSky/Textures/Sky/Moon_PhaseNormal.ubulk" 5422
"C:/Users/whart/OneDrive/Documents/GitHub/Unreal-Engine-C-/Content/UltraDynamicSky/Textures/Sky/Moon_PhaseNormal.uasset" 5423
"C:/Users/whart/OneDrive/Documents/GitHub/Unreal-Engine-C-/Content/UltraDynamicSky/Textures/Sky/Moon_PhaseNormal.uexp" 5424
"C:/Users/whart/OneDrive/Documents/GitHub/Unreal-Engine-C-/Content/UltraDynamicSky/Textures/StaticClouds/StaticClouds_A.uasset" 5425
"C:/Users/whart/OneDrive/Documents/GitHub/Unreal-Engine-C-/Content/UltraDynamicSky/Textures/StaticClouds/StaticClouds_A.uexp" 5426
"../../../Engine/Plugins/Experimental/Water/Content/Curves/FloatCurve.uasset" 5427
"../../../Engine/Plugins/Experimental/Water/Content/Curves/FloatCurve.uexp" 5428
"../../../Engine/Plugins/Experimental/Water/Content/Materials/MPC/MPC_Water.uasset" 5429
"../../../Engine/Plugins/Experimental/Water/Content/Materials/MPC/MPC_Water.uexp" 5430
"../../../Engine/Plugins/Experimental/Water/Content/Caustics/Materials/Functions/GetDistortionUV.uasset" 5431
"../../../Engine/Plugins/Experimental/Water/Content/Caustics/Materials/Functions/GetDistortionUV.uexp" 5432
"../../../Engine/Plugins/Experimental/Water/Content/Materials/Functions/ComputeWavesAttenuationFactor.uasset" 5433
"../../../Engine/Plugins/Experimental/Water/Content/Materials/Functions/ComputeWavesAttenuationFactor.uexp" 5434
"../../../Engine/Plugins/Experimental/Water/Content/Textures/BlackTexture2DArray.uasset" 5435
"../../../Engine/Plugins/Experimental/Water/Content/Textures/BlackTexture2DArray.uexp" 5436
"../../../Engine/Plugins/Experimental/Water/Content/Materials/Functions/HighQualityTextureFiltering.uasset" 5437
"../../../Engine/Plugins/Experimental/Water/Content/Materials/Functions/HighQualityTextureFiltering.uexp" 5438
"../../../Engine/Plugins/Experimental/Water/Content/Materials/Functions/WaterZoneData.uasset" 5439
"../../../Engine/Plugins/Experimental/Water/Content/Materials/Functions/WaterZoneData.uexp" 5440
"../../../Engine/Plugins/Experimental/Water/Content/Materials/Functions/SampleBakedFluidSimulation.uasset" 5441
"../../../Engine/Plugins/Experimental/Water/Content/Materials/Functions/SampleBakedFluidSimulation.uexp" 5442
"../../../Engine/Plugins/Experimental/Water/Content/Materials/Functions/WaterBodyData.uasset" 5443
"../../../Engine/Plugins/Experimental/Water/Content/Materials/Functions/WaterBodyData.uexp" 5444
"../../../Engine/Plugins/Experimental/Water/Content/Materials/Functions/WaveDepthFalloff_Overrides.uasset" 5445
"../../../Engine/Plugins/Experimental/Water/Content/Materials/Functions/WaveDepthFalloff_Overrides.uexp" 5446
"../../../Engine/Plugins/Experimental/Water/Content/Materials/Functions/ComputeGerstnerWaves.uasset" 5447
"../../../Engine/Plugins/Experimental/Water/Content/Materials/Functions/ComputeGerstnerWaves.uexp" 5448
"../../../Engine/Plugins/Experimental/Water/Content/Materials/Functions/GetWaterTime.uasset" 5449
"../../../Engine/Plugins/Experimental/Water/Content/Materials/Functions/GetWaterTime.uexp" 5450
"../../../Engine/Plugins/Experimental/Water/Content/Materials/Functions/WorldNormalBehindWater.uasset" 5451
"../../../Engine/Plugins/Experimental/Water/Content/Materials/Functions/WorldNormalBehindWater.uexp" 5452
"../../../Engine/Plugins/Experimental/Water/Content/Materials/Functions/WorldPositionBehindWater.uasset" 5453
"../../../Engine/Plugins/Experimental/Water/Content/Materials/Functions/WorldPositionBehindWater.uexp" 5454
"../../../Engine/Plugins/Experimental/Water/Content/Caustics/Materials/Functions/WaterCaustics_GerstnerWaves.uasset" 5455
"../../../Engine/Plugins/Experimental/Water/Content/Caustics/Materials/Functions/WaterCaustics_GerstnerWaves.uexp" 5456
"../../../Engine/Plugins/Experimental/Water/Content/Textures/Normals/T_Water_TilingNormal_With_Height_02_Softened.ubulk" 5457
"../../../Engine/Plugins/Experimental/Water/Content/Textures/Normals/T_Water_TilingNormal_With_Height_02_Softened.uasset" 5458
"../../../Engine/Plugins/Experimental/Water/Content/Textures/Normals/T_Water_TilingNormal_With_Height_02_Softened.uexp" 5459
"../../../Engine/Plugins/Experimental/Water/Content/Materials/Functions/WaterTextureWaves.uasset" 5460
"../../../Engine/Plugins/Experimental/Water/Content/Materials/Functions/WaterTextureWaves.uexp" 5461
"../../../Engine/Plugins/Experimental/Water/Content/Materials/Functions/WaterTextureSurface.uasset" 5462
"../../../Engine/Plugins/Experimental/Water/Content/Materials/Functions/WaterTextureSurface.uexp" 5463
"../../../Engine/Plugins/Experimental/Water/Content/Materials/Layers/WaterAttributes.uasset" 5464
"../../../Engine/Plugins/Experimental/Water/Content/Materials/Layers/WaterAttributes.uexp" 5465
"../../../Engine/Content/Functions/Engine_MaterialFunctions03/Procedurals/NormalFromHeightmap.uasset" 5466
"../../../Engine/Content/Functions/Engine_MaterialFunctions03/Procedurals/NormalFromHeightmap.uexp" 5467
"../../../Engine/Content/EngineSky/VolumetricClouds/T_VolumeNoiseShape128.uasset" 5468
"../../../Engine/Content/EngineSky/VolumetricClouds/T_VolumeNoiseShape128.uexp" 5469
"../../../Engine/Content/Functions/Engine_MaterialFunctions01/Gradient/BoxMask-2D.uasset" 5470
"../../../Engine/Content/Functions/Engine_MaterialFunctions01/Gradient/BoxMask-2D.uexp" 5471
"../../../Engine/Plugins/Experimental/Water/Content/Textures/Foam/T_WaterFlow_01_Foam_Tiled_N.ubulk" 5472
"../../../Engine/Plugins/Experimental/Water/Content/Textures/Foam/T_WaterFlow_01_Foam_Tiled_N.uasset" 5473
"../../../Engine/Plugins/Experimental/Water/Content/Textures/Foam/T_WaterFlow_01_Foam_Tiled_N.uexp" 5474
"../../../Engine/Plugins/Experimental/Water/Content/Textures/Foam/T_WaterFlow_01_Foam_Tiled.ubulk" 5475
"../../../Engine/Plugins/Experimental/Water/Content/Textures/Foam/T_WaterFlow_01_Foam_Tiled.uasset" 5476
"../../../Engine/Plugins/Experimental/Water/Content/Textures/Foam/T_WaterFlow_01_Foam_Tiled.uexp" 5477
"../../../Engine/Plugins/Experimental/Water/Content/FluidSimulation/WaveFoam/FoamRT.uasset" 5478
"../../../Engine/Plugins/Experimental/Water/Content/FluidSimulation/WaveFoam/FoamRT.uexp" 5479
"../../../Engine/Plugins/Experimental/Water/Content/Materials/Layers/BeachFoam.uasset" 5480
"../../../Engine/Plugins/Experimental/Water/Content/Materials/Layers/BeachFoam.uexp" 5481
"../../../Engine/Plugins/Experimental/Water/Content/Materials/Functions/WaveVelocityMask.uasset" 5482
"../../../Engine/Plugins/Experimental/Water/Content/Materials/Functions/WaveVelocityMask.uexp" 5483
"../../../Engine/Plugins/Experimental/Water/Content/Materials/Functions/Water_Underside.uasset" 5484
"../../../Engine/Plugins/Experimental/Water/Content/Materials/Functions/Water_Underside.uexp" 5485
"../../../Engine/Plugins/Experimental/Water/Content/Textures/Flowmaps/RiverFlowmap_Normal.ubulk" 5486
"../../../Engine/Plugins/Experimental/Water/Content/Textures/Flowmaps/RiverFlowmap_Normal.uasset" 5487
"../../../Engine/Plugins/Experimental/Water/Content/Textures/Flowmaps/RiverFlowmap_Normal.uexp" 5488
"../../../Engine/Plugins/Experimental/Water/Content/Textures/Flowmaps/RiverFlowmap_Diffuse.ubulk" 5489
"../../../Engine/Plugins/Experimental/Water/Content/Textures/Flowmaps/RiverFlowmap_Diffuse.uasset" 5490
"../../../Engine/Plugins/Experimental/Water/Content/Textures/Flowmaps/RiverFlowmap_Diffuse.uexp" 5491
"../../../Engine/Content/Functions/Engine_MaterialFunctions01/Coordinates/WorldPosition-XY.uasset" 5492
"../../../Engine/Content/Functions/Engine_MaterialFunctions01/Coordinates/WorldPosition-XY.uexp" 5493
"../../../Engine/Content/Functions/Engine_MaterialFunctions02/Math/MakeVectorsOrthogonal.uasset" 5494
"../../../Engine/Content/Functions/Engine_MaterialFunctions02/Math/MakeVectorsOrthogonal.uexp" 5495
"../../../Engine/Content/Functions/Engine_MaterialFunctions02/Utility/LinearSine.uasset" 5496
"../../../Engine/Content/Functions/Engine_MaterialFunctions02/Utility/LinearSine.uexp" 5497
"../../../Engine/Content/Functions/Engine_MaterialFunctions02/Texturing/Flowmaps.uasset" 5498
"../../../Engine/Content/Functions/Engine_MaterialFunctions02/Texturing/Flowmaps.uexp" 5499
"../../../Engine/Plugins/Experimental/Water/Content/Materials/Functions/WaterRiverFlowmaps.uasset" 5500
"../../../Engine/Plugins/Experimental/Water/Content/Materials/Functions/WaterRiverFlowmaps.uexp" 5501
"../../../Engine/Plugins/Experimental/Water/Content/Materials/Functions/WaterOpacityMaskFromDepth.uasset" 5502
"../../../Engine/Plugins/Experimental/Water/Content/Materials/Functions/WaterOpacityMaskFromDepth.uexp" 5503
"../../../Engine/Plugins/Experimental/Water/Content/Materials/Functions/WaterHeightMappingVS.uasset" 5504
"../../../Engine/Plugins/Experimental/Water/Content/Materials/Functions/WaterHeightMappingVS.uexp" 5505
"../../../Engine/Plugins/Experimental/Water/Content/Materials/Functions/WaterCoefficientMask.uasset" 5506
"../../../Engine/Plugins/Experimental/Water/Content/Materials/Functions/WaterCoefficientMask.uexp" 5507
"../../../Engine/Plugins/Experimental/Water/Content/Materials/Functions/SetWaveAttributes.uasset" 5508
"../../../Engine/Plugins/Experimental/Water/Content/Materials/Functions/SetWaveAttributes.uexp" 5509
"../../../Engine/Content/Functions/Engine_MaterialFunctions01/Opacity/AlphaOffset.uasset" 5510
"../../../Engine/Content/Functions/Engine_MaterialFunctions01/Opacity/AlphaOffset.uexp" 5511
"../../../Engine/Plugins/Experimental/Water/Content/FluidSimulation/WaveFoam/WaterDistanceField.uasset" 5512
"../../../Engine/Plugins/Experimental/Water/Content/FluidSimulation/WaveFoam/WaterDistanceField.uexp" 5513
"../../../Engine/Plugins/Experimental/Water/Content/FluidSimulation/Materials/Functions/Fluidsim_WorldPosition_to_UV.uasset" 5514
"../../../Engine/Plugins/Experimental/Water/Content/FluidSimulation/Materials/Functions/Fluidsim_WorldPosition_to_UV.uexp" 5515
"../../../Engine/Plugins/Experimental/Water/Content/Materials/Functions/SampleFluidSimulation.uasset" 5516
"../../../Engine/Plugins/Experimental/Water/Content/Materials/Functions/SampleFluidSimulation.uexp" 5517
"../../../Engine/Plugins/Experimental/Water/Content/Materials/Functions/ClipDynamicBounds.uasset" 5518
"../../../Engine/Plugins/Experimental/Water/Content/Materials/Functions/ClipDynamicBounds.uexp" 5519
"../../../Engine/Plugins/Experimental/Water/Content/Materials/WaterSurface/Water_Material.uasset" 5520
"../../../Engine/Plugins/Experimental/Water/Content/Materials/WaterSurface/Water_Material.uexp" 5521
"../../../Engine/Plugins/Experimental/Water/Content/Materials/WaterSurface/Water_FarMesh.uasset" 5522
"../../../Engine/Plugins/Experimental/Water/Content/Materials/WaterSurface/Water_FarMesh.uexp" 5523
"../../../Engine/Plugins/Experimental/Water/Content/Materials/HLOD/HLODWater.uasset" 5524
"../../../Engine/Plugins/Experimental/Water/Content/Materials/HLOD/HLODWater.uexp" 5525
"../../../Engine/Content/Functions/Engine_MaterialFunctions01/Volumetrics/SchlickPhase.uasset" 5526
"../../../Engine/Content/Functions/Engine_MaterialFunctions01/Volumetrics/SchlickPhase.uexp" 5527
"../../../Engine/Plugins/Experimental/Water/Content/Materials/PostProcessing/M_UnderWater_PostProcess_Volume.uasset" 5528
"../../../Engine/Plugins/Experimental/Water/Content/Materials/PostProcessing/M_UnderWater_PostProcess_Volume.uexp" 5529
"../../../Engine/Plugins/Experimental/Water/Content/Materials/WaterInfo/DrawWaterInfo.uasset" 5530
"../../../Engine/Plugins/Experimental/Water/Content/Materials/WaterInfo/DrawWaterInfo.uexp" 5531
"../../../Engine/Content/Functions/Engine_MaterialFunctions02/ExampleContent/Textures/water_n.ubulk" 5532
"../../../Engine/Content/Functions/Engine_MaterialFunctions02/ExampleContent/Textures/water_n.uasset" 5533
"../../../Engine/Content/Functions/Engine_MaterialFunctions02/ExampleContent/Textures/water_n.uexp" 5534
"../../../Engine/Content/Functions/Engine_MaterialFunctions02/ExampleContent/Textures/water_d.ubulk" 5535
"../../../Engine/Content/Functions/Engine_MaterialFunctions02/ExampleContent/Textures/water_d.uasset" 5536
"../../../Engine/Content/Functions/Engine_MaterialFunctions02/ExampleContent/Textures/water_d.uexp" 5537
"../../../Engine/Plugins/Experimental/Water/Content/Materials/WaterSurface/Water_Material_Inst.uasset" 5538
"../../../Engine/Plugins/Experimental/Water/Content/Materials/WaterSurface/Water_Material_Inst.uexp" 5539
"../../../Engine/Plugins/Experimental/Water/Content/Materials/WaterSurface/Water_Material_Lake.uasset" 5540
"../../../Engine/Plugins/Experimental/Water/Content/Materials/WaterSurface/Water_Material_Lake.uexp" 5541
"../../../Engine/Plugins/Experimental/Water/Content/Materials/WaterSurface/LODs/Water_Material_Lake_LOD.uasset" 5542
"../../../Engine/Plugins/Experimental/Water/Content/Materials/WaterSurface/LODs/Water_Material_Lake_LOD.uexp" 5543
"../../../Engine/Plugins/Experimental/Water/Content/Materials/WaterSurface/Water_Material_River.uasset" 5544
"../../../Engine/Plugins/Experimental/Water/Content/Materials/WaterSurface/Water_Material_River.uexp" 5545
"../../../Engine/Plugins/Experimental/Water/Content/Materials/WaterSurface/LODs/Water_Material_River_LOD.uasset" 5546
"../../../Engine/Plugins/Experimental/Water/Content/Materials/WaterSurface/LODs/Water_Material_River_LOD.uexp" 5547
"../../../Engine/Plugins/Experimental/Water/Content/Meshes/LakeMesh.uasset" 5548
"../../../Engine/Plugins/Experimental/Water/Content/Meshes/LakeMesh.uexp" 5549
"../../../Engine/Plugins/Experimental/Water/Content/Meshes/RiverMesh.uasset" 5550
"../../../Engine/Plugins/Experimental/Water/Content/Meshes/RiverMesh.uexp" 5551
"../../../Engine/Plugins/Experimental/Water/Content/Waves/GerstnerWaves_Lake.uasset" 5552
"../../../Engine/Plugins/Experimental/Water/Content/Waves/GerstnerWaves_Lake.uexp" 5553
"C:/Users/whart/OneDrive/Documents/GitHub/Unreal-Engine-C-/Content/Levels/Forest.uexp" 5554
"C:/Users/whart/OneDrive/Documents/GitHub/Unreal-Engine-C-/Content/Levels/Forest.ubulk" 5555
"C:/Users/whart/OneDrive/Documents/GitHub/Unreal-Engine-C-/Content/Levels/Forest.umap" 5556
"C:/Users/whart/OneDrive/Documents/GitHub/Unreal-Engine-C-/Content/Levels/Desert_BuiltData.ubulk" 5557
"C:/Users/whart/OneDrive/Documents/GitHub/Unreal-Engine-C-/Content/Levels/Desert_BuiltData.uasset" 5558
"C:/Users/whart/OneDrive/Documents/GitHub/Unreal-Engine-C-/Content/Levels/Desert_BuiltData.uexp" 5559
"C:/Users/whart/OneDrive/Documents/GitHub/Unreal-Engine-C-/Content/Assets/EnvironmentAssets/MegaScans/Models/Cactus_udugdfvfa/Roughness_2K__udugdfvfa.ubulk" 5560
"C:/Users/whart/OneDrive/Documents/GitHub/Unreal-Engine-C-/Content/Assets/EnvironmentAssets/MegaScans/Models/Cactus_udugdfvfa/Roughness_2K__udugdfvfa.uasset" 5561
"C:/Users/whart/OneDrive/Documents/GitHub/Unreal-Engine-C-/Content/Assets/EnvironmentAssets/MegaScans/Models/Cactus_udugdfvfa/Roughness_2K__udugdfvfa.uexp" 5562
"C:/Users/whart/OneDrive/Documents/GitHub/Unreal-Engine-C-/Content/Assets/EnvironmentAssets/MegaScans/Models/Cactus_udugdfvfa/Normal_2K_LOD4_udugdfvfa.ubulk" 5563
"C:/Users/whart/OneDrive/Documents/GitHub/Unreal-Engine-C-/Content/Assets/EnvironmentAssets/MegaScans/Models/Cactus_udugdfvfa/Normal_2K_LOD4_udugdfvfa.uasset" 5564
"C:/Users/whart/OneDrive/Documents/GitHub/Unreal-Engine-C-/Content/Assets/EnvironmentAssets/MegaScans/Models/Cactus_udugdfvfa/Normal_2K_LOD4_udugdfvfa.uexp" 5565
"C:/Users/whart/OneDrive/Documents/GitHub/Unreal-Engine-C-/Content/Assets/EnvironmentAssets/MegaScans/Models/Cactus_udugdfvfa/Albedo_2K_LOD4_udugdfvfa.ubulk" 5566
"C:/Users/whart/OneDrive/Documents/GitHub/Unreal-Engine-C-/Content/Assets/EnvironmentAssets/MegaScans/Models/Cactus_udugdfvfa/Albedo_2K_LOD4_udugdfvfa.uasset" 5567
"C:/Users/whart/OneDrive/Documents/GitHub/Unreal-Engine-C-/Content/Assets/EnvironmentAssets/MegaScans/Models/Cactus_udugdfvfa/Albedo_2K_LOD4_udugdfvfa.uexp" 5568
"C:/Users/whart/OneDrive/Documents/GitHub/Unreal-Engine-C-/Content/Assets/EnvironmentAssets/MegaScans/Models/Cactus_udugdfvfa/Cactus1.uasset" 5569
"C:/Users/whart/OneDrive/Documents/GitHub/Unreal-Engine-C-/Content/Assets/EnvironmentAssets/MegaScans/Models/Cactus_udugdfvfa/Cactus1.uexp" 5570
"C:/Users/whart/OneDrive/Documents/GitHub/Unreal-Engine-C-/Content/Assets/EnvironmentAssets/MegaScans/Models/Cactus_udugdfvfa/Cactus_LOD4__udugdfvfa.uasset" 5571
"C:/Users/whart/OneDrive/Documents/GitHub/Unreal-Engine-C-/Content/Assets/EnvironmentAssets/MegaScans/Models/Cactus_udugdfvfa/Cactus_LOD4__udugdfvfa.uexp" 5572
"C:/Users/whart/OneDrive/Documents/GitHub/Unreal-Engine-C-/Content/Assets/EnvironmentAssets/MegaScans/Models/Cactus_uenpefhfa/Roughness_2K__uenpefhfa.ubulk" 5573
"C:/Users/whart/OneDrive/Documents/GitHub/Unreal-Engine-C-/Content/Assets/EnvironmentAssets/MegaScans/Models/Cactus_uenpefhfa/Roughness_2K__uenpefhfa.uasset" 5574
"C:/Users/whart/OneDrive/Documents/GitHub/Unreal-Engine-C-/Content/Assets/EnvironmentAssets/MegaScans/Models/Cactus_uenpefhfa/Roughness_2K__uenpefhfa.uexp" 5575
"C:/Users/whart/OneDrive/Documents/GitHub/Unreal-Engine-C-/Content/Assets/EnvironmentAssets/MegaScans/Models/Cactus_uenpefhfa/Normal_2K_LOD4_uenpefhfa.ubulk" 5576
"C:/Users/whart/OneDrive/Documents/GitHub/Unreal-Engine-C-/Content/Assets/EnvironmentAssets/MegaScans/Models/Cactus_uenpefhfa/Normal_2K_LOD4_uenpefhfa.uasset" 5577
"C:/Users/whart/OneDrive/Documents/GitHub/Unreal-Engine-C-/Content/Assets/EnvironmentAssets/MegaScans/Models/Cactus_uenpefhfa/Normal_2K_LOD4_uenpefhfa.uexp" 5578
"C:/Users/whart/OneDrive/Documents/GitHub/Unreal-Engine-C-/Content/Assets/EnvironmentAssets/MegaScans/Models/Cactus_uenpefhfa/Albedo_2K_LOD4_uenpefhfa.ubulk" 5579
"C:/Users/whart/OneDrive/Documents/GitHub/Unreal-Engine-C-/Content/Assets/EnvironmentAssets/MegaScans/Models/Cactus_uenpefhfa/Albedo_2K_LOD4_uenpefhfa.uasset" 5580
"C:/Users/whart/OneDrive/Documents/GitHub/Unreal-Engine-C-/Content/Assets/EnvironmentAssets/MegaScans/Models/Cactus_uenpefhfa/Albedo_2K_LOD4_uenpefhfa.uexp" 5581
"C:/Users/whart/OneDrive/Documents/GitHub/Unreal-Engine-C-/Content/Assets/EnvironmentAssets/MegaScans/Models/Cactus_uenpefhfa/Cactus2.uasset" 5582
"C:/Users/whart/OneDrive/Documents/GitHub/Unreal-Engine-C-/Content/Assets/EnvironmentAssets/MegaScans/Models/Cactus_uenpefhfa/Cactus2.uexp" 5583
"C:/Users/whart/OneDrive/Documents/GitHub/Unreal-Engine-C-/Content/Assets/EnvironmentAssets/MegaScans/Models/Cactus_uenpefhfa/Cactus_LOD4__uenpefhfa.uasset" 5584
"C:/Users/whart/OneDrive/Documents/GitHub/Unreal-Engine-C-/Content/Assets/EnvironmentAssets/MegaScans/Models/Cactus_uenpefhfa/Cactus_LOD4__uenpefhfa.uexp" 5585
"C:/Users/whart/OneDrive/Documents/GitHub/Unreal-Engine-C-/Content/Assets/EnvironmentAssets/MegaScans/Models/Cactus_ueopfjiga/Roughness_2K__ueopfjiga.ubulk" 5586
"C:/Users/whart/OneDrive/Documents/GitHub/Unreal-Engine-C-/Content/Assets/EnvironmentAssets/MegaScans/Models/Cactus_ueopfjiga/Roughness_2K__ueopfjiga.uasset" 5587
"C:/Users/whart/OneDrive/Documents/GitHub/Unreal-Engine-C-/Content/Assets/EnvironmentAssets/MegaScans/Models/Cactus_ueopfjiga/Roughness_2K__ueopfjiga.uexp" 5588
"C:/Users/whart/OneDrive/Documents/GitHub/Unreal-Engine-C-/Content/Assets/EnvironmentAssets/MegaScans/Models/Cactus_ueopfjiga/Normal_2K_LOD4_ueopfjiga.ubulk" 5589
"C:/Users/whart/OneDrive/Documents/GitHub/Unreal-Engine-C-/Content/Assets/EnvironmentAssets/MegaScans/Models/Cactus_ueopfjiga/Normal_2K_LOD4_ueopfjiga.uasset" 5590
"C:/Users/whart/OneDrive/Documents/GitHub/Unreal-Engine-C-/Content/Assets/EnvironmentAssets/MegaScans/Models/Cactus_ueopfjiga/Normal_2K_LOD4_ueopfjiga.uexp" 5591
"C:/Users/whart/OneDrive/Documents/GitHub/Unreal-Engine-C-/Content/Assets/EnvironmentAssets/MegaScans/Models/Cactus_ueopfjiga/Albedo_2K_LOD4_ueopfjiga.ubulk" 5592
"C:/Users/whart/OneDrive/Documents/GitHub/Unreal-Engine-C-/Content/Assets/EnvironmentAssets/MegaScans/Models/Cactus_ueopfjiga/Albedo_2K_LOD4_ueopfjiga.uasset" 5593
"C:/Users/whart/OneDrive/Documents/GitHub/Unreal-Engine-C-/Content/Assets/EnvironmentAssets/MegaScans/Models/Cactus_ueopfjiga/Albedo_2K_LOD4_ueopfjiga.uexp" 5594
"C:/Users/whart/OneDrive/Documents/GitHub/Unreal-Engine-C-/Content/Assets/EnvironmentAssets/MegaScans/Models/Cactus_ueopfjiga/Cactus3.uasset" 5595
"C:/Users/whart/OneDrive/Documents/GitHub/Unreal-Engine-C-/Content/Assets/EnvironmentAssets/MegaScans/Models/Cactus_ueopfjiga/Cactus3.uexp" 5596
"C:/Users/whart/OneDrive/Documents/GitHub/Unreal-Engine-C-/Content/Assets/EnvironmentAssets/MegaScans/Models/Cactus_ueopfjiga/Cactus_LOD4__ueopfjiga.uasset" 5597
"C:/Users/whart/OneDrive/Documents/GitHub/Unreal-Engine-C-/Content/Assets/EnvironmentAssets/MegaScans/Models/Cactus_ueopfjiga/Cactus_LOD4__ueopfjiga.uexp" 5598
"C:/Users/whart/OneDrive/Documents/GitHub/Unreal-Engine-C-/Content/Assets/EnvironmentAssets/MegaScans/Models/Desert_Western_Rock_Large_10_xgnocdx/Roughness_2K__xgnocdx.ubulk" 5599
"C:/Users/whart/OneDrive/Documents/GitHub/Unreal-Engine-C-/Content/Assets/EnvironmentAssets/MegaScans/Models/Desert_Western_Rock_Large_10_xgnocdx/Roughness_2K__xgnocdx.uasset" 5600
"C:/Users/whart/OneDrive/Documents/GitHub/Unreal-Engine-C-/Content/Assets/EnvironmentAssets/MegaScans/Models/Desert_Western_Rock_Large_10_xgnocdx/Roughness_2K__xgnocdx.uexp" 5601
"C:/Users/whart/OneDrive/Documents/GitHub/Unreal-Engine-C-/Content/Assets/EnvironmentAssets/MegaScans/Models/Desert_Western_Rock_Large_10_xgnocdx/Normal_2K_LOD4_xgnocdx.ubulk" 5602
"C:/Users/whart/OneDrive/Documents/GitHub/Unreal-Engine-C-/Content/Assets/EnvironmentAssets/MegaScans/Models/Desert_Western_Rock_Large_10_xgnocdx/Normal_2K_LOD4_xgnocdx.uasset" 5603
"C:/Users/whart/OneDrive/Documents/GitHub/Unreal-Engine-C-/Content/Assets/EnvironmentAssets/MegaScans/Models/Desert_Western_Rock_Large_10_xgnocdx/Normal_2K_LOD4_xgnocdx.uexp" 5604
"C:/Users/whart/OneDrive/Documents/GitHub/Unreal-Engine-C-/Content/Assets/EnvironmentAssets/MegaScans/Models/Desert_Western_Rock_Large_10_xgnocdx/Albedo_2K_LOD4_xgnocdx.ubulk" 5605
"C:/Users/whart/OneDrive/Documents/GitHub/Unreal-Engine-C-/Content/Assets/EnvironmentAssets/MegaScans/Models/Desert_Western_Rock_Large_10_xgnocdx/Albedo_2K_LOD4_xgnocdx.uasset" 5606
"C:/Users/whart/OneDrive/Documents/GitHub/Unreal-Engine-C-/Content/Assets/EnvironmentAssets/MegaScans/Models/Desert_Western_Rock_Large_10_xgnocdx/Albedo_2K_LOD4_xgnocdx.uexp" 5607
"C:/Users/whart/OneDrive/Documents/GitHub/Unreal-Engine-C-/Content/Assets/EnvironmentAssets/MegaScans/Models/Desert_Western_Rock_Large_10_xgnocdx/DesertRock_4.uasset" 5608
"C:/Users/whart/OneDrive/Documents/GitHub/Unreal-Engine-C-/Content/Assets/EnvironmentAssets/MegaScans/Models/Desert_Western_Rock_Large_10_xgnocdx/DesertRock_4.uexp" 5609
"C:/Users/whart/OneDrive/Documents/GitHub/Unreal-Engine-C-/Content/Assets/EnvironmentAssets/MegaScans/Models/Desert_Western_Rock_Large_10_xgnocdx/Desert_Western_Rock_Large_10_LOD4__xgnocdx.uasset" 5610
"C:/Users/whart/OneDrive/Documents/GitHub/Unreal-Engine-C-/Content/Assets/EnvironmentAssets/MegaScans/Models/Desert_Western_Rock_Large_10_xgnocdx/Desert_Western_Rock_Large_10_LOD4__xgnocdx.uexp" 5611
"C:/Users/whart/OneDrive/Documents/GitHub/Unreal-Engine-C-/Content/Assets/EnvironmentAssets/MegaScans/Models/Desert_Western_Scatter_Rock_07_xgndbge/Roughness_2K__xgndbge.ubulk" 5612
"C:/Users/whart/OneDrive/Documents/GitHub/Unreal-Engine-C-/Content/Assets/EnvironmentAssets/MegaScans/Models/Desert_Western_Scatter_Rock_07_xgndbge/Roughness_2K__xgndbge.uasset" 5613
"C:/Users/whart/OneDrive/Documents/GitHub/Unreal-Engine-C-/Content/Assets/EnvironmentAssets/MegaScans/Models/Desert_Western_Scatter_Rock_07_xgndbge/Roughness_2K__xgndbge.uexp" 5614
"C:/Users/whart/OneDrive/Documents/GitHub/Unreal-Engine-C-/Content/Assets/EnvironmentAssets/MegaScans/Models/Desert_Western_Scatter_Rock_07_xgndbge/Normal_2K_LOD4_xgndbge.ubulk" 5615
"C:/Users/whart/OneDrive/Documents/GitHub/Unreal-Engine-C-/Content/Assets/EnvironmentAssets/MegaScans/Models/Desert_Western_Scatter_Rock_07_xgndbge/Normal_2K_LOD4_xgndbge.uasset" 5616
"C:/Users/whart/OneDrive/Documents/GitHub/Unreal-Engine-C-/Content/Assets/EnvironmentAssets/MegaScans/Models/Desert_Western_Scatter_Rock_07_xgndbge/Normal_2K_LOD4_xgndbge.uexp" 5617
"C:/Users/whart/OneDrive/Documents/GitHub/Unreal-Engine-C-/Content/Assets/EnvironmentAssets/MegaScans/Models/Desert_Western_Scatter_Rock_07_xgndbge/Albedo_2K_LOD4_xgndbge.ubulk" 5618
"C:/Users/whart/OneDrive/Documents/GitHub/Unreal-Engine-C-/Content/Assets/EnvironmentAssets/MegaScans/Models/Desert_Western_Scatter_Rock_07_xgndbge/Albedo_2K_LOD4_xgndbge.uasset" 5619
"C:/Users/whart/OneDrive/Documents/GitHub/Unreal-Engine-C-/Content/Assets/EnvironmentAssets/MegaScans/Models/Desert_Western_Scatter_Rock_07_xgndbge/Albedo_2K_LOD4_xgndbge.uexp" 5620
"C:/Users/whart/OneDrive/Documents/GitHub/Unreal-Engine-C-/Content/Assets/EnvironmentAssets/MegaScans/Models/Desert_Western_Scatter_Rock_07_xgndbge/DesertRock_1.uasset" 5621
"C:/Users/whart/OneDrive/Documents/GitHub/Unreal-Engine-C-/Content/Assets/EnvironmentAssets/MegaScans/Models/Desert_Western_Scatter_Rock_07_xgndbge/DesertRock_1.uexp" 5622
"C:/Users/whart/OneDrive/Documents/GitHub/Unreal-Engine-C-/Content/Assets/EnvironmentAssets/MegaScans/Models/Desert_Western_Scatter_Rock_07_xgndbge/Desert_Western_Scatter_Rock_07_LOD4__xgndbge.uasset" 5623
"C:/Users/whart/OneDrive/Documents/GitHub/Unreal-Engine-C-/Content/Assets/EnvironmentAssets/MegaScans/Models/Desert_Western_Scatter_Rock_07_xgndbge/Desert_Western_Scatter_Rock_07_LOD4__xgndbge.uexp" 5624
"C:/Users/whart/OneDrive/Documents/GitHub/Unreal-Engine-C-/Content/Assets/EnvironmentAssets/MegaScans/Models/Desert_Western_Scatter_Rock_15_xgmdcay/Roughness_2K__xgmdcay.ubulk" 5625
"C:/Users/whart/OneDrive/Documents/GitHub/Unreal-Engine-C-/Content/Assets/EnvironmentAssets/MegaScans/Models/Desert_Western_Scatter_Rock_15_xgmdcay/Roughness_2K__xgmdcay.uasset" 5626
"C:/Users/whart/OneDrive/Documents/GitHub/Unreal-Engine-C-/Content/Assets/EnvironmentAssets/MegaScans/Models/Desert_Western_Scatter_Rock_15_xgmdcay/Roughness_2K__xgmdcay.uexp" 5627
"C:/Users/whart/OneDrive/Documents/GitHub/Unreal-Engine-C-/Content/Assets/EnvironmentAssets/MegaScans/Models/Desert_Western_Scatter_Rock_15_xgmdcay/Normal_2K_LOD4_xgmdcay.ubulk" 5628
"C:/Users/whart/OneDrive/Documents/GitHub/Unreal-Engine-C-/Content/Assets/EnvironmentAssets/MegaScans/Models/Desert_Western_Scatter_Rock_15_xgmdcay/Normal_2K_LOD4_xgmdcay.uasset" 5629
"C:/Users/whart/OneDrive/Documents/GitHub/Unreal-Engine-C-/Content/Assets/EnvironmentAssets/MegaScans/Models/Desert_Western_Scatter_Rock_15_xgmdcay/Normal_2K_LOD4_xgmdcay.uexp" 5630
"C:/Users/whart/OneDrive/Documents/GitHub/Unreal-Engine-C-/Content/Assets/EnvironmentAssets/MegaScans/Models/Desert_Western_Scatter_Rock_15_xgmdcay/Albedo_2K_LOD4_xgmdcay.ubulk" 5631
"C:/Users/whart/OneDrive/Documents/GitHub/Unreal-Engine-C-/Content/Assets/EnvironmentAssets/MegaScans/Models/Desert_Western_Scatter_Rock_15_xgmdcay/Albedo_2K_LOD4_xgmdcay.uasset" 5632
"C:/Users/whart/OneDrive/Documents/GitHub/Unreal-Engine-C-/Content/Assets/EnvironmentAssets/MegaScans/Models/Desert_Western_Scatter_Rock_15_xgmdcay/Albedo_2K_LOD4_xgmdcay.uexp" 5633
"C:/Users/whart/OneDrive/Documents/GitHub/Unreal-Engine-C-/Content/Assets/EnvironmentAssets/MegaScans/Models/Desert_Western_Scatter_Rock_15_xgmdcay/DesertRock_2.uasset" 5634
"C:/Users/whart/OneDrive/Documents/GitHub/Unreal-Engine-C-/Content/Assets/EnvironmentAssets/MegaScans/Models/Desert_Western_Scatter_Rock_15_xgmdcay/DesertRock_2.uexp" 5635
"C:/Users/whart/OneDrive/Documents/GitHub/Unreal-Engine-C-/Content/Assets/EnvironmentAssets/MegaScans/Models/Desert_Western_Scatter_Rock_15_xgmdcay/Desert_Western_Scatter_Rock_15_LOD4__xgmdcay.uasset" 5636
"C:/Users/whart/OneDrive/Documents/GitHub/Unreal-Engine-C-/Content/Assets/EnvironmentAssets/MegaScans/Models/Desert_Western_Scatter_Rock_15_xgmdcay/Desert_Western_Scatter_Rock_15_LOD4__xgmdcay.uexp" 5637
"C:/Users/whart/OneDrive/Documents/GitHub/Unreal-Engine-C-/Content/Assets/EnvironmentAssets/MegaScans/Models/Desert_Western_Scatter_Rock_16_xgncbgz/Roughness_2K__xgncbgz.ubulk" 5638
"C:/Users/whart/OneDrive/Documents/GitHub/Unreal-Engine-C-/Content/Assets/EnvironmentAssets/MegaScans/Models/Desert_Western_Scatter_Rock_16_xgncbgz/Roughness_2K__xgncbgz.uasset" 5639
"C:/Users/whart/OneDrive/Documents/GitHub/Unreal-Engine-C-/Content/Assets/EnvironmentAssets/MegaScans/Models/Desert_Western_Scatter_Rock_16_xgncbgz/Roughness_2K__xgncbgz.uexp" 5640
"C:/Users/whart/OneDrive/Documents/GitHub/Unreal-Engine-C-/Content/Assets/EnvironmentAssets/MegaScans/Models/Desert_Western_Scatter_Rock_16_xgncbgz/Normal_2K_LOD4_xgncbgz.ubulk" 5641
"C:/Users/whart/OneDrive/Documents/GitHub/Unreal-Engine-C-/Content/Assets/EnvironmentAssets/MegaScans/Models/Desert_Western_Scatter_Rock_16_xgncbgz/Normal_2K_LOD4_xgncbgz.uasset" 5642
"C:/Users/whart/OneDrive/Documents/GitHub/Unreal-Engine-C-/Content/Assets/EnvironmentAssets/MegaScans/Models/Desert_Western_Scatter_Rock_16_xgncbgz/Normal_2K_LOD4_xgncbgz.uexp" 5643
"C:/Users/whart/OneDrive/Documents/GitHub/Unreal-Engine-C-/Content/Assets/EnvironmentAssets/MegaScans/Models/Desert_Western_Scatter_Rock_16_xgncbgz/Albedo_2K_LOD4_xgncbgz.ubulk" 5644
"C:/Users/whart/OneDrive/Documents/GitHub/Unreal-Engine-C-/Content/Assets/EnvironmentAssets/MegaScans/Models/Desert_Western_Scatter_Rock_16_xgncbgz/Albedo_2K_LOD4_xgncbgz.uasset" 5645
"C:/Users/whart/OneDrive/Documents/GitHub/Unreal-Engine-C-/Content/Assets/EnvironmentAssets/MegaScans/Models/Desert_Western_Scatter_Rock_16_xgncbgz/Albedo_2K_LOD4_xgncbgz.uexp" 5646
"C:/Users/whart/OneDrive/Documents/GitHub/Unreal-Engine-C-/Content/Assets/EnvironmentAssets/MegaScans/Models/Desert_Western_Scatter_Rock_16_xgncbgz/DesertRock_3.uasset" 5647
"C:/Users/whart/OneDrive/Documents/GitHub/Unreal-Engine-C-/Content/Assets/EnvironmentAssets/MegaScans/Models/Desert_Western_Scatter_Rock_16_xgncbgz/DesertRock_3.uexp" 5648
"C:/Users/whart/OneDrive/Documents/GitHub/Unreal-Engine-C-/Content/Assets/EnvironmentAssets/MegaScans/Models/Desert_Western_Scatter_Rock_16_xgncbgz/Desert_Western_Scatter_Rock_16_LOD4__xgncbgz.uasset" 5649
"C:/Users/whart/OneDrive/Documents/GitHub/Unreal-Engine-C-/Content/Assets/EnvironmentAssets/MegaScans/Models/Desert_Western_Scatter_Rock_16_xgncbgz/Desert_Western_Scatter_Rock_16_LOD4__xgncbgz.uexp" 5650
"C:/Users/whart/OneDrive/Documents/GitHub/Unreal-Engine-C-/Content/Assets/EnvironmentAssets/MegaScans/Models/River_Saltbush_vdfpcgbia/Opacity_2K__vdfpcgbia.ubulk" 5651
"C:/Users/whart/OneDrive/Documents/GitHub/Unreal-Engine-C-/Content/Assets/EnvironmentAssets/MegaScans/Models/River_Saltbush_vdfpcgbia/Opacity_2K__vdfpcgbia.uasset" 5652
"C:/Users/whart/OneDrive/Documents/GitHub/Unreal-Engine-C-/Content/Assets/EnvironmentAssets/MegaScans/Models/River_Saltbush_vdfpcgbia/Opacity_2K__vdfpcgbia.uexp" 5653
"C:/Users/whart/OneDrive/Documents/GitHub/Unreal-Engine-C-/Content/Assets/EnvironmentAssets/MegaScans/Models/River_Saltbush_vdfpcgbia/Normal_2K__vdfpcgbia.ubulk" 5654
"C:/Users/whart/OneDrive/Documents/GitHub/Unreal-Engine-C-/Content/Assets/EnvironmentAssets/MegaScans/Models/River_Saltbush_vdfpcgbia/Normal_2K__vdfpcgbia.uasset" 5655
"C:/Users/whart/OneDrive/Documents/GitHub/Unreal-Engine-C-/Content/Assets/EnvironmentAssets/MegaScans/Models/River_Saltbush_vdfpcgbia/Normal_2K__vdfpcgbia.uexp" 5656
"C:/Users/whart/OneDrive/Documents/GitHub/Unreal-Engine-C-/Content/Assets/EnvironmentAssets/MegaScans/Models/River_Saltbush_vdfpcgbia/Albedo_2K__vdfpcgbia.ubulk" 5657
"C:/Users/whart/OneDrive/Documents/GitHub/Unreal-Engine-C-/Content/Assets/EnvironmentAssets/MegaScans/Models/River_Saltbush_vdfpcgbia/Albedo_2K__vdfpcgbia.uasset" 5658
"C:/Users/whart/OneDrive/Documents/GitHub/Unreal-Engine-C-/Content/Assets/EnvironmentAssets/MegaScans/Models/River_Saltbush_vdfpcgbia/Albedo_2K__vdfpcgbia.uexp" 5659
"C:/Users/whart/OneDrive/Documents/GitHub/Unreal-Engine-C-/Content/Assets/EnvironmentAssets/MegaScans/Models/River_Saltbush_vdfpcgbia/Desertfoliage.uasset" 5660
"C:/Users/whart/OneDrive/Documents/GitHub/Unreal-Engine-C-/Content/Assets/EnvironmentAssets/MegaScans/Models/River_Saltbush_vdfpcgbia/Desertfoliage.uexp" 5661
"C:/Users/whart/OneDrive/Documents/GitHub/Unreal-Engine-C-/Content/Assets/EnvironmentAssets/MegaScans/Models/River_Saltbush_vdfpcgbia/River_Saltbush_LOD3_Var13_vdfpcgbia.uasset" 5662
"C:/Users/whart/OneDrive/Documents/GitHub/Unreal-Engine-C-/Content/Assets/EnvironmentAssets/MegaScans/Models/River_Saltbush_vdfpcgbia/River_Saltbush_LOD3_Var13_vdfpcgbia.uexp" 5663
"C:/Users/whart/OneDrive/Documents/GitHub/Unreal-Engine-C-/Content/Assets/EnvironmentAssets/MegaScans/Models/River_Saltbush_vdfpcgbia/River_Saltbush_LOD3_Var14_vdfpcgbia.uasset" 5664
"C:/Users/whart/OneDrive/Documents/GitHub/Unreal-Engine-C-/Content/Assets/EnvironmentAssets/MegaScans/Models/River_Saltbush_vdfpcgbia/River_Saltbush_LOD3_Var14_vdfpcgbia.uexp" 5665
"C:/Users/whart/OneDrive/Documents/GitHub/Unreal-Engine-C-/Content/Assets/EnvironmentAssets/MegaScans/Models/River_Saltbush_vdfpcgbia/River_Saltbush_LOD3_Var15_vdfpcgbia.uasset" 5666
"C:/Users/whart/OneDrive/Documents/GitHub/Unreal-Engine-C-/Content/Assets/EnvironmentAssets/MegaScans/Models/River_Saltbush_vdfpcgbia/River_Saltbush_LOD3_Var15_vdfpcgbia.uexp" 5667
"C:/Users/whart/OneDrive/Documents/GitHub/Unreal-Engine-C-/Content/Assets/EnvironmentAssets/MegaScans/Models/River_Saltbush_vdfpcgbia/River_Saltbush_LOD3_Var16_vdfpcgbia.uasset" 5668
"C:/Users/whart/OneDrive/Documents/GitHub/Unreal-Engine-C-/Content/Assets/EnvironmentAssets/MegaScans/Models/River_Saltbush_vdfpcgbia/River_Saltbush_LOD3_Var16_vdfpcgbia.uexp" 5669
"C:/Users/whart/OneDrive/Documents/GitHub/Unreal-Engine-C-/Content/Assets/EnvironmentAssets/MegaScans/Models/River_Saltbush_vdfpcgbia/River_Saltbush_LOD3_Var1_vdfpcgbia.uasset" 5670
"C:/Users/whart/OneDrive/Documents/GitHub/Unreal-Engine-C-/Content/Assets/EnvironmentAssets/MegaScans/Models/River_Saltbush_vdfpcgbia/River_Saltbush_LOD3_Var1_vdfpcgbia.uexp" 5671
"C:/Users/whart/OneDrive/Documents/GitHub/Unreal-Engine-C-/Content/Assets/EnvironmentAssets/MegaScans/Models/River_Saltbush_vdfpcgbia/River_Saltbush_LOD3_Var2_vdfpcgbia.uasset" 5672
"C:/Users/whart/OneDrive/Documents/GitHub/Unreal-Engine-C-/Content/Assets/EnvironmentAssets/MegaScans/Models/River_Saltbush_vdfpcgbia/River_Saltbush_LOD3_Var2_vdfpcgbia.uexp" 5673
"C:/Users/whart/OneDrive/Documents/GitHub/Unreal-Engine-C-/Content/Assets/EnvironmentAssets/MegaScans/Models/River_Saltbush_vdfpcgbia/River_Saltbush_LOD3_Var3_vdfpcgbia.uasset" 5674
"C:/Users/whart/OneDrive/Documents/GitHub/Unreal-Engine-C-/Content/Assets/EnvironmentAssets/MegaScans/Models/River_Saltbush_vdfpcgbia/River_Saltbush_LOD3_Var3_vdfpcgbia.uexp" 5675
"C:/Users/whart/OneDrive/Documents/GitHub/Unreal-Engine-C-/Content/Assets/EnvironmentAssets/MegaScans/Models/River_Saltbush_vdfpcgbia/River_Saltbush_LOD3_Var4_vdfpcgbia.uasset" 5676
"C:/Users/whart/OneDrive/Documents/GitHub/Unreal-Engine-C-/Content/Assets/EnvironmentAssets/MegaScans/Models/River_Saltbush_vdfpcgbia/River_Saltbush_LOD3_Var4_vdfpcgbia.uexp" 5677
"C:/Users/whart/OneDrive/Documents/GitHub/Unreal-Engine-C-/Content/Assets/EnvironmentAssets/MegaScans/Models/River_Saltbush_vdfpcgbia/River_Saltbush_LOD3_Var5_vdfpcgbia.uasset" 5678
"C:/Users/whart/OneDrive/Documents/GitHub/Unreal-Engine-C-/Content/Assets/EnvironmentAssets/MegaScans/Models/River_Saltbush_vdfpcgbia/River_Saltbush_LOD3_Var5_vdfpcgbia.uexp" 5679
"C:/Users/whart/OneDrive/Documents/GitHub/Unreal-Engine-C-/Content/Assets/EnvironmentAssets/MegaScans/Models/River_Saltbush_vdfpcgbia/River_Saltbush_LOD3_Var6_vdfpcgbia.uasset" 5680
"C:/Users/whart/OneDrive/Documents/GitHub/Unreal-Engine-C-/Content/Assets/EnvironmentAssets/MegaScans/Models/River_Saltbush_vdfpcgbia/River_Saltbush_LOD3_Var6_vdfpcgbia.uexp" 5681
"C:/Users/whart/OneDrive/Documents/GitHub/Unreal-Engine-C-/Content/Assets/EnvironmentAssets/MegaScans/Models/River_Saltbush_vdfpcgbia/River_Saltbush_LOD3_Var7_vdfpcgbia.uasset" 5682
"C:/Users/whart/OneDrive/Documents/GitHub/Unreal-Engine-C-/Content/Assets/EnvironmentAssets/MegaScans/Models/River_Saltbush_vdfpcgbia/River_Saltbush_LOD3_Var7_vdfpcgbia.uexp" 5683
"C:/Users/whart/OneDrive/Documents/GitHub/Unreal-Engine-C-/Content/Assets/EnvironmentAssets/MegaScans/Models/River_Saltbush_vdfpcgbia/River_Saltbush_LOD3_Var8_vdfpcgbia.uasset" 5684
"C:/Users/whart/OneDrive/Documents/GitHub/Unreal-Engine-C-/Content/Assets/EnvironmentAssets/MegaScans/Models/River_Saltbush_vdfpcgbia/River_Saltbush_LOD3_Var8_vdfpcgbia.uexp" 5685
"C:/Users/whart/OneDrive/Documents/GitHub/Unreal-Engine-C-/Content/Assets/EnvironmentAssets/MegaScans/Models/River_Saltbush_vdfpcgbia/River_Saltbush_LOD3_Var9_vdfpcgbia.uasset" 5686
"C:/Users/whart/OneDrive/Documents/GitHub/Unreal-Engine-C-/Content/Assets/EnvironmentAssets/MegaScans/Models/River_Saltbush_vdfpcgbia/River_Saltbush_LOD3_Var9_vdfpcgbia.uexp" 5687
"C:/Users/whart/OneDrive/Documents/GitHub/Unreal-Engine-C-/Content/Assets/EnvironmentAssets/MegaScans/Models/Willowherb_tbfpbbhr/Opacity_2K__tbfpbbhr.ubulk" 5688
"C:/Users/whart/OneDrive/Documents/GitHub/Unreal-Engine-C-/Content/Assets/EnvironmentAssets/MegaScans/Models/Willowherb_tbfpbbhr/Opacity_2K__tbfpbbhr.uasset" 5689
"C:/Users/whart/OneDrive/Documents/GitHub/Unreal-Engine-C-/Content/Assets/EnvironmentAssets/MegaScans/Models/Willowherb_tbfpbbhr/Opacity_2K__tbfpbbhr.uexp" 5690
"C:/Users/whart/OneDrive/Documents/GitHub/Unreal-Engine-C-/Content/Assets/EnvironmentAssets/MegaScans/Models/Willowherb_tbfpbbhr/Normal_2K__tbfpbbhr.ubulk" 5691
"C:/Users/whart/OneDrive/Documents/GitHub/Unreal-Engine-C-/Content/Assets/EnvironmentAssets/MegaScans/Models/Willowherb_tbfpbbhr/Normal_2K__tbfpbbhr.uasset" 5692
"C:/Users/whart/OneDrive/Documents/GitHub/Unreal-Engine-C-/Content/Assets/EnvironmentAssets/MegaScans/Models/Willowherb_tbfpbbhr/Normal_2K__tbfpbbhr.uexp" 5693
"C:/Users/whart/OneDrive/Documents/GitHub/Unreal-Engine-C-/Content/Assets/EnvironmentAssets/MegaScans/Models/Willowherb_tbfpbbhr/Albedo_2K__tbfpbbhr.ubulk" 5694
"C:/Users/whart/OneDrive/Documents/GitHub/Unreal-Engine-C-/Content/Assets/EnvironmentAssets/MegaScans/Models/Willowherb_tbfpbbhr/Albedo_2K__tbfpbbhr.uasset" 5695
"C:/Users/whart/OneDrive/Documents/GitHub/Unreal-Engine-C-/Content/Assets/EnvironmentAssets/MegaScans/Models/Willowherb_tbfpbbhr/Albedo_2K__tbfpbbhr.uexp" 5696
"C:/Users/whart/OneDrive/Documents/GitHub/Unreal-Engine-C-/Content/Assets/EnvironmentAssets/MegaScans/Models/Willowherb_tbfpbbhr/DriedGrass.uasset" 5697
"C:/Users/whart/OneDrive/Documents/GitHub/Unreal-Engine-C-/Content/Assets/EnvironmentAssets/MegaScans/Models/Willowherb_tbfpbbhr/DriedGrass.uexp" 5698
"C:/Users/whart/OneDrive/Documents/GitHub/Unreal-Engine-C-/Content/Assets/EnvironmentAssets/MegaScans/Models/Willowherb_tbfpbbhr/Willowherb_LOD3_Var1_tbfpbbhr.uasset" 5699
"C:/Users/whart/OneDrive/Documents/GitHub/Unreal-Engine-C-/Content/Assets/EnvironmentAssets/MegaScans/Models/Willowherb_tbfpbbhr/Willowherb_LOD3_Var1_tbfpbbhr.uexp" 5700
"C:/Users/whart/OneDrive/Documents/GitHub/Unreal-Engine-C-/Content/Assets/EnvironmentAssets/MegaScans/Models/Willowherb_tbfpbbhr/Willowherb_LOD3_Var2_tbfpbbhr.uasset" 5701
"C:/Users/whart/OneDrive/Documents/GitHub/Unreal-Engine-C-/Content/Assets/EnvironmentAssets/MegaScans/Models/Willowherb_tbfpbbhr/Willowherb_LOD3_Var2_tbfpbbhr.uexp" 5702
"C:/Users/whart/OneDrive/Documents/GitHub/Unreal-Engine-C-/Content/Assets/EnvironmentAssets/MegaScans/Models/Willowherb_tbfpbbhr/Willowherb_LOD3_Var3_tbfpbbhr.uasset" 5703
"C:/Users/whart/OneDrive/Documents/GitHub/Unreal-Engine-C-/Content/Assets/EnvironmentAssets/MegaScans/Models/Willowherb_tbfpbbhr/Willowherb_LOD3_Var3_tbfpbbhr.uexp" 5704
"C:/Users/whart/OneDrive/Documents/GitHub/Unreal-Engine-C-/Content/Assets/EnvironmentAssets/MegaScans/Models/Willowherb_tbfpbbhr/Willowherb_LOD3_Var4_tbfpbbhr.uasset" 5705
"C:/Users/whart/OneDrive/Documents/GitHub/Unreal-Engine-C-/Content/Assets/EnvironmentAssets/MegaScans/Models/Willowherb_tbfpbbhr/Willowherb_LOD3_Var4_tbfpbbhr.uexp" 5706
"C:/Users/whart/OneDrive/Documents/GitHub/Unreal-Engine-C-/Content/Assets/EnvironmentAssets/MegaScans/Models/Willowherb_tbfpbbhr/Willowherb_LOD3_Var5_tbfpbbhr.uasset" 5707
"C:/Users/whart/OneDrive/Documents/GitHub/Unreal-Engine-C-/Content/Assets/EnvironmentAssets/MegaScans/Models/Willowherb_tbfpbbhr/Willowherb_LOD3_Var5_tbfpbbhr.uexp" 5708
"C:/Users/whart/OneDrive/Documents/GitHub/Unreal-Engine-C-/Content/Assets/EnvironmentAssets/MegaScans/Models/Willowherb_tbfpbbhr/Willowherb_LOD3_Var6_tbfpbbhr.uasset" 5709
"C:/Users/whart/OneDrive/Documents/GitHub/Unreal-Engine-C-/Content/Assets/EnvironmentAssets/MegaScans/Models/Willowherb_tbfpbbhr/Willowherb_LOD3_Var6_tbfpbbhr.uexp" 5710
"C:/Users/whart/OneDrive/Documents/GitHub/Unreal-Engine-C-/Content/M4/Maps/PaintWeights/Tundra_Demo_sharedassets/Auto_LayerInfo.uasset" 5711
"C:/Users/whart/OneDrive/Documents/GitHub/Unreal-Engine-C-/Content/M4/Maps/PaintWeights/Tundra_Demo_sharedassets/Auto_LayerInfo.uexp" 5712
"C:/Users/whart/OneDrive/Documents/GitHub/Unreal-Engine-C-/Content/M4/Materials/PresetInstances/Mobile/Island/M4_desert_Mobile_Inst.uasset" 5713
"C:/Users/whart/OneDrive/Documents/GitHub/Unreal-Engine-C-/Content/M4/Materials/PresetInstances/Mobile/Island/M4_desert_Mobile_Inst.uexp" 5714
"C:/Users/whart/OneDrive/Documents/GitHub/Unreal-Engine-C-/Content/Levels/Desert.uexp" 5715
"C:/Users/whart/OneDrive/Documents/GitHub/Unreal-Engine-C-/Content/Levels/Desert.ubulk" 5716
"C:/Users/whart/OneDrive/Documents/GitHub/Unreal-Engine-C-/Content/Levels/Desert.umap" 5717
"../../../Engine/Content/BasicShapes/Sphere.uasset" 5718
"../../../Engine/Content/BasicShapes/Sphere.uexp" 5719
"../../../Engine/Content/BasicShapes/Plane.uasset" 5720
"../../../Engine/Content/BasicShapes/Plane.uexp" 5721
"C:/Users/whart/OneDrive/Documents/GitHub/Unreal-Engine-C-/Content/PN_Banana/Materials/PN_WindParameters.uasset" 5722
"C:/Users/whart/OneDrive/Documents/GitHub/Unreal-Engine-C-/Content/PN_Banana/Materials/PN_WindParameters.uexp" 5723
"C:/Users/whart/OneDrive/Documents/GitHub/Unreal-Engine-C-/Content/PN_Banana/Textures/MasterTextures/banana_leaf_N.ubulk" 5724
"C:/Users/whart/OneDrive/Documents/GitHub/Unreal-Engine-C-/Content/PN_Banana/Textures/MasterTextures/banana_leaf_N.uasset" 5725
"C:/Users/whart/OneDrive/Documents/GitHub/Unreal-Engine-C-/Content/PN_Banana/Textures/MasterTextures/banana_leaf_N.uexp" 5726
"C:/Users/whart/OneDrive/Documents/GitHub/Unreal-Engine-C-/Content/PN_Banana/Textures/MasterTextures/banana_leaf_AORO.ubulk" 5727
"C:/Users/whart/OneDrive/Documents/GitHub/Unreal-Engine-C-/Content/PN_Banana/Textures/MasterTextures/banana_leaf_AORO.uasset" 5728
"C:/Users/whart/OneDrive/Documents/GitHub/Unreal-Engine-C-/Content/PN_Banana/Textures/MasterTextures/banana_leaf_AORO.uexp" 5729
"C:/Users/whart/OneDrive/Documents/GitHub/Unreal-Engine-C-/Content/PN_Banana/Textures/MasterTextures/banana_leaf_A.ubulk" 5730
"C:/Users/whart/OneDrive/Documents/GitHub/Unreal-Engine-C-/Content/PN_Banana/Textures/MasterTextures/banana_leaf_A.uasset" 5731
"C:/Users/whart/OneDrive/Documents/GitHub/Unreal-Engine-C-/Content/PN_Banana/Textures/MasterTextures/banana_leaf_A.uexp" 5732
"C:/Users/whart/OneDrive/Documents/GitHub/Unreal-Engine-C-/Content/PN_Banana/Textures/MasterTextures/bananaBark_N.ubulk" 5733
"C:/Users/whart/OneDrive/Documents/GitHub/Unreal-Engine-C-/Content/PN_Banana/Textures/MasterTextures/bananaBark_N.uasset" 5734
"C:/Users/whart/OneDrive/Documents/GitHub/Unreal-Engine-C-/Content/PN_Banana/Textures/MasterTextures/bananaBark_N.uexp" 5735
"C:/Users/whart/OneDrive/Documents/GitHub/Unreal-Engine-C-/Content/PN_Banana/Textures/MasterTextures/bananaBark_AORH.ubulk" 5736
"C:/Users/whart/OneDrive/Documents/GitHub/Unreal-Engine-C-/Content/PN_Banana/Textures/MasterTextures/bananaBark_AORH.uasset" 5737
"C:/Users/whart/OneDrive/Documents/GitHub/Unreal-Engine-C-/Content/PN_Banana/Textures/MasterTextures/bananaBark_AORH.uexp" 5738
"C:/Users/whart/OneDrive/Documents/GitHub/Unreal-Engine-C-/Content/PN_Banana/Textures/MasterTextures/bananabark_A.ubulk" 5739
"C:/Users/whart/OneDrive/Documents/GitHub/Unreal-Engine-C-/Content/PN_Banana/Textures/MasterTextures/bananabark_A.uasset" 5740
"C:/Users/whart/OneDrive/Documents/GitHub/Unreal-Engine-C-/Content/PN_Banana/Textures/MasterTextures/bananabark_A.uexp" 5741
"C:/Users/whart/OneDrive/Documents/GitHub/Unreal-Engine-C-/Content/PN_Banana/Materials/MaterialFunctions/PN_BendingParameters.uasset" 5742
"C:/Users/whart/OneDrive/Documents/GitHub/Unreal-Engine-C-/Content/PN_Banana/Materials/MaterialFunctions/PN_BendingParameters.uexp" 5743
"C:/Users/whart/OneDrive/Documents/GitHub/Unreal-Engine-C-/Content/PN_Banana/Materials/MaterialFunctions/PN_Bending.uasset" 5744
"C:/Users/whart/OneDrive/Documents/GitHub/Unreal-Engine-C-/Content/PN_Banana/Materials/MaterialFunctions/PN_Bending.uexp" 5745
"C:/Users/whart/OneDrive/Documents/GitHub/Unreal-Engine-C-/Content/PN_Banana/Materials/MaterialFunctions/PN_MultiBend.uasset" 5746
"C:/Users/whart/OneDrive/Documents/GitHub/Unreal-Engine-C-/Content/PN_Banana/Materials/MaterialFunctions/PN_MultiBend.uexp" 5747
"C:/Users/whart/OneDrive/Documents/GitHub/Unreal-Engine-C-/Content/PN_Banana/Materials/MaterialFunctions/PN_WindAnimation.uasset" 5748
"C:/Users/whart/OneDrive/Documents/GitHub/Unreal-Engine-C-/Content/PN_Banana/Materials/MaterialFunctions/PN_WindAnimation.uexp" 5749
"C:/Users/whart/OneDrive/Documents/GitHub/Unreal-Engine-C-/Content/PN_Banana/Materials/MaterialFunctions/PN_AnimationShader.uasset" 5750
"C:/Users/whart/OneDrive/Documents/GitHub/Unreal-Engine-C-/Content/PN_Banana/Materials/MaterialFunctions/PN_AnimationShader.uexp" 5751
"C:/Users/whart/OneDrive/Documents/GitHub/Unreal-Engine-C-/Content/PN_Banana/Materials/MA_Banana.uasset" 5752
"C:/Users/whart/OneDrive/Documents/GitHub/Unreal-Engine-C-/Content/PN_Banana/Materials/MA_Banana.uexp" 5753
"C:/Users/whart/OneDrive/Documents/GitHub/Unreal-Engine-C-/Content/PN_Banana/Textures/PivotPainter/banana_01_06_VEC.uasset" 5754
"C:/Users/whart/OneDrive/Documents/GitHub/Unreal-Engine-C-/Content/PN_Banana/Textures/PivotPainter/banana_01_06_VEC.uexp" 5755
"C:/Users/whart/OneDrive/Documents/GitHub/Unreal-Engine-C-/Content/PN_Banana/Textures/PivotPainter/banana_01_06_PIV.uasset" 5756
"C:/Users/whart/OneDrive/Documents/GitHub/Unreal-Engine-C-/Content/PN_Banana/Textures/PivotPainter/banana_01_06_PIV.uexp" 5757
"C:/Users/whart/OneDrive/Documents/GitHub/Unreal-Engine-C-/Content/PN_Banana/Materials/Material_Instances/big/MAI_Banana_01_06.uasset" 5758
"C:/Users/whart/OneDrive/Documents/GitHub/Unreal-Engine-C-/Content/PN_Banana/Materials/Material_Instances/big/MAI_Banana_01_06.uexp" 5759
"C:/Users/whart/OneDrive/Documents/GitHub/Unreal-Engine-C-/Content/PN_Banana/Materials/Material_Instances/big/MI_Banana_01_06_leaves.uasset" 5760
"C:/Users/whart/OneDrive/Documents/GitHub/Unreal-Engine-C-/Content/PN_Banana/Materials/Material_Instances/big/MI_Banana_01_06_leaves.uexp" 5761
"C:/Users/whart/OneDrive/Documents/GitHub/Unreal-Engine-C-/Content/PN_Banana/Materials/Material_Instances/big/MI_Banana_01_06_trunk.uasset" 5762
"C:/Users/whart/OneDrive/Documents/GitHub/Unreal-Engine-C-/Content/PN_Banana/Materials/Material_Instances/big/MI_Banana_01_06_trunk.uexp" 5763
"C:/Users/whart/OneDrive/Documents/GitHub/Unreal-Engine-C-/Content/PN_Banana/Meshes/plants/banana_01_06.uasset" 5764
"C:/Users/whart/OneDrive/Documents/GitHub/Unreal-Engine-C-/Content/PN_Banana/Meshes/plants/banana_01_06.uexp" 5765
"C:/Users/whart/OneDrive/Documents/GitHub/Unreal-Engine-C-/Content/SFX/TempBeachAmbiance.ubulk" 5766
"C:/Users/whart/OneDrive/Documents/GitHub/Unreal-Engine-C-/Content/SFX/TempBeachAmbiance.uasset" 5767
"C:/Users/whart/OneDrive/Documents/GitHub/Unreal-Engine-C-/Content/SFX/TempBeachAmbiance.uexp" 5768
"C:/Users/whart/OneDrive/Documents/GitHub/Unreal-Engine-C-/Content/Levels/Beach_BuiltData.ubulk" 5769
"C:/Users/whart/OneDrive/Documents/GitHub/Unreal-Engine-C-/Content/Levels/Beach_BuiltData.uasset" 5770
"C:/Users/whart/OneDrive/Documents/GitHub/Unreal-Engine-C-/Content/Levels/Beach_BuiltData.uexp" 5771
"C:/Users/whart/OneDrive/Documents/GitHub/Unreal-Engine-C-/Content/Assets/EnvironmentAssets/Materials/Sun/Sun.uasset" 5772
"C:/Users/whart/OneDrive/Documents/GitHub/Unreal-Engine-C-/Content/Assets/EnvironmentAssets/Materials/Sun/Sun.uexp" 5773
"C:/Users/whart/OneDrive/Documents/GitHub/Unreal-Engine-C-/Content/Assets/EnvironmentAssets/Materials/Sun/pngegg.uasset" 5774
"C:/Users/whart/OneDrive/Documents/GitHub/Unreal-Engine-C-/Content/Assets/EnvironmentAssets/Materials/Sun/pngegg.uexp" 5775
"C:/Users/whart/OneDrive/Documents/GitHub/Unreal-Engine-C-/Content/Assets/EnvironmentAssets/Materials/Sun/SunBloom.uasset" 5776
"C:/Users/whart/OneDrive/Documents/GitHub/Unreal-Engine-C-/Content/Assets/EnvironmentAssets/Materials/Sun/SunBloom.uexp" 5777
"../../../Engine/Content/Functions/Engine_MaterialFunctions02/HueShift.uasset" 5778
"../../../Engine/Content/Functions/Engine_MaterialFunctions02/HueShift.uexp" 5779
"C:/Users/whart/OneDrive/Documents/GitHub/Unreal-Engine-C-/Content/EnvironmentAssets/Materials/Water/M_Water.uasset" 5780
"C:/Users/whart/OneDrive/Documents/GitHub/Unreal-Engine-C-/Content/EnvironmentAssets/Materials/Water/M_Water.uexp" 5781
"C:/Users/whart/OneDrive/Documents/GitHub/Unreal-Engine-C-/Content/EnvironmentAssets/Materials/Water/MI_Water.uasset" 5782
"C:/Users/whart/OneDrive/Documents/GitHub/Unreal-Engine-C-/Content/EnvironmentAssets/Materials/Water/MI_Water.uexp" 5783
"C:/Users/whart/OneDrive/Documents/GitHub/Unreal-Engine-C-/Content/Levels/Beach_sharedassets/WetSandLayer_LayerInfo.uasset" 5784
"C:/Users/whart/OneDrive/Documents/GitHub/Unreal-Engine-C-/Content/Levels/Beach_sharedassets/WetSandLayer_LayerInfo.uexp" 5785
"C:/Users/whart/OneDrive/Documents/GitHub/Unreal-Engine-C-/Content/M4/Foliage/Plants/Materials/Grass/Mobile/MaskedGrass-Mobile_INST1.uasset" 5786
"C:/Users/whart/OneDrive/Documents/GitHub/Unreal-Engine-C-/Content/M4/Foliage/Plants/Materials/Grass/Mobile/MaskedGrass-Mobile_INST1.uexp" 5787
"C:/Users/whart/OneDrive/Documents/GitHub/Unreal-Engine-C-/Content/M4/Foliage/Plants/Meshes/Grass/Mobile/LowPolyLawnGrass-Mobile1.uasset" 5788
"C:/Users/whart/OneDrive/Documents/GitHub/Unreal-Engine-C-/Content/M4/Foliage/Plants/Meshes/Grass/Mobile/LowPolyLawnGrass-Mobile1.uexp" 5789
"C:/Users/whart/OneDrive/Documents/GitHub/Unreal-Engine-C-/Content/M4/Maps/PaintWeights/Desert_Demo_sharedassets/Forest_LayerInfo.uasset" 5790
"C:/Users/whart/OneDrive/Documents/GitHub/Unreal-Engine-C-/Content/M4/Maps/PaintWeights/Desert_Demo_sharedassets/Forest_LayerInfo.uexp" 5791
"C:/Users/whart/OneDrive/Documents/GitHub/Unreal-Engine-C-/Content/M4/Maps/PaintWeights/Desert_Demo_sharedassets/Island-Multi-Biome_LayerInfo.uasset" 5792
"C:/Users/whart/OneDrive/Documents/GitHub/Unreal-Engine-C-/Content/M4/Maps/PaintWeights/Desert_Demo_sharedassets/Island-Multi-Biome_LayerInfo.uexp" 5793
"C:/Users/whart/OneDrive/Documents/GitHub/Unreal-Engine-C-/Content/M4/Maps/PaintWeights/Island_Demo_sharedassets/Sand_LayerInfo.uasset" 5794
"C:/Users/whart/OneDrive/Documents/GitHub/Unreal-Engine-C-/Content/M4/Maps/PaintWeights/Island_Demo_sharedassets/Sand_LayerInfo.uexp" 5795
"C:/Users/whart/OneDrive/Documents/GitHub/Unreal-Engine-C-/Content/M4/Maps/PaintWeights/Mobile_Demo_sharedassets/M-Dirt_LayerInfo.uasset" 5796
"C:/Users/whart/OneDrive/Documents/GitHub/Unreal-Engine-C-/Content/M4/Maps/PaintWeights/Mobile_Demo_sharedassets/M-Dirt_LayerInfo.uexp" 5797
"C:/Users/whart/OneDrive/Documents/GitHub/Unreal-Engine-C-/Content/M4/Maps/PaintWeights/Mobile_Demo_sharedassets/M-Jagged_Rock_LayerInfo.uasset" 5798
"C:/Users/whart/OneDrive/Documents/GitHub/Unreal-Engine-C-/Content/M4/Maps/PaintWeights/Mobile_Demo_sharedassets/M-Jagged_Rock_LayerInfo.uexp" 5799
"C:/Users/whart/OneDrive/Documents/GitHub/Unreal-Engine-C-/Content/M4/Maps/PaintWeights/NaniteTess_Demo_sharedassets/Mud_LayerInfo.uasset" 5800
"C:/Users/whart/OneDrive/Documents/GitHub/Unreal-Engine-C-/Content/M4/Maps/PaintWeights/NaniteTess_Demo_sharedassets/Mud_LayerInfo.uexp" 5801
"C:/Users/whart/OneDrive/Documents/GitHub/Unreal-Engine-C-/Content/M4/Maps/PaintWeights/NaniteTess_Demo_sharedassets/Stones_LayerInfo.uasset" 5802
"C:/Users/whart/OneDrive/Documents/GitHub/Unreal-Engine-C-/Content/M4/Maps/PaintWeights/NaniteTess_Demo_sharedassets/Stones_LayerInfo.uexp" 5803
"C:/Users/whart/OneDrive/Documents/GitHub/Unreal-Engine-C-/Content/M4/Maps/PaintWeights/Sounds_Demo_sharedassets/Grass_LayerInfo.uasset" 5804
"C:/Users/whart/OneDrive/Documents/GitHub/Unreal-Engine-C-/Content/M4/Maps/PaintWeights/Sounds_Demo_sharedassets/Grass_LayerInfo.uexp" 5805
"C:/Users/whart/OneDrive/Documents/GitHub/Unreal-Engine-C-/Content/M4/Maps/PaintWeights/Sounds_Demo_sharedassets/Tundra-Multi-Biome_LayerInfo.uasset" 5806
"C:/Users/whart/OneDrive/Documents/GitHub/Unreal-Engine-C-/Content/M4/Maps/PaintWeights/Sounds_Demo_sharedassets/Tundra-Multi-Biome_LayerInfo.uexp" 5807
"C:/Users/whart/OneDrive/Documents/GitHub/Unreal-Engine-C-/Content/M4/Maps/PaintWeights/TrailAndTrampleDemo_sharedassets/Desert-Multi-Biome_LayerInfo.uasset" 5808
"C:/Users/whart/OneDrive/Documents/GitHub/Unreal-Engine-C-/Content/M4/Maps/PaintWeights/TrailAndTrampleDemo_sharedassets/Desert-Multi-Biome_LayerInfo.uexp" 5809
"C:/Users/whart/OneDrive/Documents/GitHub/Unreal-Engine-C-/Content/M4/Maps/PaintWeights/TrailAndTrampleDemo_sharedassets/Flat_Ice_LayerInfo.uasset" 5810
"C:/Users/whart/OneDrive/Documents/GitHub/Unreal-Engine-C-/Content/M4/Maps/PaintWeights/TrailAndTrampleDemo_sharedassets/Flat_Ice_LayerInfo.uexp" 5811
"C:/Users/whart/OneDrive/Documents/GitHub/Unreal-Engine-C-/Content/PN_Banana/Textures/PivotPainter/banana_01_01_VEC.uasset" 5812
"C:/Users/whart/OneDrive/Documents/GitHub/Unreal-Engine-C-/Content/PN_Banana/Textures/PivotPainter/banana_01_01_VEC.uexp" 5813
"C:/Users/whart/OneDrive/Documents/GitHub/Unreal-Engine-C-/Content/PN_Banana/Textures/PivotPainter/banana_01_01_PIV.uasset" 5814
"C:/Users/whart/OneDrive/Documents/GitHub/Unreal-Engine-C-/Content/PN_Banana/Textures/PivotPainter/banana_01_01_PIV.uexp" 5815
"C:/Users/whart/OneDrive/Documents/GitHub/Unreal-Engine-C-/Content/PN_Banana/Materials/Material_Instances/small/MI_Banana_01_01.uasset" 5816
"C:/Users/whart/OneDrive/Documents/GitHub/Unreal-Engine-C-/Content/PN_Banana/Materials/Material_Instances/small/MI_Banana_01_01.uexp" 5817
"C:/Users/whart/OneDrive/Documents/GitHub/Unreal-Engine-C-/Content/PN_Banana/Meshes/plants/banana_01_01.uasset" 5818
"C:/Users/whart/OneDrive/Documents/GitHub/Unreal-Engine-C-/Content/PN_Banana/Meshes/plants/banana_01_01.uexp" 5819
"C:/Users/whart/OneDrive/Documents/GitHub/Unreal-Engine-C-/Content/PN_Banana/Textures/PivotPainter/banana_01_02_VEC.uasset" 5820
"C:/Users/whart/OneDrive/Documents/GitHub/Unreal-Engine-C-/Content/PN_Banana/Textures/PivotPainter/banana_01_02_VEC.uexp" 5821
"C:/Users/whart/OneDrive/Documents/GitHub/Unreal-Engine-C-/Content/PN_Banana/Textures/PivotPainter/banana_01_02_PIV.uasset" 5822
"C:/Users/whart/OneDrive/Documents/GitHub/Unreal-Engine-C-/Content/PN_Banana/Textures/PivotPainter/banana_01_02_PIV.uexp" 5823
"C:/Users/whart/OneDrive/Documents/GitHub/Unreal-Engine-C-/Content/PN_Banana/Materials/Material_Instances/small/MI_Banana_01_02.uasset" 5824
"C:/Users/whart/OneDrive/Documents/GitHub/Unreal-Engine-C-/Content/PN_Banana/Materials/Material_Instances/small/MI_Banana_01_02.uexp" 5825
"C:/Users/whart/OneDrive/Documents/GitHub/Unreal-Engine-C-/Content/PN_Banana/Meshes/plants/banana_01_02.uasset" 5826
"C:/Users/whart/OneDrive/Documents/GitHub/Unreal-Engine-C-/Content/PN_Banana/Meshes/plants/banana_01_02.uexp" 5827
"C:/Users/whart/OneDrive/Documents/GitHub/Unreal-Engine-C-/Content/PN_Banana/Textures/PivotPainter/banana_01_03_VEC.uasset" 5828
"C:/Users/whart/OneDrive/Documents/GitHub/Unreal-Engine-C-/Content/PN_Banana/Textures/PivotPainter/banana_01_03_VEC.uexp" 5829
"C:/Users/whart/OneDrive/Documents/GitHub/Unreal-Engine-C-/Content/PN_Banana/Textures/PivotPainter/banana_01_03_PIV.uasset" 5830
"C:/Users/whart/OneDrive/Documents/GitHub/Unreal-Engine-C-/Content/PN_Banana/Textures/PivotPainter/banana_01_03_PIV.uexp" 5831
"C:/Users/whart/OneDrive/Documents/GitHub/Unreal-Engine-C-/Content/PN_Banana/Materials/Material_Instances/big/MAI_Banana_01_03.uasset" 5832
"C:/Users/whart/OneDrive/Documents/GitHub/Unreal-Engine-C-/Content/PN_Banana/Materials/Material_Instances/big/MAI_Banana_01_03.uexp" 5833
"C:/Users/whart/OneDrive/Documents/GitHub/Unreal-Engine-C-/Content/PN_Banana/Materials/Material_Instances/big/MI_Banana_01_03_leaves.uasset" 5834
"C:/Users/whart/OneDrive/Documents/GitHub/Unreal-Engine-C-/Content/PN_Banana/Materials/Material_Instances/big/MI_Banana_01_03_leaves.uexp" 5835
"C:/Users/whart/OneDrive/Documents/GitHub/Unreal-Engine-C-/Content/PN_Banana/Materials/Material_Instances/big/MI_Banana_01_03_trunk.uasset" 5836
"C:/Users/whart/OneDrive/Documents/GitHub/Unreal-Engine-C-/Content/PN_Banana/Materials/Material_Instances/big/MI_Banana_01_03_trunk.uexp" 5837
"C:/Users/whart/OneDrive/Documents/GitHub/Unreal-Engine-C-/Content/PN_Banana/Meshes/plants/banana_01_03.uasset" 5838
"C:/Users/whart/OneDrive/Documents/GitHub/Unreal-Engine-C-/Content/PN_Banana/Meshes/plants/banana_01_03.uexp" 5839
"C:/Users/whart/OneDrive/Documents/GitHub/Unreal-Engine-C-/Content/PN_Banana/Textures/PivotPainter/banana_01_04_VEC.uasset" 5840
"C:/Users/whart/OneDrive/Documents/GitHub/Unreal-Engine-C-/Content/PN_Banana/Textures/PivotPainter/banana_01_04_VEC.uexp" 5841
"C:/Users/whart/OneDrive/Documents/GitHub/Unreal-Engine-C-/Content/PN_Banana/Textures/PivotPainter/banana_01_04_PIV.uasset" 5842
"C:/Users/whart/OneDrive/Documents/GitHub/Unreal-Engine-C-/Content/PN_Banana/Textures/PivotPainter/banana_01_04_PIV.uexp" 5843
"C:/Users/whart/OneDrive/Documents/GitHub/Unreal-Engine-C-/Content/PN_Banana/Materials/Material_Instances/big/MAI_Banana_01_04.uasset" 5844
"C:/Users/whart/OneDrive/Documents/GitHub/Unreal-Engine-C-/Content/PN_Banana/Materials/Material_Instances/big/MAI_Banana_01_04.uexp" 5845
"C:/Users/whart/OneDrive/Documents/GitHub/Unreal-Engine-C-/Content/PN_Banana/Materials/Material_Instances/big/MI_Banana_01_04_leaves.uasset" 5846
"C:/Users/whart/OneDrive/Documents/GitHub/Unreal-Engine-C-/Content/PN_Banana/Materials/Material_Instances/big/MI_Banana_01_04_leaves.uexp" 5847
"C:/Users/whart/OneDrive/Documents/GitHub/Unreal-Engine-C-/Content/PN_Banana/Materials/Material_Instances/big/MI_Banana_01_04_trunk.uasset" 5848
"C:/Users/whart/OneDrive/Documents/GitHub/Unreal-Engine-C-/Content/PN_Banana/Materials/Material_Instances/big/MI_Banana_01_04_trunk.uexp" 5849
"C:/Users/whart/OneDrive/Documents/GitHub/Unreal-Engine-C-/Content/PN_Banana/Meshes/plants/banana_01_04.uasset" 5850
"C:/Users/whart/OneDrive/Documents/GitHub/Unreal-Engine-C-/Content/PN_Banana/Meshes/plants/banana_01_04.uexp" 5851
"C:/Users/whart/OneDrive/Documents/GitHub/Unreal-Engine-C-/Content/PN_Banana/Textures/PivotPainter/banana_01_05_VEC.uasset" 5852
"C:/Users/whart/OneDrive/Documents/GitHub/Unreal-Engine-C-/Content/PN_Banana/Textures/PivotPainter/banana_01_05_VEC.uexp" 5853
"C:/Users/whart/OneDrive/Documents/GitHub/Unreal-Engine-C-/Content/PN_Banana/Textures/PivotPainter/banana_01_05_PIV.uasset" 5854
"C:/Users/whart/OneDrive/Documents/GitHub/Unreal-Engine-C-/Content/PN_Banana/Textures/PivotPainter/banana_01_05_PIV.uexp" 5855
"C:/Users/whart/OneDrive/Documents/GitHub/Unreal-Engine-C-/Content/PN_Banana/Materials/Material_Instances/big/MAI_Banana_01_05.uasset" 5856
"C:/Users/whart/OneDrive/Documents/GitHub/Unreal-Engine-C-/Content/PN_Banana/Materials/Material_Instances/big/MAI_Banana_01_05.uexp" 5857
"C:/Users/whart/OneDrive/Documents/GitHub/Unreal-Engine-C-/Content/PN_Banana/Materials/Material_Instances/big/MI_Banana_01_05_leaves.uasset" 5858
"C:/Users/whart/OneDrive/Documents/GitHub/Unreal-Engine-C-/Content/PN_Banana/Materials/Material_Instances/big/MI_Banana_01_05_leaves.uexp" 5859
"C:/Users/whart/OneDrive/Documents/GitHub/Unreal-Engine-C-/Content/PN_Banana/Materials/Material_Instances/big/MI_Banana_01_05_trunk.uasset" 5860
"C:/Users/whart/OneDrive/Documents/GitHub/Unreal-Engine-C-/Content/PN_Banana/Materials/Material_Instances/big/MI_Banana_01_05_trunk.uexp" 5861
"C:/Users/whart/OneDrive/Documents/GitHub/Unreal-Engine-C-/Content/PN_Banana/Meshes/plants/banana_01_05.uasset" 5862
"C:/Users/whart/OneDrive/Documents/GitHub/Unreal-Engine-C-/Content/PN_Banana/Meshes/plants/banana_01_05.uexp" 5863
"C:/Users/whart/OneDrive/Documents/GitHub/Unreal-Engine-C-/Content/PN_Banana/Textures/PivotPainter/banana_01_07_VEC.uasset" 5864
"C:/Users/whart/OneDrive/Documents/GitHub/Unreal-Engine-C-/Content/PN_Banana/Textures/PivotPainter/banana_01_07_VEC.uexp" 5865
"C:/Users/whart/OneDrive/Documents/GitHub/Unreal-Engine-C-/Content/PN_Banana/Textures/PivotPainter/banana_01_07_PIV.uasset" 5866
"C:/Users/whart/OneDrive/Documents/GitHub/Unreal-Engine-C-/Content/PN_Banana/Textures/PivotPainter/banana_01_07_PIV.uexp" 5867
"C:/Users/whart/OneDrive/Documents/GitHub/Unreal-Engine-C-/Content/PN_Banana/Materials/Material_Instances/big/MAI_Banana_01_07.uasset" 5868
"C:/Users/whart/OneDrive/Documents/GitHub/Unreal-Engine-C-/Content/PN_Banana/Materials/Material_Instances/big/MAI_Banana_01_07.uexp" 5869
"C:/Users/whart/OneDrive/Documents/GitHub/Unreal-Engine-C-/Content/PN_Banana/Materials/Material_Instances/big/MI_Banana_01_07_leaves.uasset" 5870
"C:/Users/whart/OneDrive/Documents/GitHub/Unreal-Engine-C-/Content/PN_Banana/Materials/Material_Instances/big/MI_Banana_01_07_leaves.uexp" 5871
"C:/Users/whart/OneDrive/Documents/GitHub/Unreal-Engine-C-/Content/PN_Banana/Materials/Material_Instances/big/MI_Banana_01_07_trunk.uasset" 5872
"C:/Users/whart/OneDrive/Documents/GitHub/Unreal-Engine-C-/Content/PN_Banana/Materials/Material_Instances/big/MI_Banana_01_07_trunk.uexp" 5873
"C:/Users/whart/OneDrive/Documents/GitHub/Unreal-Engine-C-/Content/PN_Banana/Meshes/plants/banana_01_07.uasset" 5874
"C:/Users/whart/OneDrive/Documents/GitHub/Unreal-Engine-C-/Content/PN_Banana/Meshes/plants/banana_01_07.uexp" 5875
"C:/Users/whart/OneDrive/Documents/GitHub/Unreal-Engine-C-/Content/PN_Banana/Textures/PivotPainter/banana_02_01_VEC.uasset" 5876
"C:/Users/whart/OneDrive/Documents/GitHub/Unreal-Engine-C-/Content/PN_Banana/Textures/PivotPainter/banana_02_01_VEC.uexp" 5877
"C:/Users/whart/OneDrive/Documents/GitHub/Unreal-Engine-C-/Content/PN_Banana/Textures/PivotPainter/banana_02_01_PIV.uasset" 5878
"C:/Users/whart/OneDrive/Documents/GitHub/Unreal-Engine-C-/Content/PN_Banana/Textures/PivotPainter/banana_02_01_PIV.uexp" 5879
"C:/Users/whart/OneDrive/Documents/GitHub/Unreal-Engine-C-/Content/PN_Banana/Materials/Material_Instances/small/MI_Banana_02_01.uasset" 5880
"C:/Users/whart/OneDrive/Documents/GitHub/Unreal-Engine-C-/Content/PN_Banana/Materials/Material_Instances/small/MI_Banana_02_01.uexp" 5881
"C:/Users/whart/OneDrive/Documents/GitHub/Unreal-Engine-C-/Content/PN_Banana/Meshes/plants/banana_02_01.uasset" 5882
"C:/Users/whart/OneDrive/Documents/GitHub/Unreal-Engine-C-/Content/PN_Banana/Meshes/plants/banana_02_01.uexp" 5883
"C:/Users/whart/OneDrive/Documents/GitHub/Unreal-Engine-C-/Content/PN_Banana/Textures/PivotPainter/banana_02_02_VEC.uasset" 5884
"C:/Users/whart/OneDrive/Documents/GitHub/Unreal-Engine-C-/Content/PN_Banana/Textures/PivotPainter/banana_02_02_VEC.uexp" 5885
"C:/Users/whart/OneDrive/Documents/GitHub/Unreal-Engine-C-/Content/PN_Banana/Textures/PivotPainter/banana_02_02_PIV.uasset" 5886
"C:/Users/whart/OneDrive/Documents/GitHub/Unreal-Engine-C-/Content/PN_Banana/Textures/PivotPainter/banana_02_02_PIV.uexp" 5887
"C:/Users/whart/OneDrive/Documents/GitHub/Unreal-Engine-C-/Content/PN_Banana/Materials/Material_Instances/small/MI_Banana_02_02.uasset" 5888
"C:/Users/whart/OneDrive/Documents/GitHub/Unreal-Engine-C-/Content/PN_Banana/Materials/Material_Instances/small/MI_Banana_02_02.uexp" 5889
"C:/Users/whart/OneDrive/Documents/GitHub/Unreal-Engine-C-/Content/PN_Banana/Meshes/plants/banana_02_02.uasset" 5890
"C:/Users/whart/OneDrive/Documents/GitHub/Unreal-Engine-C-/Content/PN_Banana/Meshes/plants/banana_02_02.uexp" 5891
"C:/Users/whart/OneDrive/Documents/GitHub/Unreal-Engine-C-/Content/PN_Banana/Textures/PivotPainter/banana_02_03_VEC.uasset" 5892
"C:/Users/whart/OneDrive/Documents/GitHub/Unreal-Engine-C-/Content/PN_Banana/Textures/PivotPainter/banana_02_03_VEC.uexp" 5893
"C:/Users/whart/OneDrive/Documents/GitHub/Unreal-Engine-C-/Content/PN_Banana/Textures/PivotPainter/banana_02_03_PIV.uasset" 5894
"C:/Users/whart/OneDrive/Documents/GitHub/Unreal-Engine-C-/Content/PN_Banana/Textures/PivotPainter/banana_02_03_PIV.uexp" 5895
"C:/Users/whart/OneDrive/Documents/GitHub/Unreal-Engine-C-/Content/PN_Banana/Materials/Material_Instances/big/MAI_Banana_02_03.uasset" 5896
"C:/Users/whart/OneDrive/Documents/GitHub/Unreal-Engine-C-/Content/PN_Banana/Materials/Material_Instances/big/MAI_Banana_02_03.uexp" 5897
"C:/Users/whart/OneDrive/Documents/GitHub/Unreal-Engine-C-/Content/PN_Banana/Materials/Material_Instances/big/MI_Banana_02_03_leaves.uasset" 5898
"C:/Users/whart/OneDrive/Documents/GitHub/Unreal-Engine-C-/Content/PN_Banana/Materials/Material_Instances/big/MI_Banana_02_03_leaves.uexp" 5899
"C:/Users/whart/OneDrive/Documents/GitHub/Unreal-Engine-C-/Content/PN_Banana/Materials/Material_Instances/big/MI_Banana_02_03_trunk.uasset" 5900
"C:/Users/whart/OneDrive/Documents/GitHub/Unreal-Engine-C-/Content/PN_Banana/Materials/Material_Instances/big/MI_Banana_02_03_trunk.uexp" 5901
"C:/Users/whart/OneDrive/Documents/GitHub/Unreal-Engine-C-/Content/PN_Banana/Meshes/plants/banana_02_03.uasset" 5902
"C:/Users/whart/OneDrive/Documents/GitHub/Unreal-Engine-C-/Content/PN_Banana/Meshes/plants/banana_02_03.uexp" 5903
"C:/Users/whart/OneDrive/Documents/GitHub/Unreal-Engine-C-/Content/PN_Banana/Textures/PivotPainter/banana_02_04_VEC.uasset" 5904
"C:/Users/whart/OneDrive/Documents/GitHub/Unreal-Engine-C-/Content/PN_Banana/Textures/PivotPainter/banana_02_04_VEC.uexp" 5905
"C:/Users/whart/OneDrive/Documents/GitHub/Unreal-Engine-C-/Content/PN_Banana/Textures/PivotPainter/banana_02_04_PIV.uasset" 5906
"C:/Users/whart/OneDrive/Documents/GitHub/Unreal-Engine-C-/Content/PN_Banana/Textures/PivotPainter/banana_02_04_PIV.uexp" 5907
"C:/Users/whart/OneDrive/Documents/GitHub/Unreal-Engine-C-/Content/PN_Banana/Materials/Material_Instances/big/MAI_Banana_02_04.uasset" 5908
"C:/Users/whart/OneDrive/Documents/GitHub/Unreal-Engine-C-/Content/PN_Banana/Materials/Material_Instances/big/MAI_Banana_02_04.uexp" 5909
"C:/Users/whart/OneDrive/Documents/GitHub/Unreal-Engine-C-/Content/PN_Banana/Materials/Material_Instances/big/MI_Banana_02_04_leaves.uasset" 5910
"C:/Users/whart/OneDrive/Documents/GitHub/Unreal-Engine-C-/Content/PN_Banana/Materials/Material_Instances/big/MI_Banana_02_04_leaves.uexp" 5911
"C:/Users/whart/OneDrive/Documents/GitHub/Unreal-Engine-C-/Content/PN_Banana/Materials/Material_Instances/big/MI_Banana_02_04_trunk.uasset" 5912
"C:/Users/whart/OneDrive/Documents/GitHub/Unreal-Engine-C-/Content/PN_Banana/Materials/Material_Instances/big/MI_Banana_02_04_trunk.uexp" 5913
"C:/Users/whart/OneDrive/Documents/GitHub/Unreal-Engine-C-/Content/PN_Banana/Meshes/plants/banana_02_04.uasset" 5914
"C:/Users/whart/OneDrive/Documents/GitHub/Unreal-Engine-C-/Content/PN_Banana/Meshes/plants/banana_02_04.uexp" 5915
"C:/Users/whart/OneDrive/Documents/GitHub/Unreal-Engine-C-/Content/PN_Banana/Textures/PivotPainter/banana_02_05_VEC.uasset" 5916
"C:/Users/whart/OneDrive/Documents/GitHub/Unreal-Engine-C-/Content/PN_Banana/Textures/PivotPainter/banana_02_05_VEC.uexp" 5917
"C:/Users/whart/OneDrive/Documents/GitHub/Unreal-Engine-C-/Content/PN_Banana/Textures/PivotPainter/banana_02_05_PIV.uasset" 5918
"C:/Users/whart/OneDrive/Documents/GitHub/Unreal-Engine-C-/Content/PN_Banana/Textures/PivotPainter/banana_02_05_PIV.uexp" 5919
"C:/Users/whart/OneDrive/Documents/GitHub/Unreal-Engine-C-/Content/PN_Banana/Materials/Material_Instances/big/MAI_Banana_02_05.uasset" 5920
"C:/Users/whart/OneDrive/Documents/GitHub/Unreal-Engine-C-/Content/PN_Banana/Materials/Material_Instances/big/MAI_Banana_02_05.uexp" 5921
"C:/Users/whart/OneDrive/Documents/GitHub/Unreal-Engine-C-/Content/PN_Banana/Materials/Material_Instances/big/MI_Banana_02_05_leaves.uasset" 5922
"C:/Users/whart/OneDrive/Documents/GitHub/Unreal-Engine-C-/Content/PN_Banana/Materials/Material_Instances/big/MI_Banana_02_05_leaves.uexp" 5923
"C:/Users/whart/OneDrive/Documents/GitHub/Unreal-Engine-C-/Content/PN_Banana/Materials/Material_Instances/big/MI_Banana_02_05_trunk.uasset" 5924
"C:/Users/whart/OneDrive/Documents/GitHub/Unreal-Engine-C-/Content/PN_Banana/Materials/Material_Instances/big/MI_Banana_02_05_trunk.uexp" 5925
"C:/Users/whart/OneDrive/Documents/GitHub/Unreal-Engine-C-/Content/PN_Banana/Meshes/plants/banana_02_05.uasset" 5926
"C:/Users/whart/OneDrive/Documents/GitHub/Unreal-Engine-C-/Content/PN_Banana/Meshes/plants/banana_02_05.uexp" 5927
"C:/Users/whart/OneDrive/Documents/GitHub/Unreal-Engine-C-/Content/PN_Banana/Textures/PivotPainter/banana_02_06_VEC.uasset" 5928
"C:/Users/whart/OneDrive/Documents/GitHub/Unreal-Engine-C-/Content/PN_Banana/Textures/PivotPainter/banana_02_06_VEC.uexp" 5929
"C:/Users/whart/OneDrive/Documents/GitHub/Unreal-Engine-C-/Content/PN_Banana/Textures/PivotPainter/banana_02_06_PIV.uasset" 5930
"C:/Users/whart/OneDrive/Documents/GitHub/Unreal-Engine-C-/Content/PN_Banana/Textures/PivotPainter/banana_02_06_PIV.uexp" 5931
"C:/Users/whart/OneDrive/Documents/GitHub/Unreal-Engine-C-/Content/PN_Banana/Materials/Material_Instances/big/MAI_Banana_02_06.uasset" 5932
"C:/Users/whart/OneDrive/Documents/GitHub/Unreal-Engine-C-/Content/PN_Banana/Materials/Material_Instances/big/MAI_Banana_02_06.uexp" 5933
"C:/Users/whart/OneDrive/Documents/GitHub/Unreal-Engine-C-/Content/PN_Banana/Materials/Material_Instances/big/MI_Banana_02_06_leaves.uasset" 5934
"C:/Users/whart/OneDrive/Documents/GitHub/Unreal-Engine-C-/Content/PN_Banana/Materials/Material_Instances/big/MI_Banana_02_06_leaves.uexp" 5935
"C:/Users/whart/OneDrive/Documents/GitHub/Unreal-Engine-C-/Content/PN_Banana/Materials/Material_Instances/big/MI_Banana_02_06_trunk.uasset" 5936
"C:/Users/whart/OneDrive/Documents/GitHub/Unreal-Engine-C-/Content/PN_Banana/Materials/Material_Instances/big/MI_Banana_02_06_trunk.uexp" 5937
"C:/Users/whart/OneDrive/Documents/GitHub/Unreal-Engine-C-/Content/PN_Banana/Meshes/plants/banana_02_06.uasset" 5938
"C:/Users/whart/OneDrive/Documents/GitHub/Unreal-Engine-C-/Content/PN_Banana/Meshes/plants/banana_02_06.uexp" 5939
"C:/Users/whart/OneDrive/Documents/GitHub/Unreal-Engine-C-/Content/PN_Banana/Textures/PivotPainter/banana_02_07_VEC.uasset" 5940
"C:/Users/whart/OneDrive/Documents/GitHub/Unreal-Engine-C-/Content/PN_Banana/Textures/PivotPainter/banana_02_07_VEC.uexp" 5941
"C:/Users/whart/OneDrive/Documents/GitHub/Unreal-Engine-C-/Content/PN_Banana/Textures/PivotPainter/banana_02_07_PIV.uasset" 5942
"C:/Users/whart/OneDrive/Documents/GitHub/Unreal-Engine-C-/Content/PN_Banana/Textures/PivotPainter/banana_02_07_PIV.uexp" 5943
"C:/Users/whart/OneDrive/Documents/GitHub/Unreal-Engine-C-/Content/PN_Banana/Materials/Material_Instances/big/MAI_Banana_02_07.uasset" 5944
"C:/Users/whart/OneDrive/Documents/GitHub/Unreal-Engine-C-/Content/PN_Banana/Materials/Material_Instances/big/MAI_Banana_02_07.uexp" 5945
"C:/Users/whart/OneDrive/Documents/GitHub/Unreal-Engine-C-/Content/PN_Banana/Materials/Material_Instances/big/MI_Banana_02_07_leaves.uasset" 5946
"C:/Users/whart/OneDrive/Documents/GitHub/Unreal-Engine-C-/Content/PN_Banana/Materials/Material_Instances/big/MI_Banana_02_07_leaves.uexp" 5947
"C:/Users/whart/OneDrive/Documents/GitHub/Unreal-Engine-C-/Content/PN_Banana/Materials/Material_Instances/big/MI_Banana_02_07_trunk.uasset" 5948
"C:/Users/whart/OneDrive/Documents/GitHub/Unreal-Engine-C-/Content/PN_Banana/Materials/Material_Instances/big/MI_Banana_02_07_trunk.uexp" 5949
"C:/Users/whart/OneDrive/Documents/GitHub/Unreal-Engine-C-/Content/PN_Banana/Meshes/plants/banana_02_07.uasset" 5950
"C:/Users/whart/OneDrive/Documents/GitHub/Unreal-Engine-C-/Content/PN_Banana/Meshes/plants/banana_02_07.uexp" 5951
"C:/Users/whart/OneDrive/Documents/GitHub/Unreal-Engine-C-/Content/PN_Banana/Materials/MA_BananaProps.uasset" 5952
"C:/Users/whart/OneDrive/Documents/GitHub/Unreal-Engine-C-/Content/PN_Banana/Materials/MA_BananaProps.uexp" 5953
"C:/Users/whart/OneDrive/Documents/GitHub/Unreal-Engine-C-/Content/PN_Banana/Materials/Material_Instances/props/MI_Props.uasset" 5954
"C:/Users/whart/OneDrive/Documents/GitHub/Unreal-Engine-C-/Content/PN_Banana/Materials/Material_Instances/props/MI_Props.uexp" 5955
"C:/Users/whart/OneDrive/Documents/GitHub/Unreal-Engine-C-/Content/PN_Banana/Meshes/props/rottenLeaves_01.uasset" 5956
"C:/Users/whart/OneDrive/Documents/GitHub/Unreal-Engine-C-/Content/PN_Banana/Meshes/props/rottenLeaves_01.uexp" 5957
"C:/Users/whart/OneDrive/Documents/GitHub/Unreal-Engine-C-/Content/PN_Banana/Meshes/props/rottenLeaves_02.uasset" 5958
"C:/Users/whart/OneDrive/Documents/GitHub/Unreal-Engine-C-/Content/PN_Banana/Meshes/props/rottenLeaves_02.uexp" 5959
"C:/Users/whart/OneDrive/Documents/GitHub/Unreal-Engine-C-/Content/PN_Pandanus/Materials/PN_WindParameters.uasset" 5960
"C:/Users/whart/OneDrive/Documents/GitHub/Unreal-Engine-C-/Content/PN_Pandanus/Materials/PN_WindParameters.uexp" 5961
"C:/Users/whart/OneDrive/Documents/GitHub/Unreal-Engine-C-/Content/PN_Pandanus/Materials/Material_Functions/PN_BendingParameters.uasset" 5962
"C:/Users/whart/OneDrive/Documents/GitHub/Unreal-Engine-C-/Content/PN_Pandanus/Materials/Material_Functions/PN_BendingParameters.uexp" 5963
"C:/Users/whart/OneDrive/Documents/GitHub/Unreal-Engine-C-/Content/PN_Pandanus/Materials/Material_Functions/PN_Bending.uasset" 5964
"C:/Users/whart/OneDrive/Documents/GitHub/Unreal-Engine-C-/Content/PN_Pandanus/Materials/Material_Functions/PN_Bending.uexp" 5965
"C:/Users/whart/OneDrive/Documents/GitHub/Unreal-Engine-C-/Content/PN_Pandanus/Materials/Material_Functions/PN_MultiBend.uasset" 5966
"C:/Users/whart/OneDrive/Documents/GitHub/Unreal-Engine-C-/Content/PN_Pandanus/Materials/Material_Functions/PN_MultiBend.uexp" 5967
"C:/Users/whart/OneDrive/Documents/GitHub/Unreal-Engine-C-/Content/PN_Pandanus/Materials/Material_Functions/PN_WindAnimation.uasset" 5968
"C:/Users/whart/OneDrive/Documents/GitHub/Unreal-Engine-C-/Content/PN_Pandanus/Materials/Material_Functions/PN_WindAnimation.uexp" 5969
"C:/Users/whart/OneDrive/Documents/GitHub/Unreal-Engine-C-/Content/PN_Pandanus/Materials/Material_Functions/PN_AnimationShader.uasset" 5970
"C:/Users/whart/OneDrive/Documents/GitHub/Unreal-Engine-C-/Content/PN_Pandanus/Materials/Material_Functions/PN_AnimationShader.uexp" 5971
"C:/Users/whart/OneDrive/Documents/GitHub/Unreal-Engine-C-/Content/PN_Pandanus/Textures/MasterTextures/Leaf_N.ubulk" 5972
"C:/Users/whart/OneDrive/Documents/GitHub/Unreal-Engine-C-/Content/PN_Pandanus/Textures/MasterTextures/Leaf_N.uasset" 5973
"C:/Users/whart/OneDrive/Documents/GitHub/Unreal-Engine-C-/Content/PN_Pandanus/Textures/MasterTextures/Leaf_N.uexp" 5974
"C:/Users/whart/OneDrive/Documents/GitHub/Unreal-Engine-C-/Content/PN_Pandanus/Textures/MasterTextures/Leaf_AORO.ubulk" 5975
"C:/Users/whart/OneDrive/Documents/GitHub/Unreal-Engine-C-/Content/PN_Pandanus/Textures/MasterTextures/Leaf_AORO.uasset" 5976
"C:/Users/whart/OneDrive/Documents/GitHub/Unreal-Engine-C-/Content/PN_Pandanus/Textures/MasterTextures/Leaf_AORO.uexp" 5977
"C:/Users/whart/OneDrive/Documents/GitHub/Unreal-Engine-C-/Content/PN_Pandanus/Textures/MasterTextures/Leaf_A.ubulk" 5978
"C:/Users/whart/OneDrive/Documents/GitHub/Unreal-Engine-C-/Content/PN_Pandanus/Textures/MasterTextures/Leaf_A.uasset" 5979
"C:/Users/whart/OneDrive/Documents/GitHub/Unreal-Engine-C-/Content/PN_Pandanus/Textures/MasterTextures/Leaf_A.uexp" 5980
"C:/Users/whart/OneDrive/Documents/GitHub/Unreal-Engine-C-/Content/PN_Pandanus/Textures/MasterTextures/Bark_N.ubulk" 5981
"C:/Users/whart/OneDrive/Documents/GitHub/Unreal-Engine-C-/Content/PN_Pandanus/Textures/MasterTextures/Bark_N.uasset" 5982
"C:/Users/whart/OneDrive/Documents/GitHub/Unreal-Engine-C-/Content/PN_Pandanus/Textures/MasterTextures/Bark_N.uexp" 5983
"C:/Users/whart/OneDrive/Documents/GitHub/Unreal-Engine-C-/Content/PN_Pandanus/Textures/MasterTextures/Bark_AORH.ubulk" 5984
"C:/Users/whart/OneDrive/Documents/GitHub/Unreal-Engine-C-/Content/PN_Pandanus/Textures/MasterTextures/Bark_AORH.uasset" 5985
"C:/Users/whart/OneDrive/Documents/GitHub/Unreal-Engine-C-/Content/PN_Pandanus/Textures/MasterTextures/Bark_AORH.uexp" 5986
"C:/Users/whart/OneDrive/Documents/GitHub/Unreal-Engine-C-/Content/PN_Pandanus/Textures/MasterTextures/Bark_A.ubulk" 5987
"C:/Users/whart/OneDrive/Documents/GitHub/Unreal-Engine-C-/Content/PN_Pandanus/Textures/MasterTextures/Bark_A.uasset" 5988
"C:/Users/whart/OneDrive/Documents/GitHub/Unreal-Engine-C-/Content/PN_Pandanus/Textures/MasterTextures/Bark_A.uexp" 5989
"C:/Users/whart/OneDrive/Documents/GitHub/Unreal-Engine-C-/Content/PN_Pandanus/Materials/MA_Pandanus.uasset" 5990
"C:/Users/whart/OneDrive/Documents/GitHub/Unreal-Engine-C-/Content/PN_Pandanus/Materials/MA_Pandanus.uexp" 5991
"C:/Users/whart/OneDrive/Documents/GitHub/Unreal-Engine-C-/Content/PN_Pandanus/Textures/PivotPainter/big/plant_01_VEC.uasset" 5992
"C:/Users/whart/OneDrive/Documents/GitHub/Unreal-Engine-C-/Content/PN_Pandanus/Textures/PivotPainter/big/plant_01_VEC.uexp" 5993
"C:/Users/whart/OneDrive/Documents/GitHub/Unreal-Engine-C-/Content/PN_Pandanus/Textures/PivotPainter/big/plant_01_PIV.uasset" 5994
"C:/Users/whart/OneDrive/Documents/GitHub/Unreal-Engine-C-/Content/PN_Pandanus/Textures/PivotPainter/big/plant_01_PIV.uexp" 5995
"C:/Users/whart/OneDrive/Documents/GitHub/Unreal-Engine-C-/Content/PN_Pandanus/Materials/Material_Instances/pandanus/big/MAI_Pandanus_plant_01.uasset" 5996
"C:/Users/whart/OneDrive/Documents/GitHub/Unreal-Engine-C-/Content/PN_Pandanus/Materials/Material_Instances/pandanus/big/MAI_Pandanus_plant_01.uexp" 5997
"C:/Users/whart/OneDrive/Documents/GitHub/Unreal-Engine-C-/Content/PN_Pandanus/Materials/Material_Instances/pandanus/big/MI_Pandanus_plant_01_leaves.uasset" 5998
"C:/Users/whart/OneDrive/Documents/GitHub/Unreal-Engine-C-/Content/PN_Pandanus/Materials/Material_Instances/pandanus/big/MI_Pandanus_plant_01_leaves.uexp" 5999
"C:/Users/whart/OneDrive/Documents/GitHub/Unreal-Engine-C-/Content/PN_Pandanus/Materials/Material_Instances/pandanus/big/MI_Pandanus_plant_01_trunk.uasset" 6000
"C:/Users/whart/OneDrive/Documents/GitHub/Unreal-Engine-C-/Content/PN_Pandanus/Materials/Material_Instances/pandanus/big/MI_Pandanus_plant_01_trunk.uexp" 6001
"C:/Users/whart/OneDrive/Documents/GitHub/Unreal-Engine-C-/Content/PN_Pandanus/Meshes/pandanus/big/bigplant_01.uasset" 6002
"C:/Users/whart/OneDrive/Documents/GitHub/Unreal-Engine-C-/Content/PN_Pandanus/Meshes/pandanus/big/bigplant_01.uexp" 6003
"C:/Users/whart/OneDrive/Documents/GitHub/Unreal-Engine-C-/Content/PN_Pandanus/Meshes/pandanus/big/bigplant_01_FoliageType.uasset" 6004
"C:/Users/whart/OneDrive/Documents/GitHub/Unreal-Engine-C-/Content/PN_Pandanus/Meshes/pandanus/big/bigplant_01_FoliageType.uexp" 6005
"C:/Users/whart/OneDrive/Documents/GitHub/Unreal-Engine-C-/Content/PN_Pandanus/Textures/PivotPainter/big/plant_02_VEC.uasset" 6006
"C:/Users/whart/OneDrive/Documents/GitHub/Unreal-Engine-C-/Content/PN_Pandanus/Textures/PivotPainter/big/plant_02_VEC.uexp" 6007
"C:/Users/whart/OneDrive/Documents/GitHub/Unreal-Engine-C-/Content/PN_Pandanus/Textures/PivotPainter/big/plant_02_PIV.uasset" 6008
"C:/Users/whart/OneDrive/Documents/GitHub/Unreal-Engine-C-/Content/PN_Pandanus/Textures/PivotPainter/big/plant_02_PIV.uexp" 6009
"C:/Users/whart/OneDrive/Documents/GitHub/Unreal-Engine-C-/Content/PN_Pandanus/Materials/Material_Instances/pandanus/big/MAI_Pandanus_plant_02.uasset" 6010
"C:/Users/whart/OneDrive/Documents/GitHub/Unreal-Engine-C-/Content/PN_Pandanus/Materials/Material_Instances/pandanus/big/MAI_Pandanus_plant_02.uexp" 6011
"C:/Users/whart/OneDrive/Documents/GitHub/Unreal-Engine-C-/Content/PN_Pandanus/Materials/Material_Instances/pandanus/big/MI_Pandanus_plant_02_leaves.uasset" 6012
"C:/Users/whart/OneDrive/Documents/GitHub/Unreal-Engine-C-/Content/PN_Pandanus/Materials/Material_Instances/pandanus/big/MI_Pandanus_plant_02_leaves.uexp" 6013
"C:/Users/whart/OneDrive/Documents/GitHub/Unreal-Engine-C-/Content/PN_Pandanus/Materials/Material_Instances/pandanus/big/MI_Pandanus_plant_02_trunk.uasset" 6014
"C:/Users/whart/OneDrive/Documents/GitHub/Unreal-Engine-C-/Content/PN_Pandanus/Materials/Material_Instances/pandanus/big/MI_Pandanus_plant_02_trunk.uexp" 6015
"C:/Users/whart/OneDrive/Documents/GitHub/Unreal-Engine-C-/Content/PN_Pandanus/Meshes/pandanus/big/bigplant_02.uasset" 6016
"C:/Users/whart/OneDrive/Documents/GitHub/Unreal-Engine-C-/Content/PN_Pandanus/Meshes/pandanus/big/bigplant_02.uexp" 6017
"C:/Users/whart/OneDrive/Documents/GitHub/Unreal-Engine-C-/Content/PN_Pandanus/Meshes/pandanus/big/bigplant_02_FoliageType.uasset" 6018
"C:/Users/whart/OneDrive/Documents/GitHub/Unreal-Engine-C-/Content/PN_Pandanus/Meshes/pandanus/big/bigplant_02_FoliageType.uexp" 6019
"C:/Users/whart/OneDrive/Documents/GitHub/Unreal-Engine-C-/Content/PN_Pandanus/Textures/PivotPainter/big/plant_03_VEC.uasset" 6020
"C:/Users/whart/OneDrive/Documents/GitHub/Unreal-Engine-C-/Content/PN_Pandanus/Textures/PivotPainter/big/plant_03_VEC.uexp" 6021
"C:/Users/whart/OneDrive/Documents/GitHub/Unreal-Engine-C-/Content/PN_Pandanus/Textures/PivotPainter/big/plant_03_PIV.uasset" 6022
"C:/Users/whart/OneDrive/Documents/GitHub/Unreal-Engine-C-/Content/PN_Pandanus/Textures/PivotPainter/big/plant_03_PIV.uexp" 6023
"C:/Users/whart/OneDrive/Documents/GitHub/Unreal-Engine-C-/Content/PN_Pandanus/Materials/Material_Instances/pandanus/big/MAI_Pandanus_plant_03.uasset" 6024
"C:/Users/whart/OneDrive/Documents/GitHub/Unreal-Engine-C-/Content/PN_Pandanus/Materials/Material_Instances/pandanus/big/MAI_Pandanus_plant_03.uexp" 6025
"C:/Users/whart/OneDrive/Documents/GitHub/Unreal-Engine-C-/Content/PN_Pandanus/Materials/Material_Instances/pandanus/big/MI_Pandanus_plant_03_leaves.uasset" 6026
"C:/Users/whart/OneDrive/Documents/GitHub/Unreal-Engine-C-/Content/PN_Pandanus/Materials/Material_Instances/pandanus/big/MI_Pandanus_plant_03_leaves.uexp" 6027
"C:/Users/whart/OneDrive/Documents/GitHub/Unreal-Engine-C-/Content/PN_Pandanus/Materials/Material_Instances/pandanus/big/MI_Pandanus_plant_03_trunk.uasset" 6028
"C:/Users/whart/OneDrive/Documents/GitHub/Unreal-Engine-C-/Content/PN_Pandanus/Materials/Material_Instances/pandanus/big/MI_Pandanus_plant_03_trunk.uexp" 6029
"C:/Users/whart/OneDrive/Documents/GitHub/Unreal-Engine-C-/Content/PN_Pandanus/Meshes/pandanus/big/bigplant_03.uasset" 6030
"C:/Users/whart/OneDrive/Documents/GitHub/Unreal-Engine-C-/Content/PN_Pandanus/Meshes/pandanus/big/bigplant_03.uexp" 6031
"C:/Users/whart/OneDrive/Documents/GitHub/Unreal-Engine-C-/Content/PN_Pandanus/Meshes/pandanus/big/bigplant_03_FoliageType.uasset" 6032
"C:/Users/whart/OneDrive/Documents/GitHub/Unreal-Engine-C-/Content/PN_Pandanus/Meshes/pandanus/big/bigplant_03_FoliageType.uexp" 6033
"C:/Users/whart/OneDrive/Documents/GitHub/Unreal-Engine-C-/Content/PN_Pandanus/Textures/PivotPainter/big/plant_04_VEC.uasset" 6034
"C:/Users/whart/OneDrive/Documents/GitHub/Unreal-Engine-C-/Content/PN_Pandanus/Textures/PivotPainter/big/plant_04_VEC.uexp" 6035
"C:/Users/whart/OneDrive/Documents/GitHub/Unreal-Engine-C-/Content/PN_Pandanus/Textures/PivotPainter/big/plant_04_PIV.uasset" 6036
"C:/Users/whart/OneDrive/Documents/GitHub/Unreal-Engine-C-/Content/PN_Pandanus/Textures/PivotPainter/big/plant_04_PIV.uexp" 6037
"C:/Users/whart/OneDrive/Documents/GitHub/Unreal-Engine-C-/Content/PN_Pandanus/Materials/Material_Instances/pandanus/big/MAI_Pandanus_plant_04.uasset" 6038
"C:/Users/whart/OneDrive/Documents/GitHub/Unreal-Engine-C-/Content/PN_Pandanus/Materials/Material_Instances/pandanus/big/MAI_Pandanus_plant_04.uexp" 6039
"C:/Users/whart/OneDrive/Documents/GitHub/Unreal-Engine-C-/Content/PN_Pandanus/Materials/Material_Instances/pandanus/big/MI_Pandanus_plant_04_leaves.uasset" 6040
"C:/Users/whart/OneDrive/Documents/GitHub/Unreal-Engine-C-/Content/PN_Pandanus/Materials/Material_Instances/pandanus/big/MI_Pandanus_plant_04_leaves.uexp" 6041
"C:/Users/whart/OneDrive/Documents/GitHub/Unreal-Engine-C-/Content/PN_Pandanus/Materials/Material_Instances/pandanus/big/MI_Pandanus_plant_04_trunk.uasset" 6042
"C:/Users/whart/OneDrive/Documents/GitHub/Unreal-Engine-C-/Content/PN_Pandanus/Materials/Material_Instances/pandanus/big/MI_Pandanus_plant_04_trunk.uexp" 6043
"C:/Users/whart/OneDrive/Documents/GitHub/Unreal-Engine-C-/Content/PN_Pandanus/Meshes/pandanus/big/bigplant_04.uasset" 6044
"C:/Users/whart/OneDrive/Documents/GitHub/Unreal-Engine-C-/Content/PN_Pandanus/Meshes/pandanus/big/bigplant_04.uexp" 6045
"C:/Users/whart/OneDrive/Documents/GitHub/Unreal-Engine-C-/Content/PN_Pandanus/Meshes/pandanus/big/bigplant_04_FoliageType.uasset" 6046
"C:/Users/whart/OneDrive/Documents/GitHub/Unreal-Engine-C-/Content/PN_Pandanus/Meshes/pandanus/big/bigplant_04_FoliageType.uexp" 6047
"C:/Users/whart/OneDrive/Documents/GitHub/Unreal-Engine-C-/Content/PN_Pandanus/Textures/PivotPainter/big/plant_05_VEC.uasset" 6048
"C:/Users/whart/OneDrive/Documents/GitHub/Unreal-Engine-C-/Content/PN_Pandanus/Textures/PivotPainter/big/plant_05_VEC.uexp" 6049
"C:/Users/whart/OneDrive/Documents/GitHub/Unreal-Engine-C-/Content/PN_Pandanus/Textures/PivotPainter/big/plant_05_PIV.uasset" 6050
"C:/Users/whart/OneDrive/Documents/GitHub/Unreal-Engine-C-/Content/PN_Pandanus/Textures/PivotPainter/big/plant_05_PIV.uexp" 6051
"C:/Users/whart/OneDrive/Documents/GitHub/Unreal-Engine-C-/Content/PN_Pandanus/Materials/Material_Instances/pandanus/big/MAI_Pandanus_plant_05.uasset" 6052
"C:/Users/whart/OneDrive/Documents/GitHub/Unreal-Engine-C-/Content/PN_Pandanus/Materials/Material_Instances/pandanus/big/MAI_Pandanus_plant_05.uexp" 6053
"C:/Users/whart/OneDrive/Documents/GitHub/Unreal-Engine-C-/Content/PN_Pandanus/Materials/Material_Instances/pandanus/big/MI_Pandanus_plant_05_leaves.uasset" 6054
"C:/Users/whart/OneDrive/Documents/GitHub/Unreal-Engine-C-/Content/PN_Pandanus/Materials/Material_Instances/pandanus/big/MI_Pandanus_plant_05_leaves.uexp" 6055
"C:/Users/whart/OneDrive/Documents/GitHub/Unreal-Engine-C-/Content/PN_Pandanus/Materials/Material_Instances/pandanus/big/MI_Pandanus_plant_05_trunk.uasset" 6056
"C:/Users/whart/OneDrive/Documents/GitHub/Unreal-Engine-C-/Content/PN_Pandanus/Materials/Material_Instances/pandanus/big/MI_Pandanus_plant_05_trunk.uexp" 6057
"C:/Users/whart/OneDrive/Documents/GitHub/Unreal-Engine-C-/Content/PN_Pandanus/Meshes/pandanus/big/bigplant_05.uasset" 6058
"C:/Users/whart/OneDrive/Documents/GitHub/Unreal-Engine-C-/Content/PN_Pandanus/Meshes/pandanus/big/bigplant_05.uexp" 6059
"C:/Users/whart/OneDrive/Documents/GitHub/Unreal-Engine-C-/Content/PN_Pandanus/Meshes/pandanus/big/bigplant_05_FoliageType.uasset" 6060
"C:/Users/whart/OneDrive/Documents/GitHub/Unreal-Engine-C-/Content/PN_Pandanus/Meshes/pandanus/big/bigplant_05_FoliageType.uexp" 6061
"C:/Users/whart/OneDrive/Documents/GitHub/Unreal-Engine-C-/Content/PN_Pandanus/Textures/PivotPainter/big/plant_06_VEC.uasset" 6062
"C:/Users/whart/OneDrive/Documents/GitHub/Unreal-Engine-C-/Content/PN_Pandanus/Textures/PivotPainter/big/plant_06_VEC.uexp" 6063
"C:/Users/whart/OneDrive/Documents/GitHub/Unreal-Engine-C-/Content/PN_Pandanus/Textures/PivotPainter/big/plant_06_PIV.uasset" 6064
"C:/Users/whart/OneDrive/Documents/GitHub/Unreal-Engine-C-/Content/PN_Pandanus/Textures/PivotPainter/big/plant_06_PIV.uexp" 6065
"C:/Users/whart/OneDrive/Documents/GitHub/Unreal-Engine-C-/Content/PN_Pandanus/Materials/Material_Instances/pandanus/big/MAI_Pandanus_plant_06.uasset" 6066
"C:/Users/whart/OneDrive/Documents/GitHub/Unreal-Engine-C-/Content/PN_Pandanus/Materials/Material_Instances/pandanus/big/MAI_Pandanus_plant_06.uexp" 6067
"C:/Users/whart/OneDrive/Documents/GitHub/Unreal-Engine-C-/Content/PN_Pandanus/Materials/Material_Instances/pandanus/big/MI_Pandanus_plant_06_leaves.uasset" 6068
"C:/Users/whart/OneDrive/Documents/GitHub/Unreal-Engine-C-/Content/PN_Pandanus/Materials/Material_Instances/pandanus/big/MI_Pandanus_plant_06_leaves.uexp" 6069
"C:/Users/whart/OneDrive/Documents/GitHub/Unreal-Engine-C-/Content/PN_Pandanus/Materials/Material_Instances/pandanus/big/MI_Pandanus_plant_06_trunk.uasset" 6070
"C:/Users/whart/OneDrive/Documents/GitHub/Unreal-Engine-C-/Content/PN_Pandanus/Materials/Material_Instances/pandanus/big/MI_Pandanus_plant_06_trunk.uexp" 6071
"C:/Users/whart/OneDrive/Documents/GitHub/Unreal-Engine-C-/Content/PN_Pandanus/Meshes/pandanus/big/bigplant_06.uasset" 6072
"C:/Users/whart/OneDrive/Documents/GitHub/Unreal-Engine-C-/Content/PN_Pandanus/Meshes/pandanus/big/bigplant_06.uexp" 6073
"C:/Users/whart/OneDrive/Documents/GitHub/Unreal-Engine-C-/Content/PN_Pandanus/Meshes/pandanus/big/bigplant_06_FoliageType.uasset" 6074
"C:/Users/whart/OneDrive/Documents/GitHub/Unreal-Engine-C-/Content/PN_Pandanus/Meshes/pandanus/big/bigplant_06_FoliageType.uexp" 6075
"C:/Users/whart/OneDrive/Documents/GitHub/Unreal-Engine-C-/Content/PN_Pandanus/Textures/PivotPainter/big/plant_07_VEC.uasset" 6076
"C:/Users/whart/OneDrive/Documents/GitHub/Unreal-Engine-C-/Content/PN_Pandanus/Textures/PivotPainter/big/plant_07_VEC.uexp" 6077
"C:/Users/whart/OneDrive/Documents/GitHub/Unreal-Engine-C-/Content/PN_Pandanus/Textures/PivotPainter/big/plant_07_PIV.uasset" 6078
"C:/Users/whart/OneDrive/Documents/GitHub/Unreal-Engine-C-/Content/PN_Pandanus/Textures/PivotPainter/big/plant_07_PIV.uexp" 6079
"C:/Users/whart/OneDrive/Documents/GitHub/Unreal-Engine-C-/Content/PN_Pandanus/Materials/Material_Instances/pandanus/big/MAI_Pandanus_plant_07.uasset" 6080
"C:/Users/whart/OneDrive/Documents/GitHub/Unreal-Engine-C-/Content/PN_Pandanus/Materials/Material_Instances/pandanus/big/MAI_Pandanus_plant_07.uexp" 6081
"C:/Users/whart/OneDrive/Documents/GitHub/Unreal-Engine-C-/Content/PN_Pandanus/Materials/Material_Instances/pandanus/big/MI_Pandanus_plant_07_leaves.uasset" 6082
"C:/Users/whart/OneDrive/Documents/GitHub/Unreal-Engine-C-/Content/PN_Pandanus/Materials/Material_Instances/pandanus/big/MI_Pandanus_plant_07_leaves.uexp" 6083
"C:/Users/whart/OneDrive/Documents/GitHub/Unreal-Engine-C-/Content/PN_Pandanus/Materials/Material_Instances/pandanus/big/MI_Pandanus_plant_07_trunk.uasset" 6084
"C:/Users/whart/OneDrive/Documents/GitHub/Unreal-Engine-C-/Content/PN_Pandanus/Materials/Material_Instances/pandanus/big/MI_Pandanus_plant_07_trunk.uexp" 6085
"C:/Users/whart/OneDrive/Documents/GitHub/Unreal-Engine-C-/Content/PN_Pandanus/Meshes/pandanus/big/bigplant_07.uasset" 6086
"C:/Users/whart/OneDrive/Documents/GitHub/Unreal-Engine-C-/Content/PN_Pandanus/Meshes/pandanus/big/bigplant_07.uexp" 6087
"C:/Users/whart/OneDrive/Documents/GitHub/Unreal-Engine-C-/Content/PN_Pandanus/Meshes/pandanus/big/bigplant_07_FoliageType.uasset" 6088
"C:/Users/whart/OneDrive/Documents/GitHub/Unreal-Engine-C-/Content/PN_Pandanus/Meshes/pandanus/big/bigplant_07_FoliageType.uexp" 6089
"C:/Users/whart/OneDrive/Documents/GitHub/Unreal-Engine-C-/Content/PN_Pandanus/Materials/MA_PandanusProps.uasset" 6090
"C:/Users/whart/OneDrive/Documents/GitHub/Unreal-Engine-C-/Content/PN_Pandanus/Materials/MA_PandanusProps.uexp" 6091
"C:/Users/whart/OneDrive/Documents/GitHub/Unreal-Engine-C-/Content/PN_Pandanus/Materials/Material_Instances/pandanus/props/MI_PandanusProps.uasset" 6092
"C:/Users/whart/OneDrive/Documents/GitHub/Unreal-Engine-C-/Content/PN_Pandanus/Materials/Material_Instances/pandanus/props/MI_PandanusProps.uexp" 6093
"C:/Users/whart/OneDrive/Documents/GitHub/Unreal-Engine-C-/Content/PN_Pandanus/Meshes/pandanus/props/groundProp_01.uasset" 6094
"C:/Users/whart/OneDrive/Documents/GitHub/Unreal-Engine-C-/Content/PN_Pandanus/Meshes/pandanus/props/groundProp_01.uexp" 6095
"C:/Users/whart/OneDrive/Documents/GitHub/Unreal-Engine-C-/Content/PN_Pandanus/Meshes/pandanus/props/groundProp_01_FoliageType.uasset" 6096
"C:/Users/whart/OneDrive/Documents/GitHub/Unreal-Engine-C-/Content/PN_Pandanus/Meshes/pandanus/props/groundProp_01_FoliageType.uexp" 6097
"C:/Users/whart/OneDrive/Documents/GitHub/Unreal-Engine-C-/Content/PN_Pandanus/Meshes/pandanus/props/groundProp_02.uasset" 6098
"C:/Users/whart/OneDrive/Documents/GitHub/Unreal-Engine-C-/Content/PN_Pandanus/Meshes/pandanus/props/groundProp_02.uexp" 6099
"C:/Users/whart/OneDrive/Documents/GitHub/Unreal-Engine-C-/Content/PN_Pandanus/Meshes/pandanus/props/groundProp_03.uasset" 6100
"C:/Users/whart/OneDrive/Documents/GitHub/Unreal-Engine-C-/Content/PN_Pandanus/Meshes/pandanus/props/groundProp_03.uexp" 6101
"C:/Users/whart/OneDrive/Documents/GitHub/Unreal-Engine-C-/Content/PN_Pandanus/Textures/PivotPainter/small/ground_01_VEC.uasset" 6102
"C:/Users/whart/OneDrive/Documents/GitHub/Unreal-Engine-C-/Content/PN_Pandanus/Textures/PivotPainter/small/ground_01_VEC.uexp" 6103
"C:/Users/whart/OneDrive/Documents/GitHub/Unreal-Engine-C-/Content/PN_Pandanus/Textures/PivotPainter/small/ground_01_PIV.uasset" 6104
"C:/Users/whart/OneDrive/Documents/GitHub/Unreal-Engine-C-/Content/PN_Pandanus/Textures/PivotPainter/small/ground_01_PIV.uexp" 6105
"C:/Users/whart/OneDrive/Documents/GitHub/Unreal-Engine-C-/Content/PN_Pandanus/Materials/Material_Instances/pandanus/small/MI_Pandanus_ground_01.uasset" 6106
"C:/Users/whart/OneDrive/Documents/GitHub/Unreal-Engine-C-/Content/PN_Pandanus/Materials/Material_Instances/pandanus/small/MI_Pandanus_ground_01.uexp" 6107
"C:/Users/whart/OneDrive/Documents/GitHub/Unreal-Engine-C-/Content/PN_Pandanus/Meshes/pandanus/small/groundPlant_01.uasset" 6108
"C:/Users/whart/OneDrive/Documents/GitHub/Unreal-Engine-C-/Content/PN_Pandanus/Meshes/pandanus/small/groundPlant_01.uexp" 6109
"C:/Users/whart/OneDrive/Documents/GitHub/Unreal-Engine-C-/Content/PN_Pandanus/Meshes/pandanus/small/groundPlant_01_FoliageType.uasset" 6110
"C:/Users/whart/OneDrive/Documents/GitHub/Unreal-Engine-C-/Content/PN_Pandanus/Meshes/pandanus/small/groundPlant_01_FoliageType.uexp" 6111
"C:/Users/whart/OneDrive/Documents/GitHub/Unreal-Engine-C-/Content/PN_Pandanus/Textures/PivotPainter/small/ground_02_VEC.uasset" 6112
"C:/Users/whart/OneDrive/Documents/GitHub/Unreal-Engine-C-/Content/PN_Pandanus/Textures/PivotPainter/small/ground_02_VEC.uexp" 6113
"C:/Users/whart/OneDrive/Documents/GitHub/Unreal-Engine-C-/Content/PN_Pandanus/Textures/PivotPainter/small/ground_02_PIV.uasset" 6114
"C:/Users/whart/OneDrive/Documents/GitHub/Unreal-Engine-C-/Content/PN_Pandanus/Textures/PivotPainter/small/ground_02_PIV.uexp" 6115
"C:/Users/whart/OneDrive/Documents/GitHub/Unreal-Engine-C-/Content/PN_Pandanus/Materials/Material_Instances/pandanus/small/MI_Pandanus_ground_02.uasset" 6116
"C:/Users/whart/OneDrive/Documents/GitHub/Unreal-Engine-C-/Content/PN_Pandanus/Materials/Material_Instances/pandanus/small/MI_Pandanus_ground_02.uexp" 6117
"C:/Users/whart/OneDrive/Documents/GitHub/Unreal-Engine-C-/Content/PN_Pandanus/Meshes/pandanus/small/groundPlant_02.uasset" 6118
"C:/Users/whart/OneDrive/Documents/GitHub/Unreal-Engine-C-/Content/PN_Pandanus/Meshes/pandanus/small/groundPlant_02.uexp" 6119
"C:/Users/whart/OneDrive/Documents/GitHub/Unreal-Engine-C-/Content/PN_Pandanus/Meshes/pandanus/small/groundPlant_02_FoliageType.uasset" 6120
"C:/Users/whart/OneDrive/Documents/GitHub/Unreal-Engine-C-/Content/PN_Pandanus/Meshes/pandanus/small/groundPlant_02_FoliageType.uexp" 6121
"C:/Users/whart/OneDrive/Documents/GitHub/Unreal-Engine-C-/Content/PN_Pandanus/Textures/PivotPainter/small/ground_03_VEC.uasset" 6122
"C:/Users/whart/OneDrive/Documents/GitHub/Unreal-Engine-C-/Content/PN_Pandanus/Textures/PivotPainter/small/ground_03_VEC.uexp" 6123
"C:/Users/whart/OneDrive/Documents/GitHub/Unreal-Engine-C-/Content/PN_Pandanus/Textures/PivotPainter/small/ground_03_PIV.uasset" 6124
"C:/Users/whart/OneDrive/Documents/GitHub/Unreal-Engine-C-/Content/PN_Pandanus/Textures/PivotPainter/small/ground_03_PIV.uexp" 6125
"C:/Users/whart/OneDrive/Documents/GitHub/Unreal-Engine-C-/Content/PN_Pandanus/Materials/Material_Instances/pandanus/small/MI_Pandanus_ground_03.uasset" 6126
"C:/Users/whart/OneDrive/Documents/GitHub/Unreal-Engine-C-/Content/PN_Pandanus/Materials/Material_Instances/pandanus/small/MI_Pandanus_ground_03.uexp" 6127
"C:/Users/whart/OneDrive/Documents/GitHub/Unreal-Engine-C-/Content/PN_Pandanus/Meshes/pandanus/small/groundPlant_03.uasset" 6128
"C:/Users/whart/OneDrive/Documents/GitHub/Unreal-Engine-C-/Content/PN_Pandanus/Meshes/pandanus/small/groundPlant_03.uexp" 6129
"C:/Users/whart/OneDrive/Documents/GitHub/Unreal-Engine-C-/Content/PN_Pandanus/Meshes/pandanus/small/groundPlant_03_FoliageType.uasset" 6130
"C:/Users/whart/OneDrive/Documents/GitHub/Unreal-Engine-C-/Content/PN_Pandanus/Meshes/pandanus/small/groundPlant_03_FoliageType.uexp" 6131
"C:/Users/whart/OneDrive/Documents/GitHub/Unreal-Engine-C-/Content/Levels/Beach.uexp" 6132
"C:/Users/whart/OneDrive/Documents/GitHub/Unreal-Engine-C-/Content/Levels/Beach.ubulk" 6133
"C:/Users/whart/OneDrive/Documents/GitHub/Unreal-Engine-C-/Content/Levels/Beach.umap" 6134
"C:/Users/whart/OneDrive/Documents/GitHub/Unreal-Engine-C-/Content/SFX/AnimusMusic.ubulk" 6135
"C:/Users/whart/OneDrive/Documents/GitHub/Unreal-Engine-C-/Content/SFX/AnimusMusic.uasset" 6136
"C:/Users/whart/OneDrive/Documents/GitHub/Unreal-Engine-C-/Content/SFX/AnimusMusic.uexp" 6137
"C:/Users/whart/OneDrive/Documents/GitHub/Unreal-Engine-C-/Content/Levels/Animus_BuiltData.ubulk" 6138
"C:/Users/whart/OneDrive/Documents/GitHub/Unreal-Engine-C-/Content/Levels/Animus_BuiltData.uasset" 6139
"C:/Users/whart/OneDrive/Documents/GitHub/Unreal-Engine-C-/Content/Levels/Animus_BuiltData.uexp" 6140
"../../../Engine/Plugins/FX/Niagara/Content/DefaultAssets/DefaultSpriteMaterial.uasset" 6141
"../../../Engine/Plugins/FX/Niagara/Content/DefaultAssets/DefaultSpriteMaterial.uexp" 6142
"../../../Engine/Plugins/FX/Niagara/Content/VectorFields/Assets/TilingCurl32.uasset" 6143
"../../../Engine/Plugins/FX/Niagara/Content/VectorFields/Assets/TilingCurl32.uexp" 6144
"C:/Users/whart/OneDrive/Documents/GitHub/Unreal-Engine-C-/Content/Assets/EnvironmentAssets/FX/Dust_System.uasset" 6145
"C:/Users/whart/OneDrive/Documents/GitHub/Unreal-Engine-C-/Content/Assets/EnvironmentAssets/FX/Dust_System.uexp" 6146
"C:/Users/whart/OneDrive/Documents/GitHub/Unreal-Engine-C-/Content/Assets/EnvironmentAssets/FX/Grid_System.uasset" 6147
"C:/Users/whart/OneDrive/Documents/GitHub/Unreal-Engine-C-/Content/Assets/EnvironmentAssets/FX/Grid_System.uexp" 6148
"C:/Users/whart/OneDrive/Documents/GitHub/Unreal-Engine-C-/Content/Assets/EnvironmentAssets/FX/Lines1_System.uasset" 6149
"C:/Users/whart/OneDrive/Documents/GitHub/Unreal-Engine-C-/Content/Assets/EnvironmentAssets/FX/Lines1_System.uexp" 6150
"C:/Users/whart/OneDrive/Documents/GitHub/Unreal-Engine-C-/Content/Assets/EnvironmentAssets/FX/Lines_System.uasset" 6151
"C:/Users/whart/OneDrive/Documents/GitHub/Unreal-Engine-C-/Content/Assets/EnvironmentAssets/FX/Lines_System.uexp" 6152
"C:/Users/whart/OneDrive/Documents/GitHub/Unreal-Engine-C-/Content/Assets/EnvironmentAssets/Materials/Animus/gridinvert.uasset" 6153
"C:/Users/whart/OneDrive/Documents/GitHub/Unreal-Engine-C-/Content/Assets/EnvironmentAssets/Materials/Animus/gridinvert.uexp" 6154
"C:/Users/whart/OneDrive/Documents/GitHub/Unreal-Engine-C-/Content/Assets/EnvironmentAssets/Materials/Animus/Floor.uasset" 6155
"C:/Users/whart/OneDrive/Documents/GitHub/Unreal-Engine-C-/Content/Assets/EnvironmentAssets/Materials/Animus/Floor.uexp" 6156
"C:/Users/whart/OneDrive/Documents/GitHub/Unreal-Engine-C-/Content/Assets/EnvironmentAssets/Materials/Animus/Reflective.uasset" 6157
"C:/Users/whart/OneDrive/Documents/GitHub/Unreal-Engine-C-/Content/Assets/EnvironmentAssets/Materials/Animus/Reflective.uexp" 6158
"C:/Users/whart/OneDrive/Documents/GitHub/Unreal-Engine-C-/Content/Assets/Portals/Beach.uasset" 6159
"C:/Users/whart/OneDrive/Documents/GitHub/Unreal-Engine-C-/Content/Assets/Portals/Beach.uexp" 6160
"C:/Users/whart/OneDrive/Documents/GitHub/Unreal-Engine-C-/Content/Assets/Portals/MI_Portal_Beach.uasset" 6161
"C:/Users/whart/OneDrive/Documents/GitHub/Unreal-Engine-C-/Content/Assets/Portals/MI_Portal_Beach.uexp" 6162
"C:/Users/whart/OneDrive/Documents/GitHub/Unreal-Engine-C-/Content/Assets/Portals/Desert.uasset" 6163
"C:/Users/whart/OneDrive/Documents/GitHub/Unreal-Engine-C-/Content/Assets/Portals/Desert.uexp" 6164
"C:/Users/whart/OneDrive/Documents/GitHub/Unreal-Engine-C-/Content/Assets/Portals/MI_Portal_Desert.uasset" 6165
"C:/Users/whart/OneDrive/Documents/GitHub/Unreal-Engine-C-/Content/Assets/Portals/MI_Portal_Desert.uexp" 6166
"C:/Users/whart/OneDrive/Documents/GitHub/Unreal-Engine-C-/Content/Assets/Portals/Portal_BeachLevel.uasset" 6167
"C:/Users/whart/OneDrive/Documents/GitHub/Unreal-Engine-C-/Content/Assets/Portals/Portal_BeachLevel.uexp" 6168
"C:/Users/whart/OneDrive/Documents/GitHub/Unreal-Engine-C-/Content/Assets/Portals/Portal_DesertLevel.uasset" 6169
"C:/Users/whart/OneDrive/Documents/GitHub/Unreal-Engine-C-/Content/Assets/Portals/Portal_DesertLevel.uexp" 6170
"C:/Users/whart/OneDrive/Documents/GitHub/Unreal-Engine-C-/Content/Assets/Portals/Portal_Forest.uasset" 6171
"C:/Users/whart/OneDrive/Documents/GitHub/Unreal-Engine-C-/Content/Assets/Portals/Portal_Forest.uexp" 6172
"C:/Users/whart/OneDrive/Documents/GitHub/Unreal-Engine-C-/Content/Assets/Portals/MI_Portal_Instance_Forest.uasset" 6173
"C:/Users/whart/OneDrive/Documents/GitHub/Unreal-Engine-C-/Content/Assets/Portals/MI_Portal_Instance_Forest.uexp" 6174
"C:/Users/whart/OneDrive/Documents/GitHub/Unreal-Engine-C-/Content/Assets/Portals/Portal_ForestLevel.uasset" 6175
"C:/Users/whart/OneDrive/Documents/GitHub/Unreal-Engine-C-/Content/Assets/Portals/Portal_ForestLevel.uexp" 6176
"C:/Users/whart/OneDrive/Documents/GitHub/Unreal-Engine-C-/Content/Levels/Animus.uexp" 6177
"C:/Users/whart/OneDrive/Documents/GitHub/Unreal-Engine-C-/Content/Levels/Animus.umap" 6178
